577,477,541,583,406,128,41,506,428,570,443,277,407,447,416,331,571,573,33,122,65,84,132,127,269,130,40,589,575,19,510,70,273,561,572,274,134,309,131,576,413,56,448,172,310,174,37,411,574,6,Pass/Fail,Time
14.9509,5.8142,11.5074,0.0118,14.2396,3.188,4.515,0.0,3.275,533.85,0.6288,2.5883,1.4392,0.4576,2.738,0.0752,2.1113,0.3157,9.5126,2.639,29.5367,0.132,2.2967,0.4098,4.5152,0.7243,61.29,71.9005,0.1026,12.519,64.6707,608.17,15.9525,42.3877,8.95,110.2144,39.2373,0.1343,0.996,1.6765,29.0271,0.9317,0.1362,0.3183,0.367,0.3184,66.3141,2.1118,3.0624,97.6133,-1,2008-07-19 11:55:00
10.9003,5.8042,9.5796,0.0223,10.5837,3.272,2.773,0.0,2.8088,535.0164,0.8123,1.8459,1.0323,0.2645,3.93,0.0778,2.4335,0.2653,9.7997,2.541,27.6301,0.1358,2.2932,0.4138,3.6327,0.8122,78.25,208.2045,0.0772,12.4608,141.4365,620.3582,17.4008,18.1087,5.92,83.5542,37.9213,0.1667,0.9985,1.1065,27.7464,0.9324,0.2751,0.4115,0.3752,0.4115,64.9193,2.5197,2.0111,102.3433,-1,2008-07-19 12:32:00
9.2721,9.1221,9.3046,0.0157,11.4871,3.272,5.434,0.0,3.7479,535.0245,0.6263,2.5274,1.1798,0.3194,3.0609,0.0243,2.0293,0.1882,8.658999999999999,2.8819999999999997,24.2829,0.1362,2.2592,0.4777,3.9133,0.8194,14.37,82.8602,0.064,12.5404,240.7767,625.9636,15.7716,24.7524,11.21,97.3868,42.0579,0.1288,0.9978,2.0952,21.6062,0.9139,0.2748,0.3141,0.3677,0.3141,65.8389,2.0627,4.0923,95.4878,1,2008-07-19 13:17:00
8.5831,6.4746,7.7754,0.0103,13.3972,3.119,1.279,0.0,2.8049,530.5682,0.5183,2.1775,1.1907,0.2829,2.4643,0.0243,2.0253,0.1738,8.6789,3.1319999999999997,23.4736,0.1302,2.3802,0.5176,3.1959,0.7244,76.9,73.8432,0.0525,12.4782,113.5593,625.2945,16.9347,62.7572,9.33,50.3631,41.1025,0.1004,0.9961,1.7585,14.5054,0.9139,0.3332,0.2618,0.3465,0.2618,65.1951,2.1737,2.8971,104.2367,-1,2008-07-19 14:43:00
10.9698,6.1979,9.4805,0.4766,7.1493,3.299,2.209,0.0,3.4473,532.0155,0.6076,1.0929,1.1704,0.1518,3.3208,0.0822,2.0275,0.2224,8.7677,3.148,44.1498,0.1342,2.3715,0.5328,3.6163,0.778,76.39,73.8432,0.0706,12.4735,148.0663,645.7636,17.4864,22.05,8.83,88.7672,38.1448,0.1354,1.001,1.6597,24.4142,0.9298,0.7592,0.3053,0.3072,0.3053,66.1542,2.185,3.1776,100.3967,-1,2008-07-19 15:22:00
13.7755,8.5143,9.5796,0.0189,10.5837,3.272,3.0239999999999996,0.0,3.6019,534.2091,0.7559999999999999,1.0929,1.0323,0.3205,3.3208,0.0789,2.3236,0.3201,9.6484,2.541,18.3685,0.1417,2.2932,0.4138,3.6327,0.8122,59.94,44.0077,0.0899,12.4935,68.7351,635.4936,17.4864,30.6277,8.91,88.7672,37.9213,0.1515,0.9985,1.6679,24.4142,0.9316,0.1864,0.3824,0.2839,0.3824,66.2949,2.185,2.2598,100.3967,-1,2008-07-19 17:53:00
8.3645,8.8016,7.5762,0.0143,9.5342,3.383,3.978,0.0,2.8088,541.9036,0.7020000000000001,1.8459,0.8583,0.2042,3.93,0.0778,2.4229,0.2027,9.1502,2.575,26.2754,0.1479,2.3216,0.4162,2.8,0.7589,74.46,44.0077,0.0597,12.4608,159.5238,618.2745,17.4008,51.4535,6.48,83.5542,36.9578,0.1513,0.9966,1.1958,27.7464,0.9324,0.8739,0.353,0.3015,0.353,66.2237,2.5197,2.2019,102.3433,-1,2008-07-19 19:44:00
16.0862,11.8759,7.1665,0.0106,10.8717,3.4419999999999997,2.6710000000000003,0.0,3.8319,493.0054,0.8391,2.7959,0.7909999999999999,0.353,2.8699,0.0789,2.2008,0.354,8.7289,2.27,15.3094,0.1369999999999999,2.3437,0.3273,2.9057,0.7863,78.09,95.031,0.126,12.5263,79.1209,635.8891,19.9839,43.0771,278.19,92.8285,40.5458,0.1666,0.9951,56.4274,7.321000000000001,0.9316,0.1887,0.4235,0.3539,0.4236,65.0665,2.4679,92.5866,106.24,-1,2008-07-19 19:45:00
14.2892,4.9673,7.1665,0.0172,10.8717,3.4419999999999997,3.217,0.0,3.8319,535.1818,0.8602,2.7959,0.7909999999999999,0.2841,2.8699,0.0789,2.217,0.3168,9.6234,2.27,19.9475,0.1369999999999999,2.3437,0.3273,2.9057,0.7863,61.1,111.6525,0.0878,12.5263,138.5827,632.5727,19.9839,13.9158,7.09,92.8285,40.5458,0.1588,0.9951,1.3248,7.321000000000001,0.9316,0.1925,0.4343,0.3279999999999999,0.4343,66.3322,2.4679,2.4902,106.24,-1,2008-07-19 20:24:00
7.4181,16.9701,7.1665,0.0152,10.8717,3.4419999999999997,2.6710000000000003,0.0,3.8319,533.42,0.8391,2.7959,0.7909999999999999,0.353,2.8699,0.0789,2.2598,0.1676,8.7289,2.27,18.1525,0.135,2.3437,0.3273,2.9057,0.7863,78.09,90.2294,0.0485,12.5263,86.0068,638.63,19.9839,20.9776,3.54,92.8285,40.5458,0.1666,0.9951,0.6636,7.321000000000001,0.9316,0.1887,0.4235,0.3539,0.4236,65.0665,2.4679,1.0395,106.24,-1,2008-07-19 21:35:00
14.5507,8.8454,9.4805,0.0158,7.1493,3.299,5.434,0.0,3.6899,532.1764,0.6263,2.0875,1.1704,0.3194,3.0263,0.6542,1.8715,0.2723,8.658999999999999,3.148,16.9061,0.1355,2.3715,0.5328,3.6163,0.778,14.37,57.8122,0.0862,12.4663,87.1111,617.6045,18.0919,53.157,9.5699,120.7408,38.1448,0.1288,1.001,1.7983,8.7145,0.9241,0.2748,0.3141,0.3677,0.3141,65.8389,2.419,3.3618,103.34,1,2008-07-19 21:57:00
12.8058,8.3929,9.1512,0.0427,9.4089,3.267,3.217,0.0,3.8319,533.7464,0.8602,2.4003,1.6248,0.2841,3.8989,0.0789,2.1865,0.28,9.6234,2.661,21.6833,0.132,2.2764,0.4467,4.1301,0.8038,61.1,75.5077,0.0841,12.5263,67.9406,635.6382,16.6372,42.3877,7.74,87.4243,45.1318,0.1588,0.9992,1.4501,27.8475,0.9316,0.1925,0.4343,0.3279999999999999,0.4343,66.3322,2.3541,2.8659,97.9156,1,2008-07-19 22:52:00
6.5577,4.5258,7.5762,0.0153,9.5342,3.383,1.279,0.0,3.221,530.18,0.5183,2.0875,0.8583,0.2829,3.0263,0.0243,1.969,0.1291,8.6789,2.575,25.5177,0.1323,2.3216,0.4162,2.8,0.7589,76.9,52.2039,0.0469,12.4186,94.8247,627.5409,18.0919,62.7572,9.95,120.7408,36.9578,0.1004,0.9966,1.8767,8.7145,0.9139,0.3332,0.2618,0.3465,0.2618,65.1951,2.419,2.6544,103.34,-1,2008-07-20 03:35:00
12.4598,4.3639,10.9513,0.0151,14.2037,3.1710000000000003,3.872,0.0,118.7533,533.2464,0.835,3.0528,1.2284,0.3757,2.2581,0.0741,2.2354,0.2785,8.7977,3.0380000000000003,24.2607,0.132,2.3262,0.511,4.23,0.7661,78.11,52.2039,0.0948,10.7029,55.0265,608.79,17.5461,13.9158,9.93,67.7218,38.6257,0.1684,0.9971,1.8622,9.2374,0.9251,0.2334,0.4211,0.3779999999999999,0.4211,65.1111,2.4171,3.4410000000000003,107.8711,-1,2008-07-21 08:21:00
16.1875,5.096,10.9513,0.0094,14.2037,3.1710000000000003,1.946,0.0,3.8529,532.6446,0.74,2.5782,1.2284,0.2217,3.5078,0.0859,2.2808,0.3692,9.2007,3.0380000000000003,28.1392,0.134,2.3262,0.511,4.23,0.7661,74.57,142.908,0.1163,12.4582,125.5385,619.35,22.6271,13.4909,11.42,92.9482,38.6257,0.1459,0.9971,2.144,13.7861,0.9323,0.6748,0.3714,0.3119,0.3715,66.505,2.8814,3.7724,104.8489,1,2008-07-21 11:53:00
13.1895,8.0698,5.8086,0.0078,12.5668,3.207,1.946,0.0,2.969,536.1118,0.74,2.5782,0.8041,0.2217,3.5078,0.0792,2.312,0.3049,9.2007,3.263,24.8005,0.1253,2.3243,0.5158,2.2894,0.7446,74.57,100.2745,0.0954,12.4622,263.4538,624.0573,22.6271,12.4295,8.53,92.9482,39.4139,0.1459,1.0,1.5911,13.7861,0.9324,0.6748,0.3714,0.3119,0.3715,66.505,2.8814,2.8829,104.8489,-1,2008-07-22 00:03:00
11.1971,4.1477,5.8086,0.0108,12.5668,3.207,3.86,0.0,3.9275,537.8145,0.8425,1.5837,0.8041,0.1586,2.5691,0.0914,2.1113,0.2364,9.1283,3.263,37.6915,0.1371,2.3243,0.5158,2.2894,0.7446,73.95,82.0989,0.0766,12.4761,68.5315,631.9864,17.4686,53.157,8.43,56.3947,39.4139,0.1707,1.0,1.5675,44.9094,0.9231,0.7347,0.4228,0.3223,0.4228,66.0625,2.1143,2.766,104.8078,-1,2008-07-22 02:59:00
22.148000000000003,4.2575,5.8086,0.0105,12.5668,3.207,4.768,0.0,3.9275,531.8418,0.4722,1.5837,0.8041,0.289,2.5691,0.0914,2.1849,0.4839,8.5762,3.263,34.0855,0.1362,2.3243,0.5158,2.2894,0.7446,74.04,82.0989,0.1343,12.4761,89.7338,639.8027,17.4686,15.8112,10.26,56.3947,39.4139,0.0994,1.0,1.9291,44.9094,0.9231,0.3762,0.2364,0.4438,0.2364,66.4424,2.1143,3.5183,104.8078,-1,2008-07-22 08:41:00
13.7941,3.9691,6.1015,0.0117,13.0773,3.555,0.2003,0.0,3.5936,532.2673,0.7825,2.0954,0.7969,0.2304,4.3793,0.0914,2.282,0.3148,8.6397,3.15,26.2174,0.1284,2.3122,0.5323,2.3222,0.7785,4.138,82.0989,0.0921,12.5222,102.9126,634.9736,29.3685,66.9167,6.0,124.707,38.0592,0.1634,0.9997,1.1273,25.4663,0.9231,0.1666,0.3962,0.3554,0.3962,65.34899999999999,3.3841,2.3022,104.0311,-1,2008-07-22 11:47:00
13.6183,18.3408,6.1015,0.0169,13.0773,3.555,1.279,0.0,2.7859,534.6455,0.5183,1.5865,0.7969,0.2829,3.2434,0.0243,2.0642,0.2811,8.6789,3.15,22.8371,0.1392,2.3122,0.5323,2.3222,0.7785,76.9,47.1586,0.0783,12.5635,349.2063,625.3827,18.0418,73.9007,7.81,67.57,38.0592,0.1004,0.9997,1.4608,30.3788,0.9139,0.3332,0.2618,0.3465,0.2618,65.1951,2.1369,2.2358,107.8022,-1,2008-07-22 14:00:00
13.5856,6.5183,6.1015,0.0117,13.0773,3.555,1.7719999999999998,0.0,3.9275,531.2491,0.6879,2.0831,0.7969,0.3341,4.0184,0.0883,2.2134,0.3007,8.6572,3.15,22.4489,0.133,2.3122,0.5323,2.3222,0.7785,1.4340000000000002,47.1586,0.0945,12.4761,87.8049,637.3145,19.5809,88.8535,6.86,110.6014,38.0592,0.1351,0.9997,1.2913,20.2551,0.9267,0.2677,0.3454,0.3251,0.3455,65.0894,2.5481,2.4529,101.5122,-1,2008-07-22 15:30:00
9.9804,5.817,6.1015,0.0137,13.0773,3.555,0.9003,0.0,3.9275,530.1291,0.7825,2.0954,0.7969,0.2304,4.3793,0.0883,2.0645,0.206,8.6397,3.15,27.2876,0.1323,2.3122,0.5323,2.3222,0.7785,4.198,34.4153,0.0644,12.4761,64.3929,633.9082,29.3685,51.4535,8.1,124.707,38.0592,0.1634,0.9997,1.5279,25.4663,0.9267,0.1666,0.3962,0.3554,0.3962,65.34899999999999,3.3841,2.8482,104.0311,-1,2008-07-23 05:15:00
12.6981,4.4621,7.8147,0.0114,10.9354,2.9960000000000004,0.0259,0.0,3.9275,528.1864,0.7825,2.0954,1.1525,0.2304,4.3793,0.0914,2.3338,0.2964,8.6397,3.361,31.9128,0.1401,2.3124,0.4999,3.1248,0.7777,5.9879999999999995,114.5979,0.0863,12.4761,42.9066,640.8409,29.3685,66.9167,7.49,124.707,39.9863,0.1634,0.9967,1.4181,25.4663,0.9231,0.1666,0.3962,0.3554,0.3962,65.34899999999999,3.3841,2.6843,104.0311,-1,2008-07-23 19:22:00
8.4505,4.2732,9.2211,0.0099,11.3622,3.1919999999999997,1.946,0.0,3.9275,536.0054,0.74,2.7759,1.3173,0.2217,3.9505,0.0859,1.9902,0.1682,9.2007,3.034,29.3176,0.135,2.2936,0.5088,3.591,0.8093,74.57,216.8869,0.0503,12.4761,60.1156,620.9409,25.2088,16.2531,8.76,63.001000000000005,38.9435,0.1459,0.9949,1.6343,11.4366,0.9323,0.6748,0.3714,0.3119,0.3715,66.505,3.6059,3.1106,105.4978,1,2008-07-25 15:23:00
18.8142,4.0729,11.2326,0.0159,6.0139,3.765,5.143,0.0,2.7826,535.7491,0.6451,2.3733,1.3121,0.0984,4.7527,0.0869,2.2233,0.4183,8.7487,1.877,33.5962,0.135,2.3326,0.3395,4.1499,0.8743,14.41,125.06,0.1133,12.5784,60.3279,618.9891,25.651999999999997,14.764,7.17,123.5735,36.9453,0.1316,0.9998,1.3383,9.1854,0.9296,0.8512,0.3244,0.236,0.3244,66.6566,3.0582,2.6206,102.2733,-1,2008-07-27 04:18:00
12.4036,6.8058,8.2965,0.0336,12.8061,2.945,2.325,0.0,4.4275,532.6318,0.61,2.7219,0.9718,0.1649,2.6601,0.077,2.253,0.2794,8.6942,3.4210000000000003,24.7224,0.1396,2.2931,0.5212,2.9999,0.7839,76.33,125.06,0.0953,12.4222,65.8494,616.7164,17.2584,51.1223,9.25,108.9468,36.1585,0.128,0.9963,1.7367,41.8356,0.9326,0.299,0.3082,0.3588,0.3082,65.9335,2.4411,2.9887,106.34,-1,2008-07-27 09:37:00
18.2982,2.1242,8.2965,0.0083,12.8061,2.945,2.773,0.0,4.4275,530.4545,0.8123,2.7219,0.9718,0.2645,2.6601,0.0768,2.3075,0.4222,9.7997,3.4210000000000003,34.5361,0.133,2.2931,0.5212,2.9999,0.7839,78.25,125.06,0.1408,12.4222,48.0962,603.9627,17.2584,15.8112,5.4,108.9468,36.1585,0.1667,0.9963,1.018,41.8356,0.9324,0.2751,0.4115,0.3752,0.4115,64.9193,2.4411,1.7463,106.34,-1,2008-07-27 11:10:00
10.2289,5.7628,11.2457,0.0158,9.2223,3.3560000000000003,2.678,0.0,2.8173,528.41,0.7323,3.0417,1.5844,0.306,2.56,0.0247,2.3265,0.238,8.9336,3.759,27.4102,0.1417,2.2887,0.5765,4.2709,0.6287,76.69,216.9552,0.0753,12.4231,69.6774,631.2591,20.7635,20.9776,9.37,106.5255,37.9782,0.1592,0.9992,1.7732,58.1134,0.933,0.2252,0.3702,0.3248,0.3702,65.1893,3.0049,3.3671,109.7067,-1,2008-07-27 15:46:00
19.4047,5.8357,8.2965,0.0137,12.8061,2.945,4.07,0.0,3.2676,521.2055,0.7549,3.6861,0.9718,0.308,3.6191,0.0247,2.275,0.4414,8.8388,3.4210000000000003,37.2145,0.1369999999999999,2.2931,0.5212,2.9999,0.7839,76.67,127.5067,0.145,12.5473,60.6581,629.91,21.5914,13.9158,7.41,248.1543,36.1585,0.1392,0.9963,1.4217,32.5015,0.933,0.3464,0.3804,0.3808,0.3804,65.9055,2.7756,2.5665,102.1178,-1,2008-07-27 16:06:00
18.1292,6.1651,6.888,0.0139,6.2984,3.491,5.103,0.0,3.2676,534.3927,0.4918,2.0078,1.131,0.3378,4.7991,0.0915,2.2461,0.4072,8.7588,2.647,31.4769,0.1323,2.3397,0.4429,2.9624,0.8139,14.14,146.8715,0.1311,12.5473,51.8436,621.0227,24.2952,24.2141,8.78,120.5494,43.008,0.0993,0.9982,1.643,15.6991,0.9287,0.9109,0.2468,0.261,0.2468,66.6948,3.0729,3.1722,100.2789,-1,2008-07-27 16:49:00
12.0275,4.0444,11.2457,0.018,9.2223,3.3560000000000003,5.171,0.0,4.4275,530.4073,0.364,2.6928,1.5844,0.2718,4.3815,0.077,2.1823,0.2625,23.3453,3.759,16.8198,0.1305,2.2887,0.5765,4.2709,0.6287,65.83,81.5459,0.0736,12.4222,49.1677,618.6836,22.8867,32.7151,7.73,137.011,37.9782,0.0758,0.9992,1.4574,10.2758,0.9326,0.1794,0.2099,0.3387,0.2099,66.8426,2.9065,2.6984,100.6767,-1,2008-07-27 20:24:00
9.6586,4.6964,8.2965,0.0115,12.8061,2.945,5.34,0.0,3.2676,533.2154,0.6328,2.0078,0.9718,0.2481,4.7991,0.0915,2.2671,0.2189999999999999,8.8033,3.4210000000000003,33.6192,0.1394,2.2931,0.5212,2.9999,0.7839,14.26,197.9951,0.0781,12.5473,59.4595,621.2864,24.2952,71.5633,7.95,120.5494,36.1585,0.1245,0.9963,1.4909,15.6991,0.9287,0.7494,0.3185,0.2663,0.3185,66.6916,3.0729,2.9829,100.2789,-1,2008-07-27 22:28:00
11.550999999999998,5.3197,7.0376,0.0113,6.2886,3.569,3.86,0.0,4.4275,536.5709,0.8425,2.6789,1.0398,0.1586,4.9939,0.0759,2.1983,0.2539,9.1283,2.322,30.6289,0.127,2.3416,0.3924,2.8073,0.8884,73.95,197.9951,0.0773,12.4222,67.6218,612.82,27.2402,18.1087,10.86,77.7768,39.8902,0.1707,1.002,2.024,6.881,0.9238,0.7347,0.4228,0.3223,0.4228,66.0625,3.345,3.5623,105.3911,-1,2008-07-27 22:28:00
13.4859,4.6098,7.0376,0.0158,6.2886,3.569,3.074,0.0,3.1381,529.3927,0.5545,2.6789,1.0398,0.3557,4.9939,0.077,2.1345,0.2879,8.8249,2.322,21.199,0.1394,2.3416,0.3924,2.8073,0.8884,78.29,197.9951,0.0949,12.4278,37.9822,611.83,27.2402,12.4295,11.79,77.7768,39.8902,0.1147,1.002,2.2271,6.881,0.9326,0.2146,0.2794,0.3642,0.2794,65.8859,3.345,4.1245,105.3911,-1,2008-07-27 23:14:00
16.6904,4.4298,6.888,0.0175,6.2984,3.491,2.678,0.0,3.2676,529.5609,0.7323,1.7894,1.131,0.306,2.5598,0.0241,2.2805,0.3806,8.9336,2.647,32.0705,0.1417,2.3397,0.4429,2.9624,0.8139,76.69,74.1555,0.1213,12.5473,78.7062,638.8782,22.4075,27.1584,8.09,133.1732,43.008,0.1592,0.9982,1.5277,22.3298,0.9334,0.2252,0.3702,0.3248,0.3702,65.1893,3.1413,2.5269,110.2789,-1,2008-07-28 03:31:00
15.1794,4.3614,7.0376,0.0138,6.2886,3.569,3.761,0.0,4.0734,531.5427,0.6879,2.6928,1.0398,0.2183,4.3815,0.0788,2.258,0.3427,10.0686,2.322,39.5532,0.133,2.3416,0.3924,2.8073,0.8884,76.73,74.1555,0.0965,12.2749,95.0,618.0982,22.8867,53.157,5.2,137.011,39.8902,0.1366,1.002,0.9783,10.2758,0.9313,0.2887,0.3486,0.362,0.3486,65.1902,2.9065,1.8732,100.6767,-1,2008-07-28 03:48:00
11.6384,6.0235,6.888,0.0127,6.2984,3.491,5.103,0.0,2.8173,532.7664,0.4918,2.4256,1.131,0.3378,2.4787,0.0247,2.4052,0.2799,8.7588,2.647,31.3313,0.1336,2.3397,0.4429,2.9624,0.8139,14.14,56.8221,0.0804,12.4231,75.513,630.7564,20.2382,21.0162,10.9,87.2474,43.008,0.0993,0.9982,2.0459,58.5671,0.933,0.9109,0.2468,0.261,0.2468,66.6948,3.0137,3.6701,110.6333,-1,2008-07-28 04:37:00
11.8467,6.9725,6.888,0.0181,6.2984,3.491,5.103,0.0,2.8173,533.77,0.4918,2.9319,1.131,0.3378,2.5614,0.0915,2.2632,0.2681,8.7588,2.647,32.8848,0.1345,2.3397,0.4429,2.9624,0.8139,14.14,152.6823,0.0875,12.4231,57.2246,620.7518,20.1876,34.9979,10.35,126.3473,43.008,0.0993,0.9982,1.939,24.1036,0.9287,0.9109,0.2468,0.261,0.2468,66.6948,3.0335,3.3656,111.6278,-1,2008-07-28 05:36:00
15.6351,6.9238,6.888,0.0105,6.2984,3.491,5.434,0.0,3.0225,533.9509,0.6263,2.2619,1.131,0.3194,2.5597,0.0243,1.8946,0.2962,8.658999999999999,2.647,22.6227,0.1392,2.3397,0.4429,2.9624,0.8139,14.37,100.7279,0.0865,12.5724,172.0755,627.26,20.7992,24.7524,7.03,80.0216,43.008,0.1288,0.9982,1.3166,45.2554,0.9139,0.2748,0.3141,0.3677,0.3141,65.8389,3.0504,2.2791,110.5644,1,2008-07-28 06:45:00
12.147,2.6882,5.3272,0.0099,5.8389999999999995,3.335,5.171,0.0,3.0492,532.1118,0.364,2.1868,0.8497,0.2718,3.8485,0.077,2.2194,0.2696,23.3453,3.207,24.3206,0.1309,2.3326,0.545,2.3121,0.8142,65.83,100.7279,0.0848,12.4622,40.7507,615.4873,20.8461,10.6336,6.23,97.8339,43.4014,0.0758,0.998,1.1708,9.5426,0.9326,0.1794,0.2099,0.3387,0.2099,66.8426,2.7979,2.3065,100.8444,-1,2008-07-28 08:36:00
9.4847,5.1087,6.888,0.0201,6.2984,3.491,2.215,0.0,3.2676,537.6273,0.5710000000000001,2.1387,1.131,0.1663,2.4767,0.0247,2.2025,0.2089,9.1585,2.647,30.1427,0.1392,2.3397,0.4429,2.9624,0.8139,74.54,45.4264,0.0636,12.5473,75.2941,632.2182,20.2941,19.5713,12.21,157.6079,43.008,0.122,0.9982,2.2711,43.2564,0.933,0.8333,0.2873,0.2729,0.2872,66.374,3.0429,4.2202,111.3444,1,2008-07-28 15:11:00
17.0149,3.9721,7.0376,0.0111,6.2886,3.569,3.14,0.0,4.4275,531.3755,1.0851,2.0078,1.0398,0.3579,4.7991,0.0768,2.4747,0.4211,8.6074,2.322,30.0241,0.1342,2.3416,0.3924,2.8073,0.8884,77.41,73.8817,0.1319,12.4222,21.9709,607.1155,24.2952,15.8112,6.59,120.5494,39.8902,0.2112,1.002,1.2402,15.6991,0.9324,0.1689,0.5484,0.3324,0.5484,65.3429,3.0729,2.2226,100.2789,-1,2008-07-28 23:57:00
12.9236,3.3684,7.0376,0.0121,6.2886,3.569,3.958,0.0,4.4275,532.8618,0.5863,2.0078,1.0398,0.1201,4.7991,0.0759,2.3145,0.2991,9.1502,2.322,30.3538,0.1323,2.3416,0.3924,2.8073,0.8884,72.29,171.8524,0.0862,12.4222,70.5167,607.6555,24.2952,62.7572,10.43,120.5494,39.8902,0.1207,1.002,1.9574,15.6991,0.9238,0.8637,0.2945,0.2879,0.2945,66.6125,3.0729,3.5751,100.2789,-1,2008-07-29 04:08:00
12.0422,7.127999999999999,3.87,0.0127,10.5466,2.949,2.419,0.0,11.2251,527.8355,0.6753,4.1536,0.424,0.3825,3.768,0.0224,2.1599,0.2601,10.6376,3.861,29.3844,0.1253,2.3006,0.5619,1.4153,0.8034,79.48,83.0563,0.095,12.2939,42.1053,634.2891,20.4695,33.885,12.19,202.9874,36.5715,0.1384,0.9985,2.3094,46.3425,0.934,0.3063,0.3423,0.4109,0.3423,66.2535,2.7358,3.8966,103.6,-1,2008-07-29 05:16:00
8.2142,4.665,6.9271,0.0155,9.8109,3.142,2.215,0.0,4.1643,535.6282,0.5710000000000001,2.9023,0.8501,0.1663,2.7033,0.0779,2.2383,0.1839,9.1585,3.2,41.5512,0.1358,2.3248,0.5261,2.6861,0.7692,74.54,106.1812,0.0664,12.4871,76.8946,605.4255,18.9326,72.9621,11.62,175.6416,38.7769,0.122,0.995,2.1694,46.276,0.93,0.8333,0.2873,0.2729,0.2872,66.374,2.4602,3.7648,104.5211,-1,2008-07-29 06:19:00
26.5739,13.4098,6.9271,0.0116,9.8109,3.142,2.419,0.0,4.1643,528.4727,0.6753,2.9023,0.8501,0.3825,2.7033,0.0779,2.1628,0.5747,10.6376,3.2,38.8982,0.1335,2.3248,0.5261,2.6861,0.7692,79.48,113.3721,0.15,12.4871,113.0045,597.61,18.9326,47.2964,8.67,175.6416,38.7769,0.1384,0.995,1.6406,46.276,0.93,0.3063,0.3423,0.4109,0.3423,66.2535,2.4602,2.9727,104.5211,1,2008-07-29 08:23:00
14.3755,5.2191,4.9447,0.0189,10.9139,3.016,5.143,0.0,4.1643,529.9682,0.6451,2.9023,0.7601,0.0984,2.7033,0.0768,2.1756,0.3127,8.7487,3.628,36.6103,0.1342,2.3179,0.5835,2.0536,0.7484,14.41,102.2673,0.0933,12.4871,41.0619,607.94,18.9326,28.0522,12.3,175.6416,41.5317,0.1316,0.9966,2.3209,46.276,0.9324,0.8512,0.3244,0.236,0.3244,66.6566,2.4602,4.0631,104.5211,-1,2008-07-29 11:47:00
27.0589,9.4939,4.9447,0.0127,10.9139,3.016,1.946,0.0,4.1643,533.6809,0.74,2.9023,0.7601,0.2217,2.7033,0.0859,2.14,0.5791,9.2007,3.628,22.3489,0.134,2.3179,0.5835,2.0536,0.7484,74.57,110.5454,0.157,12.4871,42.7002,623.1345,18.9326,48.6582,10.31,175.6416,41.5317,0.1459,0.9966,1.9319,46.276,0.9323,0.6748,0.3714,0.3119,0.3715,66.505,2.4602,3.6023,104.5211,-1,2008-07-29 15:41:00
17.0935,13.2681,5.3272,0.0087,5.8389999999999995,3.335,5.171,0.0,3.0492,530.9973,0.364,2.1868,0.8497,0.2718,3.8485,0.0769,2.1898,0.3743,23.3453,3.207,20.2052,0.1361,2.3326,0.545,2.3121,0.8142,65.83,56.0357,0.1159,12.4622,96.9697,618.6736,20.8461,7.2369,7.23,97.8339,43.4014,0.0758,0.998,1.3616,9.5426,0.9261,0.1794,0.2099,0.3387,0.2099,66.8426,2.7979,2.5312,100.8444,1,2008-07-29 15:49:00
7.9429,4.9295,6.9271,0.0151,9.8109,3.142,4.063,0.0,4.1643,533.3209,0.5155,4.1536,0.8501,0.4907,3.768,0.0779,2.068,0.1643,8.7495,3.2,20.8271,0.1304,2.3248,0.5261,2.6861,0.7692,78.13,55.8324,0.0589,12.4871,18.0064,613.8827,20.4695,17.8215,6.43,202.9874,38.7769,0.1158,0.995,1.2057,46.3425,0.93,0.2056,0.26,0.3399,0.26,65.9449,2.7358,2.3127,103.6,1,2008-07-29 17:05:00
25.4953,4.3641,6.9271,0.0098,9.8109,3.142,5.171,0.0,3.0492,533.1055,0.364,2.2847,0.8501,0.2718,3.1151,0.0816,2.3497,0.5991,23.3453,3.2,21.1546,0.1307,2.3248,0.5261,2.6861,0.7692,65.83,55.8324,0.1492,12.4622,49.0667,613.2182,18.5335,41.0905,6.59,118.2617,38.7769,0.0758,0.995,1.2361,12.5191,0.9342,0.1794,0.2099,0.3387,0.2099,66.8426,2.4943,2.3055,101.84,1,2008-07-29 18:08:00
15.9673,3.0761,7.7076,0.0181,8.562999999999999,3.008,5.143,0.0,4.1643,534.2509,0.6451,2.0780000000000003,1.3416,0.0984,4.1509,0.0759,2.5108,0.4009,8.7487,3.4339999999999997,26.658,0.1359,2.3237,0.5598,3.4441,0.7304,14.41,63.9698,0.1146,12.4871,90.4847,610.4073,20.1408,64.609,9.29,57.4224,44.6843,0.1316,0.9976,1.7389,8.9819,0.9238,0.8512,0.3244,0.236,0.3244,66.6566,2.6506,3.2968,103.3778,-1,2008-07-29 21:07:00
18.8331,2.8513,7.7076,0.0106,8.562999999999999,3.008,2.419,0.0,4.1643,530.8764,0.6753,2.9023,1.3416,0.3825,2.7033,0.0734,2.1917,0.4128,10.6376,3.4339999999999997,46.7625,0.1404,2.3237,0.5598,3.4441,0.7304,79.48,50.8713,0.1117,12.4871,67.8869,603.6827,18.9326,16.9402,7.0,175.6416,44.6843,0.1384,0.9976,1.3186,46.276,0.9291,0.3063,0.3423,0.4109,0.3423,66.2535,2.4602,2.5006,104.5211,-1,2008-07-29 23:14:00
16.3088,4.7511,4.9447,0.015,10.9139,3.016,3.074,0.0,3.1381,532.5454,0.5545,2.2847,0.7601,0.3557,3.1151,0.077,2.1461,0.35,8.8249,3.628,27.7301,0.1372,2.3179,0.5835,2.0536,0.7484,78.29,50.8713,0.0927,12.4278,50.0803,616.1764,18.5335,15.8112,8.74,118.2617,41.5317,0.1147,0.9966,1.6412,12.5191,0.9326,0.2146,0.2794,0.3642,0.2794,65.8859,2.4943,3.1643,101.84,-1,2008-07-29 23:19:00
13.3972,6.4725,4.9447,0.0152,10.9139,3.016,3.698,0.0,4.1643,535.24,0.5375,2.0780000000000003,0.7601,0.0856,4.1509,0.0779,2.3483,0.3146,9.1784,3.628,26.3171,0.1306,2.3179,0.5835,2.0536,0.7484,74.8,21.9917,0.0977,12.4871,200.7117,608.1282,20.1408,19.3505,8.28,57.4224,41.5317,0.1062,0.9966,1.547,8.9819,0.93,0.9135,0.2699,0.2561,0.2699,66.56,2.6506,2.7718,103.3778,-1,2008-07-30 06:30:00
6.5522,9.6853,4.9447,0.0173,10.9139,3.016,3.698,0.0,4.1643,535.5864,0.5375,2.9023,0.7601,0.0856,2.7033,0.0792,2.3608,0.1547,9.1784,3.628,23.5885,0.134,2.3179,0.5835,2.0536,0.7484,74.8,115.1005,0.0562,12.4871,33.1903,614.0282,18.9326,22.6253,8.0699,175.6416,41.5317,0.1062,0.9966,1.5067,46.276,0.934,0.9135,0.2699,0.2561,0.2699,66.56,2.4602,2.9084,104.5211,-1,2008-07-30 07:08:00
14.4755,5.2902,11.803,0.0118,9.0076,2.88,1.886,0.0,2.7149,536.4636,0.6953,1.2074,1.5117,0.4453,2.1971,0.0759,2.0117,0.2912,8.7599,3.5839999999999996,23.0468,0.1349,2.3417,0.5527,4.4329,0.7145,79.42,157.8567,0.1055,12.5235,111.9454,613.17,23.3248,26.1452,9.27,62.855,37.5573,0.1391,0.9966,1.7280000000000002,36.9824,0.9238,0.362,0.3503,0.2789,0.3503,65.9194,3.2721,2.7639,101.6667,-1,2008-07-30 12:02:00
14.0012,4.3093,7.7076,0.0138,8.562999999999999,3.008,5.143,0.0,3.6904,535.2509,0.6451,3.6006,1.3416,0.0984,4.0982,0.0816,2.2864,0.3201,8.7487,3.4339999999999997,46.2635,0.1394,2.3237,0.5598,3.4441,0.7304,14.41,109.4273,0.1112,12.4649,101.1287,595.3218,20.3731,32.2583,9.32,235.5668,44.6843,0.1316,0.9976,1.7412,87.4031,0.9342,0.8512,0.3244,0.236,0.3244,66.6566,2.5272,3.0902,100.5189,1,2008-07-30 12:29:00
12.0404,3.614,6.7215,0.0121,10.6008,2.965,3.698,0.0,3.2676,533.7473,0.5375,2.0638,0.9207,0.0856,2.6432,0.0947,2.2437,0.2701,9.1784,3.5639999999999996,30.4154,0.1341,2.3351,0.5770000000000001,2.6061,0.7382,74.8,145.6339,0.085,12.5473,31.6049,621.2836,21.3523,32.2583,8.22,106.2587,38.7724,0.1062,1.005,1.54,32.0435,0.929,0.9135,0.2699,0.2561,0.2699,66.56,3.0623,2.8877,110.06,1,2008-07-30 21:16:00
14.2828,6.5713,8.5265,0.0086,4.0542,3.35,2.773,0.0,3.1381,529.9773,0.8123,2.6789,1.0968,0.2645,4.9939,0.0816,2.3048,0.3292,9.7997,2.96,29.9145,0.1362,2.4132,0.5337,3.2428,0.8482,78.25,46.4594,0.1218,12.4278,80.0,611.5773,27.2402,41.0905,7.24,77.7768,38.0318,0.1667,0.9975,1.3661,6.881,0.9342,0.2751,0.4115,0.3752,0.4115,64.9193,3.345,2.1994,105.3911,-1,2008-07-31 13:57:00
9.8604,6.9887,6.6193,0.0116,4.412,3.355,2.419,0.0,2.7149,531.7764,0.6753,1.2074,0.7814,0.3825,2.1971,0.0779,2.2132,0.2182,10.6376,3.327,39.587,0.135,2.4153,0.6409,2.7987,0.8485,79.48,107.8331,0.0688,12.5235,102.6316,600.7445,23.3248,22.7192,8.58,62.855,42.2809,0.1384,0.9981,1.6135,36.9824,0.93,0.3063,0.3423,0.4109,0.3423,66.2535,3.2721,2.6533,101.6667,-1,2008-07-31 15:36:00
15.0879,4.9417,11.9059,0.0186,2.2381,3.338,5.103,0.0,2.7149,535.7673,0.4918,2.0754,1.4345,0.3378,5.9924,0.0224,2.0382,0.3075,8.7588,3.133,36.5543,0.135,2.3903,0.5746,4.6053,0.8434,14.14,100.1756,0.0841,12.5235,218.1818,626.81,16.1845,13.4128,10.66,69.4676,38.6809,0.0993,1.002,1.9897,37.5303,0.934,0.9109,0.2468,0.261,0.2468,66.6948,2.0355,3.6728,106.2567,-1,2008-07-31 17:07:00
17.0532,2.2849,11.9059,0.0099,2.2381,3.338,1.886,0.0,2.7839,535.8027,0.6953,1.2074,1.4345,0.4453,2.1971,0.0734,1.9736,0.3366,8.7599,3.133,29.9815,0.1306,2.3903,0.5746,4.6053,0.8434,79.42,87.3034,0.0857,12.5724,66.5208,611.3773,23.3248,34.4987,7.39,62.855,38.6809,0.1391,1.002,1.3792,36.9824,0.9291,0.362,0.3503,0.2789,0.3503,65.9194,3.2721,2.3288,101.6667,1,2008-07-31 20:18:00
21.2281,4.9435,10.0677,0.0146,2.7414,3.153,2.634,0.0,4.1852,536.7873,0.8117,3.4016,1.1698,0.0941,4.7292,0.0816,2.2478,0.4772,9.2405,3.478,32.3378,0.1322,2.4035,0.6002,3.5677,0.8088,74.19,20.8909,0.1413,12.4247,87.7193,608.3618,39.8882,33.199,6.24,253.5773,35.437,0.1475,0.9952,1.1625,37.7415,0.9342,0.8522,0.4071,0.2901,0.4071,66.4353,4.7897,2.3507,103.3222,-1,2008-01-08 02:02:00
16.3616,6.364,12.064,0.0289,8.2934,3.034,4.063,0.0,2.5341,532.2164,0.5155,1.4624,1.482,0.4907,2.0269999999999997,0.6813,2.3626,0.3866,8.7495,3.5660000000000003,39.683,0.1336,2.3348,0.5619,5.0666,0.7332,78.13,187.3554,0.1142,12.4996,74.7826,597.3318,15.1427,13.9158,9.7599,59.81,41.9975,0.1158,0.9981,1.8338,26.8972,0.9318,0.2056,0.26,0.3399,0.26,65.9449,1.8514,3.2033,102.4622,1,2008-01-08 05:52:00
18.4846,3.4336,8.3726,0.0093,9.6914,3.08,4.063,0.0,2.4066,533.86,0.5155,3.1236,1.1366,0.4907,2.4487,0.0819999999999999,2.3365,0.4319,8.7495,3.448,29.5773,0.1307,2.3221,0.5668,3.1316,0.7608,78.13,33.4515,0.1238,12.4659,54.5809,608.1364,19.6939,15.8112,6.14,189.804,37.4028,0.1158,0.9963,1.1501,74.8659,0.9323,0.2056,0.26,0.3399,0.26,65.9449,2.5605,2.0163,104.3067,-1,2008-01-08 10:20:00
11.3646,4.5369,8.3726,0.0121,9.6914,3.08,3.057,0.0,2.4066,537.2882,0.4166,3.1236,1.1366,0.2628,2.4487,0.0714,2.019,0.2294,8.6324,3.448,29.8969,0.1417,2.3221,0.5668,3.1316,0.7608,76.99,134.2014,0.0771,12.4659,89.9297,613.58,19.6939,27.1584,6.98,189.804,37.4028,0.0779,0.9963,1.2991,74.8659,0.9269,0.3727,0.2087,0.3533,0.2087,66.0701,2.5605,2.1543,104.3067,-1,2008-01-08 10:26:00
21.8407,7.0096,8.3726,0.0119,9.6914,3.08,2.051,0.0,4.1852,535.0427,0.6453,3.1236,1.1366,0.2161,2.4487,0.077,2.0348,0.4444,9.2658,3.448,28.6955,0.1322,2.3221,0.5668,3.1316,0.7608,73.32,134.2014,0.1316,12.4247,53.6913,613.01,19.6939,33.199,10.3,189.804,37.4028,0.1159,0.9963,1.9251,74.8659,0.9326,0.8111,0.3241,0.2644,0.3241,66.594,2.5605,3.522,104.3067,-1,2008-01-08 11:28:00
5.0986,6.6665,8.3726,0.0144,9.6914,3.08,5.34,0.0,2.4066,534.6255,0.6328,3.4016,1.1366,0.2481,4.7292,0.0366,2.4592,0.1254,8.8033,3.448,38.8044,0.1324,2.3221,0.5668,3.1316,0.7608,14.26,121.5476,0.0463,12.4659,68.8172,620.7982,39.8882,32.2583,7.91,253.5773,37.4028,0.1245,0.9963,1.4795,37.7415,0.9329,0.7494,0.3185,0.2663,0.3185,66.6916,4.7897,2.8332,103.3222,-1,2008-01-08 12:29:00
13.8172,6.0666,8.3726,0.0148,9.6914,3.08,1.886,0.0,2.7149,536.5182,0.6953,2.0754,1.1366,0.4453,5.9924,0.0759,2.0018,0.2766,8.7599,3.448,25.4333,0.1254,2.3221,0.5668,3.1316,0.7608,79.42,65.2312,0.0895,12.5235,102.3256,611.83,16.1845,69.6312,12.54,69.4676,37.4028,0.1391,0.9963,2.3373,37.5303,0.9238,0.362,0.3503,0.2789,0.3503,65.9194,2.0355,3.8913,106.2567,-1,2008-01-08 14:07:00
15.93,6.3071,8.3726,0.0197,9.6914,3.08,4.6819999999999995,0.0,4.1852,532.4236,0.5751,3.4016,1.1366,0.2035,4.7292,0.0714,2.5469,0.4057,9.6272,3.448,28.6681,0.1274,2.3221,0.5668,3.1316,0.7608,65.55,98.1735,0.1139,12.4247,54.5781,616.6455,39.8882,29.7801,6.49,253.5773,37.4028,0.1065,0.9963,1.219,37.7415,0.9269,0.1706,0.2904,0.3188,0.2904,66.2984,4.7897,2.4106,103.3222,-1,2008-01-08 15:10:00
11.2549,12.1942,9.0894,0.0182,7.1895,3.41,1.886,0.0,2.7149,535.4264,0.6953,3.1604,1.2895,0.4453,4.2298,0.0759,2.0184,0.2272,8.7599,3.776,20.874,0.1323,2.3403,0.6741,4.1601,0.7025,79.42,98.1735,0.0746,12.5235,111.4754,613.8764,24.1213,13.7543,7.55,244.0673,45.7686,0.1391,0.9983,1.4101,45.1768,0.9238,0.362,0.3503,0.2789,0.3503,65.9194,3.2122,2.6025,103.4233,-1,2008-02-08 03:39:00
18.2114,4.0288,9.0242,0.0129,5.5066,3.361,5.143,0.0,4.1852,534.5155,0.6451,3.1604,1.1227,0.0984,4.2298,0.0759,2.4013,0.4373,8.7487,3.62,24.9395,0.1324,2.3532,0.6314,4.0441,0.7509,14.41,80.72399999999999,0.1369,12.4247,174.8988,606.8355,24.1213,22.7192,10.57,244.0673,44.81399999999999,0.1316,0.9969,1.9775,45.1768,0.9238,0.8512,0.3244,0.236,0.3244,66.6566,3.2122,3.4964,103.4233,-1,2008-03-08 13:09:00
15.4085,7.4078,9.0894,0.0163,7.1895,3.41,4.07,0.0,4.1643,523.0227,0.7549,2.0754,1.2895,0.308,5.9924,0.0816,2.3358,0.3599,8.8388,3.776,28.9468,0.132,2.3403,0.6741,4.1601,0.7025,76.67,32.3304,0.1242,12.4871,51.4469,609.9064,16.1845,29.895,5.39,69.4676,45.7686,0.1392,0.9983,1.0306,37.5303,0.9342,0.3464,0.3804,0.3808,0.3804,65.9055,2.0355,1.7611,106.2567,-1,2008-03-08 14:06:00
13.1929,6.2376,11.6982,0.0169,4.8881,3.42,4.8389999999999995,0.0,2.5341,537.59,0.8008,3.0017,1.3384,0.1503,3.5408,0.0754,1.7633,0.2326,9.094,2.438,22.6504,0.1297,2.3313,0.4261,4.6056,0.8376,13.92,32.3304,0.0663,12.4996,76.0181,611.2491,26.9809,59.3942,6.39,205.4183,39.3702,0.1638,0.9981,1.1886,82.42,0.933,0.9368,0.4024,0.256,0.4025,66.6677,3.5829,2.0122,100.5544,-1,2008-03-08 14:25:00
11.0317,5.0493,9.0242,0.012,5.5066,3.361,5.103,0.0,1.6033,536.3945,0.4918,3.1604,1.1227,0.3378,4.2298,0.0734,2.0371,0.2247,8.7588,3.62,31.3539,0.1324,2.3532,0.6314,4.0441,0.7509,14.14,169.6401,0.0576,12.4743,65.3386,619.2591,24.1213,32.2583,9.6,244.0673,44.81399999999999,0.0993,0.9969,1.7897,45.1768,0.9291,0.9109,0.2468,0.261,0.2468,66.6948,3.2122,3.3993,103.4233,-1,2008-03-08 15:03:00
15.0254,5.3992,11.6982,0.0134,4.8881,3.42,4.8389999999999995,0.0,4.317,534.8927,0.8008,1.6114,1.3384,0.1503,2.9835,0.0754,2.4332,0.3656,9.094,2.438,23.1757,0.1306,2.3313,0.4261,4.6056,0.8376,13.92,169.6401,0.0932,12.5088,90.0,613.6809,17.4657,13.7543,10.75,102.9261,39.3702,0.1638,0.9981,2.0097,31.9464,0.933,0.9368,0.4024,0.256,0.4025,66.6677,2.1434,3.7784,99.0267,-1,2008-03-08 15:27:00
13.3002,5.309,11.6982,0.0116,4.8881,3.42,3.698,0.0,4.1852,537.1373,0.5375,3.1604,1.3384,0.0856,4.2298,0.0366,2.1412,0.2848,9.1784,2.438,38.0327,0.1349,2.3313,0.4261,4.6056,0.8376,74.8,117.6159,0.093,12.4247,79.292,622.63,24.1213,50.7506,7.93,244.0673,39.3702,0.1062,0.9981,1.4763,45.1768,0.9329,0.9135,0.2699,0.2561,0.2699,66.56,3.2122,2.5902,103.4233,-1,2008-03-08 16:00:00
17.0931,6.3951,9.0242,0.0124,5.5066,3.361,2.215,0.0,1.6033,537.6418,0.5710000000000001,1.6114,1.1227,0.1663,2.9835,0.0224,2.2678,0.3876,9.1585,3.62,40.9448,0.1392,2.3532,0.6314,4.0441,0.7509,74.54,114.4127,0.1182,12.4743,54.8463,622.8191,17.4657,73.9007,10.22,102.9261,44.81399999999999,0.122,0.9969,1.9009,31.9464,0.934,0.8333,0.2873,0.2729,0.2872,66.374,2.1434,3.5456,99.0267,-1,2008-03-08 17:00:00
15.2498,6.6984,9.0894,0.0191,7.1895,3.41,4.063,0.0,4.1852,529.3318,0.5155,3.4016,1.2895,0.4907,4.7292,0.0759,2.3418,0.3571,8.7495,3.776,22.9914,0.1348,2.3403,0.6741,4.1601,0.7025,78.13,70.1798,0.122,12.4247,98.3607,612.3109,39.8882,35.3519,10.5,253.5773,45.7686,0.1158,0.9983,1.9836,37.7415,0.9238,0.2056,0.26,0.3399,0.26,65.9449,4.7897,3.6913,103.3222,-1,2008-03-08 17:58:00
15.3708,8.5107,11.6982,0.0122,4.8881,3.42,3.698,0.0,2.4066,533.6146,0.5375,1.6114,1.3384,0.0856,2.9835,0.0366,2.0713,0.3184,9.1784,2.438,41.5043,0.1253,2.3313,0.4261,4.6056,0.8376,74.8,69.422,0.1067,12.4659,39.2906,624.5064,17.4657,16.93,11.09,102.9261,39.3702,0.1062,0.9981,2.0783,31.9464,0.9329,0.9135,0.2699,0.2561,0.2699,66.56,2.1434,3.6866,99.0267,-1,2008-03-08 20:23:00
14.459,9.0303,14.9001,0.0137,6.6344,3.085,2.419,0.0,2.4066,535.7664,0.6753,3.4016,1.7597,0.3825,4.7292,0.0224,1.9407,0.2806,10.6376,3.777,37.4506,0.139,2.3415,0.6294,5.9714,0.7489,79.48,59.2072,0.0846,12.4659,56.6372,629.4655,39.8882,32.7151,6.15,253.5773,40.0761,0.1384,0.996,1.1479,37.7415,0.934,0.3063,0.3423,0.4109,0.3423,66.2535,4.7897,2.3189,103.3222,-1,2008-03-08 22:52:00
8.9008,10.2688,12.064,0.0094,8.2934,3.034,2.051,0.0,2.4066,531.81,0.6453,2.5608,1.482,0.2161,5.0567,0.0779,2.2115,0.1968,9.2658,3.5660000000000003,37.4995,0.1322,2.3348,0.5619,5.0666,0.7332,73.32,15.2909,0.0755,12.4659,68.6627,603.5291,36.4053,33.199,13.76,136.6108,41.9975,0.1159,0.9981,2.5874,13.5951,0.93,0.8111,0.3241,0.2644,0.3241,66.594,4.2603,4.5061,100.1189,1,2008-04-08 00:39:00
10.2491,2.6817,14.9001,0.0234,6.6344,3.085,4.8660000000000005,0.0,4.317,531.1209,0.5736,3.1236,1.7597,0.2261,2.4487,0.0754,2.2509,0.2307,8.6667,3.777,18.6261,0.1418,2.3415,0.6294,5.9714,0.7489,14.55,15.2909,0.0799,12.5088,68.2464,620.4782,19.6939,32.8864,9.53,189.804,40.0761,0.1137,0.996,1.7943,74.8659,0.933,0.1857,0.2885,0.3398,0.2885,66.0973,2.5605,2.9130000000000003,104.3067,-1,2008-04-08 03:45:00
8.3962,3.0731,9.0242,0.0176,5.5066,3.361,3.698,0.0,2.7839,539.2336,0.5375,3.4016,1.1227,0.0856,4.7292,0.0366,2.1559,0.181,9.1784,3.62,42.1115,0.1306,2.3532,0.6314,4.0441,0.7509,74.8,48.9072,0.0617,12.5724,85.5346,619.6709,39.8882,7.2369,7.54,253.5773,44.81399999999999,0.1062,0.9969,1.3983,37.7415,0.9329,0.9135,0.2699,0.2561,0.2699,66.56,4.7897,2.5261,103.3222,-1,2008-04-08 03:49:00
69.196,3.6862,14.9001,0.0131,6.6344,3.085,2.678,0.0,3.6066,510.9145,0.7323,3.0017,1.7597,0.306,3.5408,0.6813,1.7483,1.2098,8.9336,3.777,31.4125,0.1312,2.3415,0.6294,5.9714,0.7489,76.69,48.9072,0.3739,12.4771,46.62,605.5045,26.9809,18.1087,439.05,205.4183,40.0761,0.1592,0.996,85.9341,82.42,0.9318,0.2252,0.3702,0.3248,0.3702,65.1893,3.5829,137.833,100.5544,-1,2008-04-08 13:19:00
69.196,5.0449,14.9001,0.0135,6.6344,3.085,3.5780000000000003,0.0,3.6066,510.9145,0.5326,3.0017,1.7597,0.3283,3.5408,0.6813,1.7483,1.2098,8.755,3.777,35.3973,0.1299,2.3415,0.6294,5.9714,0.7489,78.27,48.9072,0.3739,12.4771,30.4762,602.0091,26.9809,18.1087,439.05,205.4183,40.0761,0.0995,0.996,85.9341,82.42,0.9318,0.2327,0.2684,0.3292,0.2684,65.3441,3.5829,137.833,100.5544,-1,2008-04-08 14:04:00
9.5334,4.8666,8.8973,0.0122,5.4086,3.136,2.859,0.0,4.7245,533.1773,0.4878,2.5917,1.0643,0.215,3.4329,0.0529,2.3063,0.2199,8.7947,3.276,17.0797,0.1308,2.3592,0.5489,3.3889,0.7709999999999999,76.52,118.3047,0.079,12.4882,62.6959,613.0836,23.9769,37.851,9.93,216.0038,38.0893,0.1163,0.9982,1.8624,54.0784,0.9329,0.9581,0.2449,0.2842,0.2449,65.9507,2.9815,3.6157,102.6978,-1,2008-04-08 14:31:00
5.7214,3.7282,8.8973,0.0086,5.4086,3.136,2.859,0.0,4.7245,533.8209,0.4878,2.1668,1.0643,0.215,2.9451,0.0529,2.2711,0.1299,8.7947,3.276,15.0708,0.1394,2.3592,0.5489,3.3889,0.7709999999999999,76.52,96.3971,0.0448,12.4882,77.2118,615.8845,25.1991,48.9498,10.27,92.7966,38.0893,0.1163,0.9982,1.9239,28.5952,0.9329,0.9581,0.2449,0.2842,0.2449,65.9507,3.4787,3.6182,100.3889,-1,2008-04-08 15:29:00
69.196,5.2293,9.4593,0.0134,5.9201,3.195,3.074,0.0,1.6033,510.9145,0.5545,1.8711,1.2397,0.3557,5.8208,0.6813,1.7483,1.2098,8.8249,3.877,37.532,0.1309,2.3124,0.6539,3.7035,0.75875,78.29,41.3784,0.3739,12.4743,76.815,598.2927,23.0757,22.6253,439.05,76.0602,38.9026,0.1147,0.99775,85.9341,34.8193,0.9318,0.2146,0.2794,0.3642,0.2794,65.8859,3.2848,137.833,98.1244,-1,2008-04-08 16:15:00
15.4001,3.5796,8.8973,0.0129,5.4086,3.136,3.576,0.0,4.6412,533.3118,0.6435,2.1668,1.0643,0.3017,2.9451,0.0538,2.3907,0.3682,9.3851,3.276,18.6476,0.1297,2.3592,0.5489,3.3889,0.7709999999999999,78.68,41.3784,0.0961,12.4967,122.7621,626.0173,25.1991,33.199,7.01,92.7966,38.0893,0.1335,0.9982,1.3144,28.5952,0.9337,0.1966,0.3247,0.297,0.3247,65.7258,3.4787,2.3605,100.3889,-1,2008-04-08 16:31:00
13.4859,3.5482,9.0894,0.0136,7.1895,3.41,2.325,0.0,3.1381,529.3927,0.61,4.1536,1.2895,0.1649,3.768,0.077,2.1345,0.2879,8.6942,3.776,18.5853,0.1299,2.3403,0.6741,4.1601,0.7025,76.33,114.7497,0.0949,12.4278,76.5957,618.0136,20.4695,11.6186,11.79,202.9874,45.7686,0.128,0.9983,2.2271,46.3425,0.9326,0.299,0.3082,0.3588,0.3082,65.9335,2.7358,4.1245,103.6,-1,2008-04-08 17:11:00
13.4859,3.3876,9.0242,0.0105,5.5066,3.361,3.958,0.0,3.1381,529.3927,0.5863,3.4016,1.1227,0.1201,4.7292,0.0816,2.1345,0.2879,9.1502,3.62,21.2791,0.127,2.3532,0.6314,4.0441,0.7509,72.29,114.7497,0.0949,12.4278,99.389,611.5009,39.8882,18.1087,11.79,253.5773,44.81399999999999,0.1207,0.9969,2.2271,37.7415,0.9342,0.8637,0.2945,0.2879,0.2945,66.6125,4.7897,4.1245,103.3222,-1,2008-04-08 17:46:00
12.4093,2.1475,9.4593,0.0118,5.9201,3.195,4.07,0.0,30.7085,535.1736,0.7549,1.8617,1.2397,0.308,4.22,0.0778,2.4707,0.3066,8.8388,3.877,38.7128,0.1336,2.3124,0.6539,3.7035,0.75875,76.67,114.7497,0.0893,12.5698,87.3016,599.6655,22.7269,59.3942,9.84,126.6828,38.9026,0.1392,0.99775,1.8387,10.1822,0.9326,0.3464,0.3804,0.3808,0.3804,65.9055,3.1097,3.4939,101.1111,-1,2008-04-08 18:24:00
69.196,4.0269,7.8983,0.0146,4.3522,3.158,2.325,0.0,4.317,510.9145,0.61,2.5122,0.9721,0.1649,5.5141,0.0848,1.7483,1.2098,8.6942,3.428,34.5138,0.1394,2.3712,0.594,3.1537,0.7859999999999999,76.33,114.7497,0.3739,12.5088,115.3488,604.4064,17.6337,29.73115,439.05,123.739,39.9289,0.128,0.9971,85.9341,31.4696,0.931,0.299,0.3082,0.3588,0.3082,65.9335,2.7712,137.833,97.2633,-1,2008-04-08 19:58:00
13.5286,4.1015,9.4593,0.0098,5.9201,3.195,2.773,0.0,3.6066,534.9591,0.8123,1.6224,1.2397,0.2645,1.6652,0.6813,1.8002,0.2435,9.7997,3.877,39.6995,0.1417,2.3124,0.6539,3.7035,0.75875,78.25,114.7497,0.0651,12.4771,65.2361,596.9864,16.3972,20.6225,8.29,176.2282,38.9026,0.1667,0.99775,1.5497,136.3601,0.9318,0.2751,0.4115,0.3752,0.4115,64.9193,2.3943,2.9696,98.1289,-1,2008-04-08 20:32:00
17.9666,13.3252,9.0242,0.0326,5.5066,3.361,5.103,0.0,2.4066,533.9136,0.4918,3.1604,1.1227,0.3378,4.2298,0.0224,2.4527,0.4407,8.7588,3.62,39.2802,0.1323,2.3532,0.6314,4.0441,0.7509,14.14,192.2985,0.1273,12.4659,117.8744,631.4736,24.1213,24.2141,9.27,244.0673,44.81399999999999,0.0993,0.9969,1.7362,45.1768,0.934,0.9109,0.2468,0.261,0.2468,66.6948,3.2122,3.3384,103.4233,1,2008-04-08 20:58:00
14.8871,6.5265,11.2407,0.0174,5.1188,3.042,2.859,0.0,4.7245,531.6718,0.4878,2.1668,1.6137,0.215,2.9451,0.0529,2.3956,0.3566,8.7947,3.617,17.7542,0.1258,2.3596,0.623,5.1125,0.7388,76.52,192.2985,0.0966,12.4882,116.5829,620.8382,25.1991,9.4814,10.26,92.7966,45.4822,0.1163,0.9947,1.9298,28.5952,0.9329,0.9581,0.2449,0.2842,0.2449,65.9507,3.4787,3.5301,100.3889,-1,2008-04-08 21:43:00
12.3938,4.8236,11.2407,0.011,5.1188,3.042,3.576,0.0,4.7245,529.06,0.6435,2.5917,1.6137,0.3017,3.4329,0.0529,2.3468,0.2909,9.3851,3.617,19.7605,0.1315,2.3596,0.623,5.1125,0.7388,78.68,192.2985,0.0934,12.4882,100.7557,617.4573,23.9769,11.7468,8.19,216.0038,45.4822,0.1335,0.9947,1.548,54.0784,0.9329,0.1966,0.3247,0.297,0.3247,65.7258,2.9815,2.8864,102.6978,-1,2008-04-08 22:51:00
20.7877,3.1492,8.8973,0.0094,5.4086,3.136,1.946,0.0,2.7839,530.9282,0.74,1.7272,1.0643,0.2217,3.0264,0.0759,2.1959,0.4565,9.2007,3.276,40.4495,0.1254,2.3592,0.5489,3.3889,0.7709999999999999,74.57,53.6369,0.1262,12.5724,103.3333,596.9264,19.5188,16.93,11.78,78.9197,38.0893,0.1459,0.9982,2.2188,30.8039,0.9238,0.6748,0.3714,0.3119,0.3715,66.505,2.7099,4.0889999999999995,104.1067,-1,2008-04-08 23:33:00
10.9671,7.1654,11.2407,0.0142,5.1188,3.042,2.859,0.0,4.7245,529.8373,0.4878,2.1668,1.6137,0.215,2.9451,0.0529,2.3027,0.2525,8.7947,3.617,19.4876,0.1394,2.3596,0.623,5.1125,0.7388,76.52,53.6369,0.0783,12.4882,45.0704,621.5145,25.1991,48.9498,12.5,92.7966,45.4822,0.1163,0.9947,2.3592,28.5952,0.9329,0.9581,0.2449,0.2842,0.2449,65.9507,3.4787,4.32,100.3889,-1,2008-05-08 00:04:00
6.5484,6.3688,7.8238,0.0126,5.9467,3.0810000000000004,3.576,0.0,4.7245,530.9864,0.6435,1.8251,0.9444,0.3017,3.1208,0.0529,2.3854,0.1562,9.3851,3.663,16.218,0.1318,2.362,0.6207,3.0244,0.7454,78.68,53.6369,0.0556,12.4882,92.2034,612.2727,13.2401,11.7468,7.93,78.888,38.6566,0.1335,0.9989,1.4934,33.1559,0.9329,0.1966,0.3247,0.297,0.3247,65.7258,1.8145,2.4933,99.0811,-1,2008-05-08 01:12:00
66.455,4.7979,7.8238,0.0176,5.9467,3.0810000000000004,4.819,0.0,2.5341,550.5855,0.8019,2.9315,0.9444,0.2339,2.1054,0.0778,2.1543,1.4316,10.9634,3.663,27.3648,0.1335,2.362,0.6207,3.0244,0.7454,14.71,72.3776,0.3807,12.4996,70.6306,614.07,19.1157,15.0943,420.24,266.567,38.6566,0.1569,0.9989,76.32600000000001,22.2135,0.9326,0.2119,0.4039999999999999,0.364,0.4039999999999999,66.2426,2.8007,116.2324,98.1978,-1,2008-05-08 02:15:00
15.0423,3.9899,11.2407,0.0168,5.1188,3.042,3.576,0.0,4.6412,529.8309,0.6435,2.1668,1.6137,0.3017,2.9451,0.0603,2.319,0.3488,9.3851,3.617,18.6255,0.133,2.3596,0.623,5.1125,0.7388,78.68,66.4172,0.1098,12.4967,101.4634,615.5427,25.1991,15.7758,9.6,92.7966,45.4822,0.1335,0.9947,1.8119,28.5952,0.9331,0.1966,0.3247,0.297,0.3247,65.7258,3.4787,2.9717,100.3889,-1,2008-05-08 02:36:00
15.3228,6.8027,7.8983,0.0138,4.3522,3.158,4.8389999999999995,0.0,4.0202,535.1718,0.8008,1.8711,0.9721,0.1503,5.8208,0.0776,2.4874,0.3811,9.094,3.428,18.2111,0.138,2.3712,0.594,3.1537,0.7859999999999999,13.92,66.4172,0.1206,12.4371,42.5721,622.3855,23.0757,29.7801,8.14,76.0602,39.9289,0.1638,0.9971,1.521,34.8193,0.9332,0.9368,0.4024,0.256,0.4025,66.6677,3.2848,2.8505,98.1244,-1,2008-05-08 02:45:00
14.4851,5.9742,8.8973,0.018,5.4086,3.136,4.819,0.0,2.5341,534.1436,0.8019,2.9957,1.0643,0.2339,4.3588,0.0754,1.6744,0.2425,10.9634,3.276,19.7743,0.1383,2.3592,0.5489,3.3889,0.7709999999999999,14.71,115.1055,0.066,12.4996,85.3333,611.7545,26.5052,32.7151,8.3,164.5509,38.0893,0.1569,0.9982,1.5539,43.4704,0.933,0.2119,0.4039999999999999,0.364,0.4039999999999999,66.2426,3.1702,2.8582,103.0567,-1,2008-05-08 03:17:00
14.2763,5.0971,7.8983,0.0144,4.3522,3.158,2.963,0.0,4.0843,533.7727,0.645,1.8979,0.9721,0.2536,4.9359,0.0785,2.3508,0.3356,9.1638,3.428,20.2521,0.1274,2.3712,0.594,3.1537,0.7859999999999999,74.21,68.6662,0.0899,12.4867,64.6809,617.0082,13.1989,32.8864,9.7,64.1327,39.9289,0.1401,0.9971,1.8173,29.0909,0.932,0.8947,0.3236,0.2451,0.3236,66.7256,2.0627,3.349,99.22,-1,2008-05-08 03:36:00
15.7964,2.9844,7.8983,0.012,4.3522,3.158,4.8389999999999995,0.0,2.5341,536.7136,0.8008,2.5122,0.9721,0.1503,5.5141,0.0754,2.4272,0.3834,9.094,3.428,22.1592,0.1307,2.3712,0.594,3.1537,0.7859999999999999,13.92,40.8703,0.1143,12.4996,73.0097,610.43,17.6337,13.7543,7.09,123.739,39.9289,0.1638,0.9971,1.321,31.4696,0.933,0.9368,0.4024,0.256,0.4025,66.6677,2.7712,2.4813,97.2633,-1,2008-05-08 03:54:00
12.0111,10.2301,7.8983,0.0117,4.3522,3.158,4.8389999999999995,0.0,30.7085,537.0518,0.8008,1.8979,0.9721,0.1503,4.9359,0.0778,1.8363,0.2206,9.094,3.428,18.9827,0.1406,2.3712,0.594,3.1537,0.7859999999999999,13.92,22.4197,0.053,12.5698,27.8607,618.9864,13.1989,33.199,8.1,64.1327,39.9289,0.1638,0.9971,1.5082,29.0909,0.9326,0.9368,0.4024,0.256,0.4025,66.6677,2.0627,2.7748,99.22,-1,2008-05-08 04:32:00
14.1369,4.8968,11.2407,0.0261,5.1188,3.042,2.963,0.0,3.609,536.3864,0.645,1.8979,1.6137,0.2536,4.9359,0.0762,2.4386,0.3447,9.1638,3.617,21.1535,0.1316,2.3596,0.623,5.1125,0.7388,74.21,41.7833,0.1162,12.469,49.8168,621.1409,13.1989,13.7543,7.57,64.1327,45.4822,0.1401,0.9947,1.4113,29.0909,0.9343,0.8947,0.3236,0.2451,0.3236,66.7256,2.0627,2.6985,99.22,-1,2008-05-08 04:35:00
13.3049,4.3662,8.439,0.0151,5.3660000000000005,3.18,2.678,0.0,1.6033,530.7191,0.7323,2.9957,1.2596,0.306,4.3588,0.0792,2.5798,0.3432,8.9336,3.865,25.2665,0.1417,2.3756,0.6156,3.4953,0.6925,76.69,99.4503,0.1011,12.4743,127.4827,613.6064,26.5052,21.0162,6.1,164.5509,41.4186,0.1592,0.9988,1.1494,43.4704,0.934,0.2252,0.3702,0.3248,0.3702,65.1893,3.1702,1.9274,103.0567,-1,2008-05-08 05:11:00
12.64,9.2718,11.2407,0.0184,5.1188,3.042,4.8660000000000005,0.0,2.5341,533.3509,0.5736,1.5758,1.6137,0.2261,4.8913,0.0754,2.1114,0.2669,8.6667,3.617,16.2643,0.1361,2.3596,0.623,5.1125,0.7388,14.55,99.4503,0.1004,12.4996,151.5152,617.9164,13.4887,15.7758,8.09,207.3967,45.4822,0.1137,0.9947,1.5168,39.6478,0.933,0.1857,0.2885,0.3398,0.2885,66.0973,1.9792,2.9137,99.6667,-1,2008-05-08 06:10:00
11.2414,3.61,8.8973,0.009,5.4086,3.136,2.051,0.0,4.0202,534.8827,0.6453,1.7457,1.0643,0.2161,4.8919,0.0768,2.57,0.2889,9.2658,3.276,23.4847,0.1406,2.3592,0.5489,3.3889,0.7709999999999999,73.32,99.4503,0.0787,12.4371,66.7932,611.5891,15.0317,33.199,8.42,112.7325,38.0893,0.1159,0.9982,1.5742,81.0816,0.9324,0.8111,0.3241,0.2644,0.3241,66.594,2.2112,2.983,100.2811,-1,2008-05-08 06:11:00
7.1763,3.5774,8.439,0.016,5.3660000000000005,3.18,4.063,0.0,30.7085,532.7255,0.5155,4.4612,1.2596,0.4907,4.497,0.0734,1.8964,0.1361,8.7495,3.865,29.5358,0.1345,2.3756,0.6156,3.4953,0.6925,78.13,293.2614,0.047,12.5698,78.0045,619.1182,24.781999999999996,51.1223,9.6,258.2107,41.4186,0.1158,0.9988,1.802,94.7513,0.9291,0.2056,0.26,0.3399,0.26,65.9449,3.1394,3.4224,102.9356,-1,2008-05-08 06:21:00
15.5013,8.0391,11.2407,0.0123,5.1188,3.042,4.819,0.0,2.2249,529.1618,0.8019,2.4709,1.6137,0.2339,4.4453,0.0776,2.386,0.3699,10.9634,3.617,21.8375,0.1306,2.3596,0.623,5.1125,0.7388,14.71,293.2614,0.1141,12.5849,68.5714,617.8382,22.599,34.4987,8.26,123.1478,45.4822,0.1569,0.9947,1.561,27.5014,0.9332,0.2119,0.4039999999999999,0.364,0.4039999999999999,66.2426,2.9113,2.9867,101.3611,-1,2008-05-08 07:12:00
12.8759,13.5349,8.8973,0.0093,5.4086,3.136,2.634,0.0,3.3647,532.1818,0.8117,1.7272,1.0643,0.0941,3.0264,0.0224,2.2788,0.2934,9.2405,3.276,30.0601,0.1406,2.3592,0.5489,3.3889,0.7709999999999999,74.19,45.6835,0.093,12.4827,65.2038,634.3218,19.5188,17.8215,11.6,78.9197,38.0893,0.1475,0.9982,2.1797,30.8039,0.934,0.8522,0.4071,0.2901,0.4071,66.4353,2.7099,4.1584,104.1067,1,2008-05-08 07:12:00
9.8559,4.2267,11.2407,0.0167,5.1188,3.042,2.963,0.0,30.7085,536.0627,0.645,2.0861,1.6137,0.2536,4.0243,0.0785,2.3428,0.2309,9.1638,3.617,21.5957,0.1306,2.3596,0.623,5.1125,0.7388,74.21,45.6835,0.0794,12.5698,136.9193,622.09,21.3466,13.7543,9.72,91.4056,45.4822,0.1401,0.9947,1.8132,6.4988,0.932,0.8947,0.3236,0.2451,0.3236,66.7256,2.8235,3.4589,101.0956,-1,2008-05-08 07:48:00
13.663,5.1949,8.439,0.0106,5.3660000000000005,3.18,4.8389999999999995,0.0,4.317,535.7082,0.8008,1.7272,1.2596,0.1503,3.0264,0.0778,2.1497,0.2937,9.094,3.865,22.1353,0.1387,2.3756,0.6156,3.4953,0.6925,13.92,44.122,0.09,12.5088,77.2727,617.7182,19.5188,10.6336,7.77,78.9197,41.4186,0.1638,0.9988,1.4504,30.8039,0.9326,0.9368,0.4024,0.256,0.4025,66.6677,2.7099,2.7984,104.1067,-1,2008-05-08 08:50:00
16.0474,7.0574,8.8973,0.0191,5.4086,3.136,2.051,0.0,30.7085,532.4836,0.6453,2.9957,1.0643,0.2161,4.3588,0.0785,2.2079,0.3543,9.2658,3.276,20.443,0.1322,2.3592,0.5489,3.3889,0.7709999999999999,73.32,44.122,0.1139,12.5698,54.6185,618.6682,26.5052,59.3942,11.5,164.5509,38.0893,0.1159,0.9982,2.1597,43.4704,0.932,0.8111,0.3241,0.2644,0.3241,66.594,3.1702,4.0972,103.0567,-1,2008-05-08 09:48:00
17.5068,7.1799,9.1201,0.0094,5.9881,3.323,2.419,0.0,30.7085,533.3209,0.6753,1.8979,1.1828,0.3825,4.9359,0.0224,2.4315,0.4257,10.6376,3.3160000000000003,41.2374,0.1306,2.3684,0.574,3.6619,0.7681,79.48,56.8579,0.1156,12.5698,93.9683,623.51,13.1989,7.2369,5.95,64.1327,40.1518,0.1384,0.998,1.1157,29.0909,0.934,0.3063,0.3423,0.4109,0.3423,66.2535,2.0627,1.9688,99.22,-1,2008-05-08 14:17:00
10.1049,4.1464,9.6001,0.0128,5.8917,3.0660000000000003,4.6819999999999995,0.0,2.5341,528.6918,0.5751,2.5917,1.0516,0.2035,3.4329,0.6813,2.3251,0.2349,9.6272,3.785,39.9438,0.135,2.3695,0.632,3.74,0.7193,65.55,53.3157,0.0703,12.4996,301.4493,597.6182,23.9769,71.5633,10.2401,216.0038,38.9581,0.1065,0.9953,1.9369,54.0784,0.9318,0.1706,0.2904,0.3188,0.2904,66.2984,2.9815,3.7078,102.6978,-1,2008-05-08 14:45:00
8.6565,5.2587,8.439,0.0176,5.3660000000000005,3.18,3.761,0.0,4.0202,533.2491,0.6879,1.8979,1.2596,0.2183,4.9359,0.0224,2.002,0.1733,10.0686,3.865,44.0701,0.1417,2.3756,0.6156,3.4953,0.6925,76.73,248.3173,0.0521,12.4371,58.1498,619.4364,13.1989,27.1584,8.98,64.1327,41.4186,0.1366,0.9988,1.6840000000000002,29.0909,0.934,0.2887,0.3486,0.362,0.3486,65.1902,2.0627,2.7725,99.22,-1,2008-05-08 15:45:00
15.2143,4.1499,6.3787,0.0202,2.7696,3.565,4.6819999999999995,0.0,2.4066,534.6418,0.5751,2.5104,0.8687,0.2035,3.4465,0.0714,2.1732,0.3306,9.6272,3.609,29.6268,0.1307,2.3403,0.6274,2.3331,0.6956,65.55,35.555,0.099,12.4659,77.1084,616.1336,18.7645,13.7543,10.89,66.2658,36.5767,0.1065,0.9965,2.0369,21.371,0.9269,0.1706,0.2904,0.3188,0.2904,66.2984,2.3759,3.1054,99.6944,-1,2008-05-08 20:04:00
8.6062,3.6188,6.7186,0.0113,3.892,3.133,2.634,0.0,2.5341,536.4745,0.8117,1.5756,0.8531,0.0941,3.8188,0.0734,2.1084,0.1815,9.2405,3.628,32.6465,0.1315,2.3583,0.6217,2.7458,0.7609999999999999,74.19,35.555,0.0599,12.4996,243.4783,612.0164,19.2335,84.391,9.61,76.2317,40.8687,0.1475,0.9946,1.7913,39.0401,0.9291,0.8522,0.4071,0.2901,0.4071,66.4353,2.3669,3.3143,100.3989,-1,2008-05-08 21:07:00
18.6118,14.6247,8.2326,0.0149,5.2856,3.018,2.859,0.0,2.9595,531.9991,0.4878,1.5307,1.0148,0.215,4.6395,0.0786,2.3672,0.4406,8.7947,3.901,17.4684,0.1397,2.3471,0.6256,3.2236,0.7429,76.52,35.555,0.1473,12.5022,88.665,636.1173,21.1544,15.2751,8.46,70.5141,39.1564,0.1163,0.9992,1.5902,59.7459,0.9188,0.9581,0.2449,0.2842,0.2449,65.9507,2.7105,2.9183,98.3356,-1,2008-05-08 21:22:00
15.4743,9.4293,6.3787,0.0085,2.7696,3.565,5.31,0.0,1.459,533.7818,0.7153,1.4215,0.8687,0.1898,3.5498,0.0776,2.4911,0.3855,9.0998,3.609,40.5205,0.1309,2.3403,0.6274,2.3331,0.6956,13.77,188.2987,0.0945,12.3376,82.243,600.8955,22.5106,51.1223,10.21,149.675,36.5767,0.1436,0.9965,1.9128,10.6427,0.9332,0.9159,0.3587,0.2886,0.3587,66.6946,2.9181,3.6026,101.89,-1,2008-05-08 23:02:00
13.0895,6.1617,7.8983,0.013,4.3522,3.158,2.634,0.0,4.1852,534.8573,0.8117,1.8711,0.9721,0.0941,5.8208,0.0224,2.4009,0.3143,9.2405,3.428,45.7731,0.1297,2.3712,0.594,3.1537,0.7859999999999999,74.19,188.2987,0.0918,12.4247,61.7647,619.7018,23.0757,16.9402,9.05,76.0602,39.9289,0.1475,0.9971,1.692,34.8193,0.934,0.8522,0.4071,0.2901,0.4071,66.4353,3.2848,3.3063,98.1244,-1,2008-05-08 23:06:00
11.7957,8.766,10.1533,0.0162,4.1066,3.193,2.859,0.0,2.9595,532.3064,0.4878,1.5307,1.4085,0.215,4.6395,0.0786,2.5503,0.3008,8.7947,3.653,20.6385,0.1307,2.3524,0.6641,4.0441,0.7636,76.52,188.2987,0.0917,12.5022,79.661,635.9182,21.1544,37.851,8.6801,70.5141,39.8303,0.1163,0.9971,1.6306,59.7459,0.9188,0.9581,0.2449,0.2842,0.2449,65.9507,2.7105,2.8702,98.3356,-1,2008-05-08 23:38:00
14.5906,6.5423,6.7186,0.0082,3.892,3.133,2.678,0.0,4.1852,526.4382,0.7323,1.7272,0.8531,0.306,3.0264,0.0779,2.4025,0.3505,8.9336,3.628,27.4474,0.1323,2.3583,0.6217,2.7458,0.7609999999999999,76.69,87.6631,0.1086,12.4247,113.0667,604.89,19.5188,18.1087,8.52,78.9197,40.8687,0.1592,0.9946,1.6184,30.8039,0.93,0.2252,0.3702,0.3248,0.3702,65.1893,2.7099,3.0246,104.1067,-1,2008-06-08 00:04:00
12.1324,4.8764,6.7186,0.0153,3.892,3.133,2.051,0.0,2.4066,534.0064,0.6453,2.5583,0.8531,0.2161,3.6545,0.0734,2.4764,0.3005,9.2658,3.628,33.8496,0.1315,2.3583,0.6217,2.7458,0.7609999999999999,73.32,35.2148,0.1117,12.4659,62.5793,614.45,17.799,84.391,9.57,55.0367,40.8687,0.1159,0.9946,1.7921,33.3981,0.9291,0.8111,0.3241,0.2644,0.3241,66.594,2.4139,3.1047,100.5189,-1,2008-06-08 02:20:00
12.1582,3.4193,6.7186,0.0082,3.892,3.133,4.063,0.0,2.4066,531.6346,0.5155,2.5917,0.8531,0.4907,3.4329,0.0713,2.3149,0.2815,8.7495,3.628,30.2922,0.1341,2.3583,0.6217,2.7458,0.7609999999999999,78.13,71.5753,0.0945,12.4659,89.6861,605.8645,23.9769,22.7192,8.3,216.0038,40.8687,0.1158,0.9946,1.5612,54.0784,0.9302,0.2056,0.26,0.3399,0.26,65.9449,2.9815,2.7495,102.6978,-1,2008-06-08 03:22:00
23.5428,13.3705,8.8973,0.0119,5.4086,3.136,4.6819999999999995,0.0,3.609,527.1709,0.5751,1.8979,1.0643,0.2035,4.9359,0.0776,2.3873,0.562,9.6272,3.276,43.541,0.1349,2.3592,0.5489,3.3889,0.7709999999999999,65.55,289.9234,0.1916,12.469,44.8598,598.3727,13.1989,22.6253,11.21,64.1327,38.0893,0.1065,0.9982,2.1264,29.0909,0.9332,0.1706,0.2904,0.3188,0.2904,66.2984,2.0627,3.6972,99.22,1,2008-06-08 05:40:00
39.8075,4.8214,6.3787,0.0115,2.7696,3.565,3.958,0.0,4.1852,532.6609,0.5863,1.4215,0.8687,0.1201,3.5498,0.0734,2.1807,0.8681,9.1502,3.609,39.6865,0.1505,2.3403,0.6274,2.3331,0.6956,72.29,289.9234,0.2102,12.4247,93.3333,613.1073,22.5106,33.7804,11.39,149.675,36.5767,0.1207,0.9965,2.1383,10.6427,0.9291,0.8637,0.2945,0.2879,0.2945,66.6125,2.9181,3.8566,101.89,-1,2008-06-08 09:56:00
14.6817,3.4781,9.4593,0.01,5.9201,3.195,4.07,0.0,1.6033,523.4991,0.7549,2.5122,1.2397,0.308,5.5141,0.6813,1.8204,0.2673,8.8388,3.877,46.9227,0.1302,2.3124,0.6539,3.7035,0.75875,76.67,289.9234,0.0848,12.4743,52.0179,591.5455,17.6337,27.1584,6.43,123.739,38.9026,0.1392,0.99775,1.2283,31.4696,0.9318,0.3464,0.3804,0.3808,0.3804,65.9055,2.7712,2.3013,97.2633,-1,2008-06-08 09:57:00
19.3194,5.7072,9.4854,0.0138,5.3196,3.085,2.051,0.0,4.4814,466.5409,0.6453,2.2961,1.2374,0.2161,2.7164,0.0785,2.4894,0.4809,9.2658,3.937,23.5906,0.1297,2.3497,0.6559999999999999,3.72,0.7304,73.32,289.9234,0.177,12.4961,104.2424,623.5573,25.5822,59.3942,283.03,238.6018,39.2181,0.1159,0.997,60.6656,91.1645,0.932,0.8111,0.3241,0.2644,0.3241,66.594,3.6303,104.372,99.9944,-1,2008-06-08 12:33:00
11.2782,6.9102,10.1533,0.0255,4.1066,3.193,2.051,0.0,4.0202,535.6018,0.6453,2.5104,1.4085,0.2161,3.4465,0.077,2.0446,0.2306,9.2658,3.653,19.9565,0.1322,2.3524,0.6641,4.0441,0.7636,73.32,289.9234,0.0752,12.4371,46.9751,619.4227,18.7645,15.8112,11.32,66.2658,39.8303,0.1159,0.9971,2.1135,21.371,0.9326,0.8111,0.3241,0.2644,0.3241,66.594,2.3759,3.9875,99.6944,-1,2008-06-08 13:35:00
15.9735,8.6352,10.1533,0.0264,4.1066,3.193,4.8660000000000005,0.0,4.0202,531.3545,0.5736,2.0861,1.4085,0.2261,4.0243,0.0754,2.438,0.3894,8.6667,3.653,21.3459,0.1274,2.3524,0.6641,4.0441,0.7636,14.55,289.9234,0.1027,12.4371,64.1711,612.8382,21.3466,32.8864,6.29,91.4056,39.8303,0.1137,0.9971,1.1838,6.4988,0.933,0.1857,0.2885,0.3398,0.2885,66.0973,2.8235,2.1771,101.0956,-1,2008-06-08 17:35:00
15.0908,3.626,8.2326,0.0183,5.2856,3.018,2.963,0.0,2.2249,531.6273,0.645,2.0861,1.0148,0.2536,4.0243,0.0785,2.2843,0.3447,9.1638,3.901,23.7582,0.1274,2.3471,0.6256,3.2236,0.7429,74.21,289.9234,0.12,12.5849,83.3747,619.2964,21.3466,59.3942,11.73,91.4056,39.1564,0.1401,0.9992,2.2064,6.4988,0.932,0.8947,0.3236,0.2451,0.3236,66.7256,2.8235,4.2207,101.0956,-1,2008-06-08 18:00:00
20.9802,5.1101,10.1533,0.0141,4.1066,3.193,4.819,0.0,30.7085,531.8255,0.8019,1.8979,1.4085,0.2339,4.9359,0.0776,2.0893,0.4383,10.9634,3.653,23.0148,0.1353,2.3524,0.6641,4.0441,0.7636,14.71,289.9234,0.1203,12.5698,56.0886,613.9891,13.1989,35.3519,7.95,64.1327,39.8303,0.1569,0.9971,1.4949,29.0909,0.9332,0.2119,0.4039999999999999,0.364,0.4039999999999999,66.2426,2.0627,2.9281,99.22,-1,2008-06-08 18:34:00
12.4093,5.1423,6.3787,0.016,2.7696,3.565,2.963,0.0,1.8343,535.1736,0.645,2.4709,0.8687,0.2536,4.4453,0.0785,2.4707,0.3066,9.1638,3.609,22.7338,0.1337,2.3403,0.6274,2.3331,0.6956,74.21,289.9234,0.0893,12.5386,46.9636,620.6755,22.599,37.1908,9.84,123.1478,36.5767,0.1401,0.9965,1.8387,27.5014,0.932,0.8947,0.3236,0.2451,0.3236,66.7256,2.9113,3.4939,101.3611,-1,2008-06-08 19:13:00
10.039,5.6813,10.7295,0.0165,3.8568,3.0239999999999996,2.096,0.0,3.1792,534.5045,0.6293,2.5492,1.5012,0.4435,4.1983,0.0871,2.4213,0.2431,9.043,3.877,39.6517,0.1286,2.3407,0.6482,4.1005,0.7675,78.68,289.9234,0.0833,12.5816,162.3188,616.8782,27.1972,57.5388,10.13,59.558,38.2172,0.1309,0.9981,1.8952,11.2533,0.931,0.2082,0.3169,0.2901,0.3169,65.8445,3.1423,3.5979,101.8267,-1,2008-06-08 19:24:00
10.039,4.7846,10.7295,0.016,3.8568,3.0239999999999996,2.096,0.0,3.1792,534.5045,0.6293,2.5492,1.5012,0.4435,4.1983,0.0871,2.4213,0.2431,9.043,3.877,50.0217,0.1364,2.3407,0.6482,4.1005,0.7675,78.68,289.9234,0.0833,12.5816,103.8674,608.7327,27.1972,17.4245,10.13,59.558,38.2172,0.1309,0.9981,1.8952,11.2533,0.931,0.2082,0.3169,0.2901,0.3169,65.8445,3.1423,3.5979,101.8267,-1,2008-06-08 20:00:00
20.8257,4.5403,5.2422,0.0117,3.0082,3.1489999999999996,2.963,0.0,30.7085,539.0418,0.645,1.4215,0.6652,0.2536,3.5498,0.0785,2.5479,0.5306,9.1638,3.742,24.1144,0.1307,2.3505,0.6737,1.987,0.779,74.21,31.2736,0.1655,12.5698,78.6885,617.5745,22.5106,59.3942,8.84,149.675,37.9038,0.1401,0.9961,1.64,10.6427,0.932,0.8947,0.3236,0.2451,0.3236,66.7256,2.9181,2.7997,101.89,-1,2008-06-08 20:17:00
11.8756,4.1397,5.2422,0.0104,3.0082,3.1489999999999996,5.143,0.0,1.6033,531.3073,0.6451,2.5104,0.6652,0.0984,3.4465,0.0779,2.3028,0.2735,8.7487,3.742,50.757,0.135,2.3505,0.6737,1.987,0.779,14.41,112.8617,0.0768,12.4743,77.7494,581.7773,18.7645,12.0875,11.94,66.2658,37.9038,0.1316,0.9961,2.2473,21.371,0.93,0.8512,0.3244,0.236,0.3244,66.6566,2.3759,4.3037,99.6944,-1,2008-06-08 21:15:00
20.6127,6.0748,9.4854,0.0101,5.3196,3.085,3.698,0.0,1.6033,531.4036,0.5375,1.4215,1.2374,0.0856,3.5498,0.0779,2.291,0.4722,9.1784,3.937,45.4012,0.1254,2.3497,0.6559999999999999,3.72,0.7304,74.8,397.5003,0.1458,12.4743,56.4706,600.5091,22.5106,16.93,12.21,149.675,39.2181,0.1062,0.997,2.2977,10.6427,0.93,0.9135,0.2699,0.2561,0.2699,66.56,2.9181,4.1053,101.89,-1,2008-06-08 22:27:00
16.7075,5.5544,6.3787,0.0132,2.7696,3.565,5.31,0.0,1.459,536.2418,0.7153,1.4215,0.8687,0.1898,3.5498,0.0714,2.4342,0.4067,9.0998,3.609,24.9379,0.1365,2.3403,0.6274,2.3331,0.6956,13.77,397.5003,0.1398,12.3376,110.5691,621.9391,22.5106,20.6225,8.74,149.675,36.5767,0.1436,0.9965,1.6299,10.6427,0.9269,0.9159,0.3587,0.2886,0.3587,66.6946,2.9181,3.1845,101.89,-1,2008-06-08 23:40:00
13.1074,6.7229,10.1533,0.0181,4.1066,3.193,4.8660000000000005,0.0,4.0202,533.2282,0.5736,2.5104,1.4085,0.2261,3.4465,0.0754,2.3215,0.3043,8.6667,3.653,20.2591,0.1304,2.3524,0.6641,4.0441,0.7636,14.55,397.5003,0.0924,12.4371,85.7645,615.0864,18.7645,10.2028,7.11,66.2658,39.8303,0.1137,0.9971,1.3334,21.371,0.933,0.1857,0.2885,0.3398,0.2885,66.0973,2.3759,2.3687,99.6944,-1,2008-06-08 23:45:00
9.2038,6.5557,9.7683,0.0162,3.5029,3.196,2.634,0.0,4.1852,537.3973,0.8117,2.2961,1.3055,0.0941,2.7164,0.0713,2.0402,0.1878,9.2405,3.736,29.5,0.1316,2.3613,0.628,4.0188,0.7453,74.19,397.5003,0.0505,12.4247,116.5563,614.3909,25.5822,13.7543,8.27,238.6018,41.1412,0.1475,0.9982,1.5389,91.1645,0.9302,0.8522,0.4071,0.2901,0.4071,66.4353,3.6303,2.9437,99.9944,-1,2008-07-08 00:51:00
13.3699,7.3145,11.1553,0.0089,2.992,3.032,2.859,0.0,3.0592,531.2291,0.4878,2.5492,1.4348,0.215,4.1983,0.0786,2.4177,0.3232,8.7947,4.145,20.9603,0.1375,2.3389,0.6614,4.584,0.7678,76.52,397.5003,0.1055,12.4216,58.5714,635.4591,27.1972,13.7543,11.47,59.558,41.0926,0.1163,0.9942,2.1591,11.2533,0.9188,0.9581,0.2449,0.2842,0.2449,65.9507,3.1423,3.7981,101.8267,-1,2008-07-08 07:30:00
13.5286,5.8753,5.2422,0.0122,3.0082,3.1489999999999996,3.5780000000000003,0.0,3.6066,534.9591,0.5326,2.3226,0.6652,0.3283,3.4919,0.0776,1.8002,0.2435,8.755,3.742,49.0237,0.1279,2.3505,0.6737,1.987,0.779,78.27,102.894,0.0651,12.4771,54.8885,589.64,18.9433,53.157,8.29,80.9879,37.9038,0.0995,0.9961,1.5497,34.7666,0.9332,0.2327,0.2684,0.3292,0.2684,65.3441,2.3807,2.9696,100.0144,-1,2008-07-08 08:21:00
10.039,3.5277,11.1553,0.0118,2.992,3.032,2.096,0.0,4.0867,534.5045,0.6293,2.5765,1.4348,0.4435,4.0167,0.0938,2.4213,0.2431,9.043,4.145,36.8645,0.1311,2.3389,0.6614,4.584,0.7678,78.68,102.894,0.0833,12.4796,66.4311,615.4873,28.2839,17.4245,10.13,95.1609,41.0926,0.1309,0.9942,1.8952,9.6657,0.9332,0.2082,0.3169,0.2901,0.3169,65.8445,3.3742,3.5979,102.3356,-1,2008-07-08 08:45:00
12.4612,4.5025,6.7186,0.0141,3.892,3.133,3.513,0.0,3.9436,530.17,0.68,1.6224,0.8531,0.2457,1.6652,0.085,2.1279,0.2652,8.8741,3.628,18.6087,0.1289,2.3583,0.6217,2.7458,0.7609999999999999,74.27,102.894,0.0803,12.4253,126.5993,613.3427,16.3972,47.1809,11.18,176.2282,40.8687,0.1485,0.9946,2.1088,136.3601,0.9275,0.5377,0.3417,0.2716,0.3417,65.9312,2.3943,3.933,98.1289,-1,2008-07-08 08:55:00
14.338,7.5726,6.3787,0.0166,2.7696,3.565,4.819,0.0,2.5341,532.5973,0.8019,2.5104,0.8687,0.2339,3.4465,0.0778,2.0612,0.2955,10.9634,3.609,17.7568,0.1353,2.3403,0.6274,2.3331,0.6956,14.71,45.3701,0.0894,12.4996,66.5169,616.5327,18.7645,16.8093,8.7,66.2658,36.5767,0.1569,0.9965,1.6335,21.371,0.9326,0.2119,0.4039999999999999,0.364,0.4039999999999999,66.2426,2.3759,3.0409,99.6944,-1,2008-07-08 10:12:00
7.6104,2.7354,9.7683,0.0147,3.5029,3.196,1.886,0.0,3.3647,534.2527,0.6953,2.2961,1.3055,0.4453,2.7164,0.0749,1.9665,0.1497,8.7599,3.736,32.8478,0.1369999999999999,2.3613,0.628,4.0188,0.7453,79.42,58.5665,0.049,12.4827,86.8035,606.58,25.5822,13.9158,9.08,238.6018,41.1412,0.1391,0.9982,1.6996,91.1645,0.9301,0.362,0.3503,0.2789,0.3503,65.9194,3.6303,3.0504,99.9944,-1,2008-07-08 11:10:00
5.1798,5.7668,6.3787,0.0128,2.7696,3.565,4.8660000000000005,0.0,3.609,535.0655,0.5736,1.4215,0.8687,0.2261,3.5498,0.0729,2.2935,0.1188,8.6667,3.609,20.1161,0.1418,2.3403,0.6274,2.3331,0.6956,14.55,58.5665,0.0441,12.469,68.7631,621.1836,22.5106,32.8864,8.1,149.675,36.5767,0.1137,0.9965,1.5138,10.6427,0.933,0.1857,0.2885,0.3398,0.2885,66.0973,2.9181,2.8442,101.89,1,2008-07-08 11:40:00
12.3326,7.3364,5.2422,0.015,3.0082,3.1489999999999996,2.408,0.0,3.2774,531.03,0.6593,2.0299,0.6652,0.3348,4.2891,0.0746,2.2599,0.2787,8.6309,3.742,32.6343,0.138,2.3505,0.6737,1.987,0.779,78.31,131.2543,0.0784,12.5098,142.6901,634.1618,23.8911,57.5388,9.08,103.035,37.9038,0.1295,0.9961,1.7099,10.6183,0.9341,0.3166,0.3313,0.311,0.3314,65.9697,2.9731,3.1635,103.5633,-1,2008-08-08 04:55:00
15.382,5.9349,6.3787,0.0136,2.7696,3.565,3.958,0.0,4.0202,534.5873,0.5863,2.2926,0.8687,0.1201,3.8648,0.077,2.1965,0.3379,9.1502,3.609,28.0695,0.1255,2.3403,0.6274,2.3331,0.6956,72.29,131.2543,0.1078,12.4371,65.1163,614.0618,22.1896,44.248000000000005,6.99,76.9317,36.5767,0.1207,0.9965,1.3075,8.2656,0.9326,0.8637,0.2945,0.2879,0.2945,66.6125,2.897,2.4866,104.1478,-1,2008-08-08 07:26:00
14.5937,3.6881,9.4854,0.0138,5.3196,3.085,2.963,0.0,1.459,535.4327,0.645,2.955,1.2374,0.2536,4.9267,0.0762,2.3964,0.3497,9.1638,3.937,16.2355,0.1361,2.3497,0.6559999999999999,3.72,0.7304,74.21,128.2819,0.1117,12.3376,98.0306,632.4527,16.5258,16.8093,10.45,293.0355,39.2181,0.1401,0.997,1.9517,179.3389,0.9343,0.8947,0.3236,0.2451,0.3236,66.7256,2.3415,3.5589999999999997,100.2478,1,2008-08-08 08:44:00
14.0347,5.0961,8.6702,0.0155,3.2576,3.161,2.408,0.0,3.2774,536.0109,0.6593,2.0836,1.1126,0.3348,4.0317,0.0759,2.2047,0.3094,8.6309,3.925,42.2381,0.1302,2.3378,0.6745,3.4688,0.7598,78.31,128.2819,0.0838,12.5098,141.0405,624.1364,21.3122,57.5388,6.11,116.062,40.0084,0.1295,1.001,1.1399,6.9466,0.933,0.3166,0.3313,0.311,0.3314,65.9697,2.7779,1.9061,100.9333,1,2008-08-08 12:37:00
23.0452,3.686,11.4437,0.0188,6.1702,3.423,3.26,0.0,3.9024,530.5818,0.4975,2.1479,1.2397,0.2507,4.3672,0.0938,2.2833,0.5262,9.2436,3.093,52.5262,0.135,2.3997,0.606,4.2332,0.8434,67.38,223.6518,0.1506,12.5563,117.2237,605.9064,25.2959,71.5633,11.58,158.0936,36.9917,0.1068,0.9989,2.1825,43.3916,0.9332,0.1267,0.2509,0.3708,0.2509,66.5097,3.5105,3.8397,102.5333,-1,2008-08-08 20:21:00
15.0191,6.002000000000001,5.7516,0.0126,5.8848,3.531,3.313,0.0,3.9024,535.0645,0.7245,2.1479,0.7013,0.3364,4.3672,0.0952,2.2855,0.3433,8.3754,2.7230000000000003,34.5155,0.1258,2.4067,0.5065,2.129,0.83,79.06,62.1248,0.1023,12.5563,97.7778,619.5764,25.2959,39.2586,5.7,158.0936,37.0159,0.1476,0.9995,1.0653,43.3916,0.9331,0.315,0.364,0.2766,0.364,66.2622,3.5105,2.0622,102.5333,-1,2008-08-08 21:22:00
17.4104,5.6653,11.4437,0.0125,6.1702,3.423,5.31,0.0,2.9595,537.2082,0.7153,1.4077,1.2397,0.1898,2.7832,0.0786,2.4297,0.423,9.0998,3.093,39.7935,0.1349,2.3997,0.606,4.2332,0.8434,13.77,185.5679,0.161,12.5022,289.6552,616.3218,18.4097,51.1223,8.01,94.5242,36.9917,0.1436,0.9989,1.491,19.8827,0.9188,0.9159,0.3587,0.2886,0.3587,66.6946,2.6778,2.9007,99.2678,-1,2008-08-08 21:53:00
19.0155,4.8133,5.7516,0.0096,5.8848,3.531,3.313,0.0,4.4604,535.1564,0.7245,2.1479,0.7013,0.3364,4.3672,0.0952,2.2877,0.435,8.3754,2.7230000000000003,40.4755,0.1349,2.4067,0.5065,2.129,0.83,79.06,47.0849,0.14,12.5549,68.046,615.4473,25.2959,34.4987,5.72,158.0936,37.0159,0.1476,0.9995,1.0688,43.3916,0.9331,0.315,0.364,0.2766,0.364,66.2622,3.5105,1.8879,102.5333,-1,2008-08-08 22:06:00
69.196,3.9347,8.2326,0.0228,5.2856,3.018,3.5780000000000003,0.0,3.6066,510.9145,0.5326,2.2926,1.0148,0.3283,3.8648,0.6813,1.7483,1.2098,8.755,3.901,33.58,0.1362,2.3471,0.6256,3.2236,0.7429,78.27,64.8236,0.3739,12.4771,79.5411,601.3382,22.1896,53.157,439.05,76.9317,39.1564,0.0995,0.9992,85.9341,8.2656,0.9318,0.2327,0.2684,0.3292,0.2684,65.3441,2.897,137.833,104.1478,-1,2008-08-08 22:25:00
10.039,3.406,5.7516,0.0139999999999999,5.8848,3.531,2.096,0.0,4.0867,534.5045,0.6293,1.831,0.7013,0.4435,2.991,0.0938,2.4213,0.2431,9.043,2.7230000000000003,41.9354,0.133,2.4067,0.5065,2.129,0.83,78.68,143.3273,0.0833,12.4796,63.8037,611.3327,19.9788,40.593,10.13,144.1992,37.0159,0.1309,0.9995,1.8952,59.41,0.9332,0.2082,0.3169,0.2901,0.3169,65.8445,2.8813,3.5979,105.31,-1,2008-09-08 02:15:00
14.6325,4.4067,5.7516,0.0403,5.8848,3.531,1.886,0.0,1.5939,533.2418,0.6953,1.4077,0.7013,0.4453,2.7832,0.0746,2.4157,0.3535,8.7599,2.7230000000000003,35.2117,0.1375,2.4067,0.5065,2.129,0.83,79.42,143.3273,0.1221,12.548,81.10600000000001,624.7255,18.4097,11.7468,6.58,94.5242,37.0159,0.1391,0.9995,1.234,19.8827,0.9341,0.362,0.3503,0.2789,0.3503,65.9194,2.6778,2.1365,99.2678,-1,2008-09-08 02:37:00
15.2689,4.0783,8.5967,0.01,5.5788,3.287,3.313,0.0,3.9024,534.9627,0.7245,1.9355,1.2482,0.3364,2.6968,0.0952,2.342,0.3576,8.3754,3.51,40.6543,0.1268,2.3954,0.6278,3.2025,0.8374,79.06,23.3511,0.0962,12.5563,61.5385,614.0909,23.2195,39.2586,6.01,120.4922,37.2527,0.1476,0.9979,1.1234,68.4284,0.9331,0.315,0.364,0.2766,0.364,66.2622,2.9881,2.0467,98.2667,-1,2008-09-08 06:05:00
10.6375,8.3284,11.4437,0.0159,6.1702,3.423,3.102,0.0,4.7961,531.7309,0.7507,2.1479,1.2397,0.3145,4.3672,0.0993,2.3944,0.2547,9.4832,3.093,48.12,0.1274,2.3997,0.606,4.2332,0.8434,65.34,23.3511,0.091,12.5102,111.7043,604.7391,25.2959,32.8864,9.84,158.0936,36.9917,0.1447,0.9989,1.8506,43.3916,0.9334,0.1937,0.3782,0.374,0.3782,66.4374,3.5105,3.6718,102.5333,1,2008-09-08 09:16:00
11.6751,6.7649,8.5967,0.0194,5.5788,3.287,3.313,0.0,3.9024,534.6009,0.7245,1.9355,1.2482,0.3364,2.6968,0.0952,2.2614,0.264,8.3754,3.51,34.6316,0.1389,2.3954,0.6278,3.2025,0.8374,79.06,23.3511,0.0775,12.5563,93.8462,616.4127,23.2195,9.3697,5.65,120.4922,37.2527,0.1476,0.9979,1.0569,68.4284,0.9331,0.315,0.364,0.2766,0.364,66.2622,2.9881,2.0208,98.2667,-1,2008-09-08 09:22:00
6.7554,6.9769,8.5745,0.0389,3.1434,3.425,3.102,0.0,4.7961,530.9354,0.7507,2.1479,0.8555,0.3145,4.3672,0.0993,2.5619,0.1731,9.4832,3.18,45.5115,0.1386,2.4244,0.5815,3.0933,0.8764,65.34,23.3511,0.0665,12.5102,74.1021,605.9909,25.2959,82.0961,7.69,158.0936,36.0755,0.1447,0.9967,1.4484,43.3916,0.9334,0.1937,0.3782,0.374,0.3782,66.4374,3.5105,2.6177,102.5333,1,2008-09-08 11:42:00
12.284,8.3238,8.5745,0.0095,3.1434,3.425,2.634,0.0,2.9595,534.3564,0.8117,1.4077,0.8555,0.0941,2.7832,0.0786,2.5551,0.3139,9.2405,3.18,31.3063,0.1306,2.4244,0.5815,3.0933,0.8764,74.19,47.8123,0.123,12.5022,205.5866,625.27,18.4097,13.7543,9.53,94.5242,36.0755,0.1475,0.9967,1.7834,19.8827,0.9188,0.8522,0.4071,0.2901,0.4071,66.4353,2.6778,3.2732,99.2678,-1,2008-09-08 17:34:00
14.6582,8.4149,8.5745,0.0454,3.1434,3.425,5.31,0.0,2.8684,536.1964,0.7153,2.1479,0.8555,0.1898,4.3672,0.0529,2.0946,0.307,9.0998,3.18,24.8429,0.1299,2.4244,0.5815,3.0933,0.8764,13.77,213.7714,0.1009999999999999,12.5506,147.4201,615.2791,25.2959,22.6253,12.55,158.0936,36.0755,0.1436,0.9967,2.3406,43.3916,0.9329,0.9159,0.3587,0.2886,0.3587,66.6946,3.5105,4.456,102.5333,-1,2008-09-08 19:03:00
10.039,4.2114,11.4437,0.0112,6.1702,3.423,5.143,0.0,4.1588,534.5045,0.6451,1.4077,1.2397,0.0984,2.7832,0.0786,2.4213,0.2431,8.7487,3.093,45.4755,0.1438,2.3997,0.606,4.2332,0.8434,14.41,62.9443,0.0833,12.5037,136.0231,613.7136,18.4097,12.4295,10.13,94.5242,36.9917,0.1316,0.9989,1.8952,19.8827,0.9188,0.8512,0.3244,0.236,0.3244,66.6566,2.6778,3.5979,99.2678,-1,2008-09-08 20:04:00
18.4745,4.5307,8.5745,0.009,3.1434,3.425,4.8660000000000005,0.0,3.5064,532.2736,0.5736,1.638,0.8555,0.2261,4.372,0.0754,2.1116,0.3901,8.6667,3.18,22.4251,0.1307,2.4244,0.5815,3.0933,0.8764,14.55,62.9443,0.1184,12.5486,160.0,615.7773,14.5888,59.3942,9.98,81.2474,36.0755,0.1137,0.9967,1.875,32.6039,0.933,0.1857,0.2885,0.3398,0.2885,66.0973,1.7568,3.3933,102.6444,-1,2008-09-08 21:07:00
19.563,4.9413,9.0943,0.0115,5.5494,3.085,2.634,0.0,2.8684,537.6355,0.8117,1.876,1.0931,0.0941,1.7379,0.0796,2.1349,0.4176,9.2405,3.987,31.2675,0.1304,2.3408,0.6738,3.3945,0.7536,74.19,62.9443,0.1159999999999999,12.5506,113.6364,631.8491,22.0117,33.199,7.98,243.8362,37.3256,0.1475,0.9944,1.4843,49.9291,0.9172,0.8522,0.4071,0.2901,0.4071,66.4353,3.2847,2.7707,98.7567,-1,2008-09-08 22:15:00
7.4657,8.1183,9.0943,0.013,5.5494,3.085,4.8660000000000005,0.0,30.7085,535.1318,0.5736,1.638,1.0931,0.2261,4.372,0.0729,2.381,0.1778,8.6667,3.987,16.8014,0.1297,2.3408,0.6738,3.3945,0.7536,14.55,62.9443,0.0523,12.5698,252.6316,623.9345,14.5888,59.3942,9.69,81.2474,37.3256,0.1137,0.9944,1.8108,32.6039,0.933,0.1857,0.2885,0.3398,0.2885,66.0973,1.7568,3.4043,102.6444,-1,2008-09-08 22:37:00
10.4655,2.9643,8.5745,0.0085,3.1434,3.425,2.408,0.0,1.459,535.3736,0.6593,1.638,0.8555,0.3348,4.372,0.0793,2.3921,0.2503,8.6309,3.18,43.9105,0.1256,2.4244,0.5815,3.0933,0.8764,78.31,62.9443,0.0751,12.3376,126.9231,608.4018,14.5888,57.5388,8.97,81.2474,36.0755,0.1295,0.9967,1.6755,32.6039,0.9331,0.3166,0.3313,0.311,0.3314,65.9697,1.7568,3.2348,102.6444,-1,2008-09-08 23:17:00
10.4655,3.8138,11.4437,0.0245,6.1702,3.423,2.869,0.0,1.459,535.3736,0.4402,1.638,1.2397,0.2467,4.372,0.0785,2.3921,0.2503,8.8945,3.093,38.597,0.1372,2.3997,0.606,4.2332,0.8434,74.84,62.9443,0.0751,12.3376,41.6185,605.2236,14.5888,22.6253,8.97,81.2474,36.9917,0.0965,0.9989,1.6755,32.6039,0.9343,0.7593,0.2211,0.2922,0.2211,66.5574,1.7568,3.2348,102.6444,-1,2008-09-08 23:34:00
14.0347,2.8962,9.0943,0.0104,5.5494,3.085,2.408,0.0,2.4657,536.0109,0.6593,1.876,1.0931,0.3348,1.7379,0.0816,2.2047,0.3094,8.6309,3.987,41.8842,0.1357,2.3408,0.6738,3.3945,0.7536,78.31,100.9102,0.0838,12.5724,84.5666,616.4609,22.0117,57.5388,6.11,243.8362,37.3256,0.1295,0.9944,1.1399,49.9291,0.9317,0.3166,0.3313,0.311,0.3314,65.9697,3.2847,1.9061,98.7567,-1,2008-10-08 00:09:00
9.9979,4.0304,8.5745,0.0104,3.1434,3.425,2.635,0.0,2.4657,532.67,0.8617,2.1138,0.8555,0.4231,2.9778,0.0763,2.2124,0.2212,9.8481,3.18,26.5902,0.1311,2.4244,0.5815,3.0933,0.8764,64.83,0.0,0.0732,12.5724,89.3204,588.2882,18.4348,57.5388,8.8,86.2659,36.0755,0.1781,0.9967,1.6521,31.579,0.9339,0.1742,0.4381,0.4033,0.4381,66.3923,2.4201,3.174,106.3122,-1,2008-10-08 00:46:00
8.912,3.4412,5.7516,0.046,5.8848,3.531,5.31,0.0,2.8684,536.36,0.7153,1.4077,0.7013,0.1898,2.7832,0.0821,2.2707,0.2024,9.0998,2.7230000000000003,46.6654,0.1299,2.4067,0.5065,2.129,0.83,13.77,0.0,0.0552,12.5506,65.99600000000001,614.2455,18.4097,20.6779,10.12,94.5242,37.0159,0.1436,0.9995,1.8868,19.8827,0.9163,0.9159,0.3587,0.2886,0.3587,66.6946,2.6778,3.4818,99.2678,1,2008-10-08 06:00:00
45.2513,2.9581,11.4437,0.0116,6.1702,3.423,2.408,0.0,2.4657,367.44,0.6593,2.1138,1.2397,0.3348,2.9778,0.0529,2.4357,1.1022,8.6309,3.093,24.847,0.1387,2.3997,0.606,4.2332,0.8434,78.31,0.0,0.256,12.5724,69.0647,606.91,18.4348,17.4245,142.5,86.2659,36.9917,0.1295,0.9989,38.7818,31.579,0.9329,0.3166,0.3313,0.311,0.3314,65.9697,2.4201,36.6385,106.3122,-1,2008-10-08 06:41:00
16.1636,10.0883,8.5745,0.0203,3.1434,3.425,5.31,0.0,4.1588,536.0336,0.7153,1.4077,0.8555,0.1898,2.7832,0.0786,2.2646,0.366,9.0998,3.18,19.9389,0.1358,2.4244,0.5815,3.0933,0.8764,13.77,264.7525,0.1074,12.5037,77.6903,633.6118,18.4097,51.1223,7.3701,94.5242,36.0755,0.1436,0.9967,1.3749,19.8827,0.9188,0.9159,0.3587,0.2886,0.3587,66.6946,2.6778,2.592,99.2678,1,2008-10-08 07:01:00
10.1049,7.7442,5.2422,0.0109,3.0082,3.1489999999999996,3.074,0.0,3.609,528.6918,0.5545,1.9517,0.6652,0.3557,3.7371,0.0778,2.3251,0.2349,8.8249,3.742,39.6821,0.1345,2.3505,0.6737,1.987,0.779,78.29,264.7525,0.0703,12.469,86.7725,602.3136,18.3516,22.6253,10.2401,45.6921,37.9038,0.1147,0.9961,1.9369,22.0467,0.9326,0.2146,0.2794,0.3642,0.2794,65.8859,2.1229,3.7078,100.2256,-1,2008-10-08 11:16:00
10.4655,3.3268,9.0943,0.0109,5.5494,3.085,2.635,0.0,1.459,535.3736,0.8617,1.876,1.0931,0.4231,1.7379,0.0724,2.3921,0.2503,9.8481,3.987,39.091,0.1311,2.3408,0.6738,3.3945,0.7536,64.83,264.7525,0.0751,12.3376,202.7397,619.3755,22.0117,57.5388,8.97,243.8362,37.3256,0.1781,0.9944,1.6755,49.9291,0.9331,0.1742,0.4381,0.4033,0.4381,66.3923,3.2847,3.2348,98.7567,-1,2008-10-08 11:49:00
10.2908,3.7055,7.8238,0.0161,5.9467,3.0810000000000004,2.325,0.0,4.317,530.5091,0.61,2.9957,0.9444,0.1649,4.3588,0.0683,2.3854,0.2455,8.6942,3.663,21.9235,0.1302,2.362,0.6207,3.0244,0.7454,76.33,264.7525,0.0661,12.5088,64.9652,617.7536,26.5052,13.9158,11.18,164.5509,38.6566,0.128,0.9989,2.1074,43.4704,0.9284,0.299,0.3082,0.3588,0.3082,65.9335,3.1702,4.1318,103.0567,-1,2008-10-08 12:22:00
17.2239,8.285,8.5967,0.0139,5.5788,3.287,1.946,0.0,1.5939,532.0545,0.74,1.4077,1.2482,0.2217,2.7832,0.0746,2.5380000000000003,0.4371,9.2007,3.51,34.6022,0.1253,2.3954,0.6278,3.2025,0.8374,74.57,118.2289,0.1218,12.548,74.6667,627.4173,18.4097,69.6312,9.38,94.5242,37.2527,0.1459,0.9979,1.763,19.8827,0.9341,0.6748,0.3714,0.3119,0.3715,66.505,2.6778,3.5158,99.2678,1,2008-10-08 15:59:00
12.4002,6.4110000000000005,5.7516,0.0127,5.8848,3.531,3.057,0.0,2.8684,534.5918,0.4166,1.4077,0.7013,0.2628,2.7832,0.077,2.397,0.2972,8.6324,2.7230000000000003,49.9263,0.135,2.4067,0.5065,2.129,0.83,76.99,211.6182,0.1027,12.5506,126.8966,614.4718,18.4097,32.2583,6.98,94.5242,37.0159,0.0779,0.9995,1.3057,19.8827,0.9154,0.3727,0.2087,0.3533,0.2087,66.0701,2.6778,2.3009,99.2678,-1,2008-10-08 19:07:00
16.7292,14.3439,11.4437,0.0154,6.1702,3.423,3.958,0.0,1.5939,532.4191,0.5863,1.4077,1.2397,0.1201,2.7832,0.0746,2.3255,0.389,9.1502,3.093,34.9855,0.1365,2.3997,0.606,4.2332,0.8434,72.29,211.6182,0.1279,12.548,123.5443,626.8609,18.4097,59.3942,12.41,94.5242,36.9917,0.1207,0.9989,2.3309,19.8827,0.9341,0.8637,0.2945,0.2879,0.2945,66.6125,2.6778,4.21,99.2678,1,2008-10-08 20:07:00
9.6275,5.7213,11.4437,0.0112,6.1702,3.423,4.8389999999999995,0.0,2.2249,535.6864,0.8008,1.9688,1.2397,0.1503,3.1462,0.0776,1.908,0.1837,9.094,3.093,21.8247,0.1348,2.3997,0.606,4.2332,0.8434,13.92,211.6182,0.0513,12.5849,171.1628,611.5936,19.3847,84.391,10.25,111.5946,36.9917,0.1638,0.9989,1.9134,14.0706,0.9332,0.9368,0.4024,0.256,0.4025,66.6677,2.5481,3.6083,103.34,1,2008-10-08 22:26:00
12.8472,8.1842,8.5163,0.0143,2.4339,3.1319999999999997,2.4219999999999997,0.0,4.675,533.8218,0.4782,2.6446,0.8967,0.2744,4.1538,0.0964,2.097,0.2694,8.5155,4.147,38.1045,0.1349,2.3314,0.6819,3.2395,0.7138,78.67,170.4645,0.0745,12.6202,60.1626,631.7745,27.6647,64.609,8.14,101.8407,38.0387,0.092,0.9966,1.5248,12.9891,0.9359,0.2984,0.2393,0.3122,0.2392,66.2008,3.5086,3.003,104.7444,-1,2008-11-08 03:06:00
20.6678,6.2537,8.5163,0.0146,2.4339,3.1319999999999997,3.141,0.0,4.675,535.7864,0.4365,2.6446,0.8967,0.3307,4.1538,0.0964,2.1227,0.4387,8.872,4.147,39.8719,0.133,2.3314,0.6819,3.2395,0.7138,77.67,170.4645,0.1357,12.6202,56.7164,628.6464,27.6647,82.0961,7.23,101.8407,38.0387,0.0887,0.9966,1.3494,12.9891,0.9359,0.3695,0.2196,0.3258,0.2196,66.178,3.5086,2.5711,104.7444,-1,2008-11-08 04:09:00
18.4287,8.6072,8.5163,0.0149,2.4339,3.1319999999999997,4.447,0.0,4.0622,531.0818,0.7952,1.6909,0.8967,0.3128,4.7062,0.0993,2.3445,0.4321,9.2362,4.147,48.6919,0.135,2.3314,0.6819,3.2395,0.7138,62.65,170.4645,0.1178,12.5547,101.8182,608.9473,29.168000000000003,48.3013,9.0,57.5419,38.0387,0.1583,0.9966,1.6947,13.4388,0.9334,0.0938,0.4004,0.3382,0.4004,66.3788,3.8798,3.0876,102.2522,-1,2008-11-08 05:15:00
26.5334,5.1848,10.2768,0.0289,2.988,3.043,3.708,0.0,4.675,532.5227,0.7769,2.7482,1.2764,0.3465,3.9627,0.0964,2.0369,0.5405,8.8287,4.484,30.1062,0.1386,2.3275,0.693,4.0485,0.7085,78.11,170.4645,0.1689999999999999,12.6202,157.377,635.5,26.7883,82.0961,9.62,119.7941,39.3945,0.1501,0.9968,1.8065,11.9196,0.9359,0.2356,0.3904,0.3037,0.3904,66.2532,3.3854,3.3152,106.6711,-1,2008-11-08 11:35:00
15.3597,3.5925,8.5163,0.0123,2.4339,3.1319999999999997,3.057,0.0,4.0622,534.9427,0.4166,1.6909,0.8967,0.2628,4.7062,0.0993,1.9155,0.2942,8.6324,4.147,47.3726,0.1253,2.3314,0.6819,3.2395,0.7138,76.99,112.5819,0.09,12.5547,160.4938,608.7764,29.168000000000003,39.8805,6.6,57.5419,38.0387,0.0779,0.9966,1.2338,13.4388,0.9334,0.3727,0.2087,0.3533,0.2087,66.0701,3.8798,2.2951,102.2522,-1,2008-11-08 12:38:00
13.5286,2.9261,8.439,0.0221,5.3660000000000005,3.18,2.325,0.0,3.609,534.9591,0.61,2.9957,1.2596,0.1649,4.3588,0.0848,1.8002,0.2435,8.6942,3.865,15.1094,0.1299,2.3756,0.6156,3.4953,0.6925,76.33,112.5819,0.0651,12.469,95.5975,619.7764,26.5052,51.1223,8.29,164.5509,41.4186,0.128,0.9988,1.5497,43.4704,0.931,0.299,0.3082,0.3588,0.3082,65.9335,3.1702,2.9696,103.0567,-1,2008-12-08 04:23:00
15.5379,6.8912,4.4466,0.011,2.0545,3.09,3.074,0.0,3.1381,531.9955,0.5545,3.1010000000000004,0.564,0.3557,2.8747,0.0792,2.2473,0.3492,8.8249,4.66,47.6581,0.1358,2.3026,0.7232,1.6573,0.6955,78.29,104.0012,0.102,12.4278,33.383,604.3445,19.8068,57.5388,9.03,152.8787,37.2712,0.1147,0.9969,1.6974,40.0643,0.9307,0.2146,0.2794,0.3642,0.2794,65.8859,2.656,2.9407,96.9967,-1,2008-12-08 06:16:00
10.039,4.1991,4.4466,0.0188,2.0545,3.09,2.096,0.0,4.4604,534.5045,0.6293,3.4449,0.564,0.4435,4.5044,0.0938,2.4213,0.2431,9.043,4.66,37.1656,0.1254,2.3026,0.7232,1.6573,0.6955,78.68,78.1942,0.0833,12.5549,86.8217,615.0882,29.7925,40.593,10.13,183.5049,37.2712,0.1309,0.9969,1.8952,46.4746,0.9332,0.2082,0.3169,0.2901,0.3169,65.8445,3.9501,3.5979,104.9322,-1,2008-12-08 10:54:00
10.4655,3.7271,4.4466,0.0205,2.0545,3.09,2.869,0.0,1.459,535.3736,0.4402,2.9109,0.564,0.2467,2.2154,0.0801,2.3921,0.2503,8.8945,4.66,30.2755,0.1291,2.3026,0.7232,1.6573,0.6955,74.84,188.2466,0.0751,12.3376,124.5614,615.2755,24.0694,59.3942,8.97,170.9853,37.2712,0.0965,0.9969,1.6755,84.3852,0.9308,0.7593,0.2211,0.2922,0.2211,66.5574,3.805,3.2348,105.7289,-1,2008-12-08 11:29:00
11.4341,3.9221,4.4466,0.0097,2.0545,3.09,5.31,0.0,4.0622,537.9418,0.7153,3.0839999999999996,0.564,0.1898,4.4445,0.0993,1.9847,0.2269,9.0998,4.66,49.2895,0.134,2.3026,0.7232,1.6573,0.6955,13.77,0.0,0.0762,12.5547,150.8046,606.7182,31.1926,22.7192,9.91,137.6866,37.2712,0.1436,0.9969,1.8422,37.9267,0.9334,0.9159,0.3587,0.2886,0.3587,66.6946,3.9593,3.335,106.8833,-1,2008-12-08 12:04:00
17.0534,4.6918,9.8505,0.0141,3.8185,3.533,2.4219999999999997,0.0,4.675,533.9245,0.4782,2.6876,1.2968,0.2744,3.2794,0.0964,2.134,0.3639,8.5155,2.948,39.8602,0.1252,2.3907,0.5923,3.621,0.8487,78.67,76.4584,0.1064,12.6202,68.6695,632.7136,23.7969,11.7468,7.87,73.4476,36.7594,0.092,0.9958,1.474,18.5458,0.9359,0.2984,0.2393,0.3122,0.2392,66.2008,2.9645,2.7079,105.9356,-1,2008-08-13 02:48:00
13.19,3.3351,11.4921,0.0226,3.3223,3.2689999999999997,2.869,0.0,1.459,538.5064,0.4402,2.2396,1.4083,0.2467,3.5241,0.0801,2.5244,0.3329999999999999,8.8945,4.518,42.2686,0.1345,2.3171,0.7328,4.3617,0.6489,74.84,76.4584,0.1069,12.3376,167.2026,603.3,22.0716,59.3942,8.11,104.9407,37.9538,0.0965,0.9969,1.506,8.992,0.9308,0.7593,0.2211,0.2922,0.2211,66.5574,2.8139,2.6391,102.1067,-1,2008-08-15 03:26:00
14.1153,8.3146,4.9654,0.016,3.0276,3.253,2.1630000000000003,0.0,4.1827,529.2545,0.6679,1.5597,0.5479,0.2043,2.2107,0.1013,1.7725,0.2502,9.219,2.8310000000000004,39.4515,0.1351,2.3911,0.4951,1.761,0.8059999999999999,77.9,76.4584,0.0719,12.4322,37.5,614.1391,17.0619,17.045,9.09,90.314,35.4653,0.1403,0.9985,1.7175,18.76,0.9354,0.1908,0.3375,0.2828,0.3375,65.8265,2.1615,3.0562,101.9111,-1,2008-08-15 04:14:00
16.5142,5.5864,8.7017,0.0156,4.4111,3.197,3.645,0.0,4.8369,534.84,0.7405,2.2417,1.1345,0.297,2.2989,0.0937,1.4942,0.2467,8.5218,4.467,30.7798,0.1314,2.2935,0.7352,3.1058,0.6926,78.42,76.4584,0.0704,12.4047,68.0851,624.5164,20.4503,15.2751,10.18,192.1582,35.6918,0.1556,0.9952,1.9034,42.23,0.9293,0.243,0.3729,0.307,0.3729,66.1861,2.6436,3.2179,98.8056,-1,2008-08-15 05:13:00
10.3231,6.4151,7.8932,0.0157,3.1672,3.1260000000000003,2.5469999999999997,0.0,2.4081,535.21,0.7697,2.3525,0.8069,0.4133,2.5582,0.0976,2.1136,0.2182,8.828,4.782,20.1394,0.1256,2.31,0.7308,2.8628,0.6492,77.17,76.4584,0.0641,12.4578,70.7483,611.1245,17.9526,40.469,7.97,87.5797,36.2694,0.1565,0.9936,1.4891,7.3253,0.9363,0.4354,0.3869,0.2834,0.3869,66.2347,2.1241,2.8698,101.93,-1,2008-08-15 09:38:00
8.2046,3.7268,7.8932,0.0103,3.1672,3.1260000000000003,5.364,0.0,2.4081,532.7,0.8436,2.3525,0.8069,0.3673,2.5582,0.0939,2.3601,0.1936,9.2281,4.782,18.8275,0.1364,2.31,0.7308,2.8628,0.6492,16.36,76.4584,0.0595,12.4578,68.6275,608.6109,17.9526,40.469,10.46,87.5797,36.2694,0.1688,0.9936,1.9636,7.3253,0.9359,0.2481,0.4241,0.296,0.4241,66.4082,2.1241,3.7087,101.93,-1,2008-08-15 10:14:00
9.504,3.4881,7.8932,0.008,3.1672,3.1260000000000003,3.923,0.0,4.675,532.7482,0.6175,2.0024,0.8069,0.4039,3.4549,0.0964,2.2585,0.2146,9.2655,4.782,39.9106,0.1249,2.31,0.7308,2.8628,0.6492,11.52,76.4584,0.0666,12.6202,106.383,626.17,20.4422,45.6897,5.83,138.6382,36.2694,0.1193,0.9936,1.0943,58.2004,0.9359,0.1371,0.3108,0.3458,0.3108,65.76899999999999,2.4807,1.8628,103.1656,-1,2008-08-15 11:42:00
13.3006,8.4806,8.9504,0.0129,3.5452,3.276,3.708,0.0,4.7554,534.9527,0.7769,3.762,1.0632,0.3465,2.6768,0.0949,2.2757,0.3027,8.8287,3.0239999999999996,20.7358,0.1329,2.366,0.5233,3.3912,0.8123,78.11,76.4584,0.103,12.4069,106.136,620.2264,18.1248,32.8864,6.87,238.98,37.8886,0.1501,0.9978,1.2842,48.1286,0.9315,0.2356,0.3904,0.3037,0.3904,66.2532,2.2629,2.4053,104.13,-1,2008-08-15 18:19:00
11.0755,6.2662,9.7436,0.0249,4.0632,3.3339999999999996,3.417,0.0,4.8957,537.2691,0.8358,1.7199,1.1995,0.4589999999999999,2.5577,0.0977,2.0028,0.2218,8.8513,2.923,25.0247,0.1246,2.3632,0.5103,3.5581,0.8115,76.23,76.4584,0.0657,12.46,103.5971,607.6336,18.9885,40.469,7.07,89.141,36.5174,0.1507,0.9988,1.3159,25.0544,0.9367,0.2693,0.4191,0.2847,0.4191,66.2673,2.7404,2.4569,101.9133,-1,2008-08-15 19:19:00
19.4477,12.0902,8.9504,0.0122,3.5452,3.276,3.645,0.0,4.7554,531.97,0.7405,2.2417,1.0632,0.297,2.2989,0.0937,2.2792,0.4433,8.5218,3.0239999999999996,26.2905,0.1369,2.366,0.5233,3.3912,0.8123,78.42,38.9781,0.1324,12.4069,81.6327,623.3055,20.4503,63.2168,7.87,192.1582,37.8886,0.1556,0.9978,1.4794,42.23,0.9293,0.243,0.3729,0.307,0.3729,66.1861,2.6436,2.7978,98.8056,-1,2008-08-15 20:00:00
18.0566,3.8906,12.3364,0.0178,2.6309,3.286,3.645,0.0,4.7554,531.8709,0.7405,4.0725,1.3283,0.297,3.4526,0.0937,2.2561,0.4074,8.5218,2.969,18.2764,0.1324,2.3805,0.5066,4.4243,0.8269,78.42,38.9781,0.1457,12.4069,125.2396,630.3318,20.1792,39.2586,9.75,351.82800000000003,35.8638,0.1556,0.9982,1.8332,59.14,0.9293,0.243,0.3729,0.307,0.3729,66.1861,2.2036,3.4097,105.56,-1,2008-08-15 20:03:00
13.5991,4.3994,9.7436,0.0147,4.0632,3.3339999999999996,3.0210000000000004,0.0,4.8957,508.2764,0.5868,1.9432,1.1995,0.3006,2.8868,0.0976,2.0687,0.2813,8.5266,2.923,19.3876,0.135,2.3632,0.5103,3.5581,0.8115,78.1,38.9781,0.0787,12.46,90.9953,611.4836,18.3816,40.469,272.41,70.5477,36.5174,0.1091,0.9988,53.5949,8.8801,0.9363,0.3808,0.2951,0.2484,0.2951,66.192,2.2283,81.6568,105.0367,-1,2008-08-15 23:31:00
14.7886,7.4258,8.9504,0.0137,3.5452,3.276,2.7460000000000004,0.0,4.6802,534.82,0.7802,2.0831,1.0632,0.1558,2.4919,0.0968,1.8025,0.2666,9.7484,3.0239999999999996,13.7158,0.139,2.366,0.5233,3.3912,0.8123,63.86,38.9781,0.0775,12.6063,65.3846,613.2836,20.8219,44.8745,7.72,78.4343,37.8886,0.1638,0.9978,1.4435,9.7087,0.9348,0.0947,0.3907,0.3028,0.3907,66.4937,2.9058,2.6278,99.0522,-1,2008-08-16 02:21:00
10.8388,6.3958,8.0982,0.0128,3.5528,3.345,2.4219999999999997,0.0,4.3555,533.3809,0.4782,1.8081,0.9957,0.2744,3.4856,0.0968,1.5992,0.1733,8.5155,2.992,36.4489,0.128,2.3646,0.5126,2.866,0.838,78.67,38.9781,0.0483,12.6278,62.3377,605.3018,14.1672,33.4076,9.33,102.2441,35.3906,0.092,0.998,1.7492,24.8743,0.9348,0.2984,0.2393,0.3122,0.2392,66.2008,2.1064,3.4068,95.4256,-1,2008-08-16 05:47:00
15.0505,4.7052,8.0982,0.0115,3.5528,3.345,3.708,0.0,4.1827,533.8691,0.7769,1.9511,0.9957,0.3465,2.2816,0.1004,2.0721,0.3119,8.8287,2.992,14.9671,0.133,2.3646,0.5126,2.866,0.838,78.11,38.9781,0.0921,12.4322,175.3425,617.3018,18.8948,44.8745,7.48,69.936,35.3906,0.1501,0.998,1.4011,26.6905,0.9337,0.2356,0.3904,0.3037,0.3904,66.2532,2.7585,2.7214,98.6822,-1,2008-08-16 06:52:00
12.8366,3.996,8.0982,0.0121,3.5528,3.345,3.057,0.0,4.6064,535.9764,0.4166,2.2417,0.9957,0.2628,2.2989,0.094,2.2302,0.2863,8.6324,2.992,35.0597,0.135,2.3646,0.5126,2.866,0.838,76.99,0.0,0.0951,12.3741,92.6503,608.1227,20.4503,71.5633,7.22,192.1582,35.3906,0.0779,0.998,1.3471,42.23,0.9331,0.3727,0.2087,0.3533,0.2087,66.0701,2.6436,2.4928,98.8056,-1,2008-08-16 07:33:00
16.8002,7.4999,8.0982,0.0143,3.5528,3.345,2.888,0.0,4.6064,531.5982,0.982,2.2417,0.9957,0.2793,2.2989,0.0949,1.5656,0.263,9.5642,2.992,26.8975,0.1357,2.3646,0.5126,2.866,0.838,74.48,61.6014,0.0832,12.3741,37.594,622.1982,20.4503,19.874,8.55,192.1582,35.3906,0.1953,0.998,1.6084,42.23,0.9315,0.1625,0.4946,0.3476,0.4946,65.7964,2.6436,2.78,98.8056,-1,2008-08-16 08:39:00
21.411,4.5757,8.0982,0.0163,3.5528,3.345,2.543,0.0,2.4081,529.6709,0.6809999999999999,1.7199,0.9957,0.3513,2.5577,0.0803,2.4583,0.5263,8.6406,2.992,21.4764,0.1275,2.3646,0.5126,2.866,0.838,77.83,44.1754,0.1473,12.4578,75.5906,613.9382,18.9885,15.2895,11.36,89.141,35.3906,0.1372,0.998,2.1447,25.0544,0.9282,0.792,0.341,0.2093,0.341,66.0053,2.7404,3.9365,101.9133,-1,2008-08-16 08:41:00
15.6838,5.6325,8.9504,0.0126,3.5452,3.276,2.9389999999999996,0.0,4.6802,531.9191,0.6261,2.0269999999999997,1.0632,0.2668,3.8427,0.0968,1.757,0.2756,9.3998,3.0239999999999996,18.5633,0.1307,2.366,0.5233,3.3912,0.8123,65.12,44.1754,0.074,12.6063,65.3061,613.8309,33.9937,39.2586,8.45,48.8869,37.8886,0.1237,0.9978,1.5886,28.8464,0.9348,0.1327,0.3156,0.3335,0.3155,66.3747,4.9214,3.0961,105.0467,1,2008-08-16 09:44:00
7.507999999999999,3.4933,10.6569,0.0161,4.0192,3.531,3.417,0.0,2.8106,535.9227,0.8358,2.3804,1.2963,0.4589999999999999,4.2783,0.1019,1.911,0.1435,8.8513,2.9419999999999997,16.1776,0.135,2.3704,0.5474,3.7035,0.7987,76.23,170.5841,0.0437,12.4527,0.0,606.8491,28.4663,31.5183,8.65,144.9005,34.7521,0.1507,0.9981,1.614,27.6491,0.9378,0.2693,0.4191,0.2847,0.4191,66.2673,4.1589,3.1242,100.7256,-1,2008-08-16 13:51:00
8.2046,7.4219,10.6569,0.0127,4.0192,3.531,3.0210000000000004,0.0,4.8957,532.7,0.5868,2.3804,1.2963,0.3006,4.2783,0.0976,2.3601,0.1936,8.5266,2.9419999999999997,24.1247,0.1308,2.3704,0.5474,3.7035,0.7987,78.1,51.9199,0.0595,12.46,0.0,612.0127,28.4663,15.9891,10.46,144.9005,34.7521,0.1091,0.9981,1.9636,27.6491,0.9363,0.3808,0.2951,0.2484,0.2951,66.192,4.1589,3.7087,100.7256,-1,2008-08-16 14:30:00
9.8177,5.9411,10.6569,0.0141,4.0192,3.531,3.417,0.0,4.8957,537.2809,0.8358,1.9767,1.2963,0.4589999999999999,3.4096,0.0977,2.0931,0.2055,8.8513,2.9419999999999997,21.7381,0.1249,2.3704,0.5474,3.7035,0.7987,76.23,30.2219,0.0615,12.46,68.8372,609.3136,27.5893,40.469,6.8,97.2016,34.7521,0.1507,0.9981,1.2656,36.3468,0.9367,0.2693,0.4191,0.2847,0.4191,66.2673,4.0798,2.3023,97.2756,-1,2008-08-16 15:16:00
14.2564,8.0386,8.0982,0.0201,3.5528,3.345,3.645,0.0,4.6064,533.8327,0.7405,2.2417,0.9957,0.297,2.2989,0.0949,1.5604,0.2225,8.5218,2.992,27.9009,0.1318,2.3646,0.5126,2.866,0.838,78.42,30.2219,0.0623,12.3741,98.9474,619.9673,20.4503,19.874,9.28,192.1582,35.3906,0.1556,0.998,1.7384,42.23,0.9315,0.243,0.3729,0.307,0.3729,66.1861,2.6436,3.3426,98.8056,1,2008-08-16 15:19:00
23.7218,8.8334,7.4873,0.0133,4.5224,3.341,2.9389999999999996,0.0,4.6802,529.2827,0.6261,1.9511,1.1,0.2668,2.2816,0.0946,2.2933,0.544,9.3998,2.6319999999999997,19.1593,0.1389,2.3834,0.4541,2.7454,0.823,65.12,21.6559,0.1529,12.6063,111.3924,631.5845,18.8948,9.3697,9.74,69.936,36.6674,0.1237,0.9962,1.8402,26.6905,0.9341,0.1327,0.3156,0.3335,0.3155,66.3747,2.7585,3.5759,98.6822,-1,2008-08-16 23:48:00
10.6314,4.3832,7.4873,0.0144,4.5224,3.341,2.543,0.0,2.4081,530.9864,0.6809999999999999,2.0781,1.1,0.3513,3.7397,0.0803,2.4457,0.26,8.6406,2.6319999999999997,21.3926,0.131,2.3834,0.4541,2.7454,0.823,77.83,51.8065,0.0653,12.4578,44.3243,612.27,22.953000000000003,17.5662,11.13,127.8756,36.6674,0.1372,0.9962,2.0961,10.785,0.9282,0.792,0.341,0.2093,0.341,66.0053,2.7803,4.0124,99.9211,-1,2008-08-17 00:52:00
15.0058,3.0996,7.4873,0.0124,4.5224,3.341,5.364,0.0,4.8957,529.5091,0.8436,2.0781,1.1,0.3673,3.7397,0.0803,2.5085,0.3764,9.2281,2.6319999999999997,21.0896,0.1343,2.3834,0.4541,2.7454,0.823,16.36,31.4679,0.1128,12.46,57.4713,616.9745,22.953000000000003,15.2751,11.37,127.8756,36.6674,0.1688,0.9962,2.1473,10.785,0.9282,0.2481,0.4241,0.296,0.4241,66.4082,2.7803,3.8883,99.9211,-1,2008-08-17 01:53:00
7.9639,5.5785,7.4873,0.0093,4.5224,3.341,2.543,0.0,2.4081,530.0736,0.6809999999999999,2.0781,1.1,0.3513,3.7397,0.0803,2.563,0.2041,8.6406,2.6319999999999997,21.6961,0.1318,2.3834,0.4541,2.7454,0.823,77.83,59.38399999999999,0.0638,12.4578,34.7826,614.0473,22.953000000000003,23.3263,9.1,127.8756,36.6674,0.1372,0.9962,1.7167,10.785,0.9282,0.792,0.341,0.2093,0.341,66.0053,2.7803,3.25,99.9211,-1,2008-08-17 03:17:00
15.6949,6.9396,7.4873,0.0102,4.5224,3.341,6.25,0.0,2.8106,529.4427,0.6815,2.0781,1.1,0.3707,3.7397,0.0248,2.5058,0.3933,9.2171,2.6319999999999997,39.0971,0.1402,2.3834,0.4541,2.7454,0.823,14.26,44.1766,0.1148,12.4527,87.2093,627.4109,22.953000000000003,78.3125,6.14,127.8756,36.6674,0.1422,0.9962,1.1597,10.785,0.9257,0.1406,0.3436,0.3231,0.3436,65.9275,2.7803,1.9025,99.9211,-1,2008-08-17 03:18:00
14.4103,8.9647,5.5865,0.013,4.3076,3.3169999999999997,2.287,0.0,4.6802,528.8918,0.4829,1.8081,0.7521,0.3839,3.4856,0.0946,2.2461,0.3237,8.7879,2.778,52.5657,0.1302,2.4,0.4767,2.0618,0.8187,76.05,98.1126,0.0962,12.6063,108.9974,607.5818,14.1672,30.6277,9.11,102.2441,36.907,0.0888,0.9995,1.7225,24.8743,0.9341,0.3322,0.2411,0.3368,0.2412,65.9625,2.1064,3.0365,95.4256,-1,2008-08-17 03:46:00
21.885,9.9046,5.5865,0.0154,4.3076,3.3169999999999997,3.708,0.0,4.6802,531.6709,0.7769,1.9511,0.7521,0.3465,2.2816,0.0937,2.2584,0.4943,8.8287,2.778,18.3175,0.1261,2.4,0.4767,2.0618,0.8187,78.11,98.1126,0.1275,12.6063,46.1825,626.7036,18.8948,15.2751,7.79,69.936,36.907,0.1501,0.9995,1.4652,26.6905,0.9293,0.2356,0.3904,0.3037,0.3904,66.2532,2.7585,2.8158,98.6822,-1,2008-08-17 04:19:00
12.2194,15.763,7.4873,0.013,4.5224,3.341,2.4219999999999997,0.0,4.1827,535.7309,0.4782,1.9511,1.1,0.2744,2.2816,0.1013,1.7132,0.2093,8.5155,2.6319999999999997,33.2277,0.1365,2.3834,0.4541,2.7454,0.823,78.67,98.1126,0.063,12.4322,52.4345,614.6055,18.8948,15.0107,9.77,69.936,36.6674,0.092,0.9962,1.8237,26.6905,0.9354,0.2984,0.2393,0.3122,0.2392,66.2008,2.7585,3.6041,98.6822,-1,2008-08-17 05:21:00
23.3076,7.0841,7.4873,0.0188,4.5224,3.341,2.1630000000000003,0.0,2.4081,529.0654,0.6679,1.8472,1.1,0.2043,2.655,0.0246,2.4848,0.5791,9.219,2.6319999999999997,28.0488,0.1288,2.3834,0.4541,2.7454,0.823,77.9,83.1192,0.1673,12.4578,61.3699,628.3636,18.3432,30.1487,6.89,112.2522,36.6674,0.1403,0.9962,1.3023,12.9901,0.9266,0.1908,0.3375,0.2828,0.3375,65.8265,2.1951,2.3555,102.9389,1,2008-08-17 12:16:00
10.2845,10.8564,5.5865,0.0164,4.3076,3.3169999999999997,3.595,0.0,4.5199,535.4118,0.4199,1.4999,0.7521,0.2648,3.5371,0.094,1.555,0.1599,8.5177,2.778,38.5498,0.1271,2.4,0.4767,2.0618,0.8187,77.14,272.3477,0.0507,12.6108,99.5475,624.3873,18.471,40.593,7.77,79.9348,36.907,0.0936,0.9995,1.4512,36.5967,0.9331,0.3206,0.2119,0.2814,0.2119,66.2409,2.3584,2.6848,100.4322,-1,2008-08-17 13:34:00
6.3989,9.8766,5.5865,0.0151,4.3076,3.3169999999999997,3.595,0.0,4.7559,534.7509,0.4199,3.1415,0.7521,0.2648,3.2722,0.094,1.5983,0.1023,8.5177,2.778,35.9269,0.1286,2.4,0.4767,2.0618,0.8187,77.14,272.3477,0.0327,12.6159,57.4163,614.52,18.5474,66.3603,6.68,210.4712,36.907,0.0936,0.9995,1.2492,67.5472,0.9331,0.3206,0.2119,0.2814,0.2119,66.2409,2.3298,2.3302,102.5344,-1,2008-08-17 14:21:00
7.362,7.1718,11.6144,0.0184,5.2764,3.037,6.25,0.0,2.8106,529.1691,0.6815,1.6927,1.3342,0.3707,3.2067,0.0994,2.1248,0.1564,9.2171,4.0360000000000005,26.7301,0.1302,2.3101,0.6774,4.3742,0.758,14.26,272.3477,0.0481,12.4527,56.6372,610.0755,18.4995,32.8864,8.07,98.8182,37.6619,0.1422,0.9977,1.525,14.8011,0.9368,0.1406,0.3436,0.3231,0.3436,65.9275,2.1311,2.3093,101.1478,-1,2008-08-17 15:25:00
9.2608,4.7533,11.6144,0.0121,5.2764,3.037,6.25,0.0,2.8106,530.7709,0.6815,2.0781,1.3342,0.3707,3.7397,0.0248,2.1968,0.2034,9.2171,4.0360000000000005,39.6487,0.1324,2.3101,0.6774,4.3742,0.758,14.26,272.3477,0.0639,12.4527,49.1018,627.4355,22.953000000000003,23.3263,5.03,127.8756,37.6619,0.1422,0.9977,0.9477,10.785,0.9257,0.1406,0.3436,0.3231,0.3436,65.9275,2.7803,1.7479,99.9211,1,2008-08-17 21:26:00
9.5646,10.099,10.6569,0.0116,4.0192,3.531,4.019,0.0,4.6802,538.0918,0.5971,2.0831,1.2963,0.2259,2.4919,0.0937,2.1799,0.2085,8.6013,2.9419999999999997,40.0125,0.1324,2.3704,0.5474,3.7035,0.7987,76.97,272.3477,0.0692,12.6063,132.5301,604.6173,20.8219,36.9618,6.27,78.4343,34.7521,0.1217,0.9981,1.1652,9.7087,0.9337,0.1928,0.3005,0.286,0.3005,66.2377,2.9058,2.2679,99.0522,1,2008-08-17 22:03:00
14.9904,20.9542,10.9645,0.0115,2.1008,3.325,4.019,0.0,4.1225,534.7382,0.5971,1.9511,1.3983,0.2259,2.2816,0.0937,1.4832,0.2223,8.6013,2.943,31.416,0.1348,2.3971,0.5237,4.3991,0.799,76.97,30.7439,0.0651,12.371,73.6196,616.1809,18.8948,11.483,9.32,69.936,40.1213,0.1217,0.998,1.7429,26.6905,0.9337,0.1928,0.3005,0.286,0.3005,66.2377,2.7585,3.2399,98.6822,-1,2008-08-17 22:21:00
14.037,10.1224,8.9504,0.0138,3.5452,3.276,4.019,0.0,4.6802,536.3273,0.5971,2.0831,1.0632,0.2259,2.4919,0.0937,2.2994,0.3228,8.6013,3.0239999999999996,39.7661,0.1322,2.366,0.5233,3.3912,0.8123,76.97,34.7486,0.0895,12.6063,129.4964,607.0309,20.8219,95.8686,5.84,78.4343,37.8886,0.1217,0.9978,1.0889,9.7087,0.9337,0.1928,0.3005,0.286,0.3005,66.2377,2.9058,2.1568,99.0522,1,2008-08-17 23:04:00
12.3428,4.1323,9.5858,0.0114,4.2601,3.332,6.25,0.0,7.4462,528.7264,0.6815,2.0741,1.3366,0.3707,3.6421,0.1003,2.4341,0.3004,9.2171,4.434,23.4212,0.1389,2.3038,0.778,3.6465,0.7025,14.26,78.5378,0.0983,12.4896,56.1743,608.44,18.1602,61.233,6.34,56.8663,38.0405,0.1422,0.9958,1.1991,14.8775,0.9364,0.1406,0.3436,0.3231,0.3436,65.9275,2.2073,2.1203,104.1722,-1,2008-08-17 23:20:00
7.507999999999999,7.3182,16.952,0.0115,6.0035,3.386,5.364,0.0,2.8106,535.9227,0.8436,1.88,2.0668,0.3673,2.9169,0.1019,1.911,0.1435,9.2281,3.997,27.1504,0.138,2.3235,0.6639,7.0766,0.7021,16.36,176.0329,0.0437,12.4527,400.0,611.8627,19.6394,11.5017,8.65,70.7375,41.745,0.1688,0.9974,1.614,31.4154,0.9378,0.2481,0.4241,0.296,0.4241,66.4082,3.0487,3.1242,102.51,1,2008-08-17 23:55:00
11.9444,9.6042,7.4873,0.0096,4.5224,3.341,4.019,0.0,4.6802,535.7882,0.5971,1.9511,1.1,0.2259,2.2816,0.0946,2.2067,0.2636,8.6013,2.6319999999999997,36.9278,0.1337,2.3834,0.4541,2.7454,0.823,76.97,176.0329,0.0826,12.6063,149.1124,606.8264,18.8948,15.0943,7.65,69.936,36.6674,0.1217,0.9962,1.4278,26.6905,0.9335,0.1928,0.3005,0.286,0.3005,66.2377,2.7585,2.4762,98.6822,1,2008-08-18 00:02:00
17.7352,5.6767,10.9645,0.0127,2.1008,3.325,4.019,0.0,3.9583,534.0745,0.5971,1.9253,1.3983,0.2259,3.2088,0.0937,1.4351,0.2545,8.6013,2.943,37.9497,0.1383,2.3971,0.5237,4.3991,0.799,76.97,176.0329,0.0689,12.6316,60.1073,614.0418,18.8848,17.5409,8.07,115.9797,40.1213,0.1217,0.998,1.511,8.0582,0.9337,0.1928,0.3005,0.286,0.3005,66.2377,2.1869,2.6667,103.1456,-1,2008-08-18 00:20:00
10.7299,8.1226,5.5865,0.0099,4.3076,3.3169999999999997,3.708,0.0,4.2664,532.2127,0.7769,1.4999,0.7521,0.3465,3.5371,0.094,1.5093,0.1619,8.8287,2.778,39.0387,0.1246,2.4,0.4767,2.0618,0.8187,78.11,176.0329,0.0518,12.6571,37.299,607.3436,18.471,9.4814,10.53,79.9348,36.907,0.1501,0.9995,1.9785,36.5967,0.9331,0.2356,0.3904,0.3037,0.3904,66.2532,2.3584,3.8958,100.4322,1,2008-08-18 01:23:00
10.4454,9.4912,5.5865,0.0112,4.3076,3.3169999999999997,3.4730000000000003,0.0,4.1827,533.1445,0.7031,1.5597,0.7521,0.2819,2.2107,0.1013,1.722,0.1799,8.5788,2.778,31.0321,0.1403,2.4,0.4767,2.0618,0.8187,76.55,176.0329,0.0634,12.4322,46.7043,606.9991,17.0619,61.233,8.16,90.314,36.907,0.1313,0.9995,1.5305,18.76,0.9354,0.1985,0.3533,0.2674,0.3533,66.2147,2.1615,2.8813,101.9111,1,2008-08-18 04:01:00
5.7281,12.6203,11.6144,0.0151,5.2764,3.037,37.88,0.0,4.0096,532.5527,0.8907,1.6927,1.3342,0.2854,3.234,0.0803,2.1698,0.1243,8.536,4.0360000000000005,21.1888,0.1401,2.3101,0.6774,4.3742,0.758,36.03,176.0329,0.0395,12.47,56.9444,618.0736,18.4995,13.6884,10.24,98.8182,37.6619,0.1794,0.9977,1.9228,14.8011,0.9282,0.2077,0.4484,0.2548,0.4484,66.2273,2.1311,3.5111,101.1478,-1,2008-08-18 04:12:00
17.2084,9.8466,9.4229,0.0095,6.8091,3.267,5.211,0.0,3.7721,533.4982,0.5817,1.6927,1.2059,0.4097,3.2067,0.0257,2.3658,0.4071,8.5952,4.387,32.4142,0.1324,2.307,0.7393,3.4877,0.7423,14.0,176.0329,0.1393,12.46,73.5254,625.8582,18.4995,11.6369,8.42,98.8182,37.0129,0.1147,0.9952,1.5783,14.8011,0.9271,0.2732,0.2929,0.255,0.293,66.2273,2.1311,2.7845,101.1478,-1,2008-08-18 04:35:00
17.2918,7.26,9.5858,0.012,4.2601,3.332,2.9139999999999997,0.0,3.9367,532.8891,0.5717,1.4571,1.3366,0.3395,2.7342,0.1021,2.2839,0.3949,8.6527,4.434,32.0454,0.1387,2.3038,0.778,3.6465,0.7025,77.24,176.0329,0.1041,12.4469,143.2836,595.7927,19.8161,13.0508,9.15,58.512,38.0405,0.1094,0.9958,1.717,7.4051,0.9353,0.1964,0.2871,0.3229,0.2871,66.1517,2.4684,3.4328,101.46,-1,2008-08-18 05:03:00
27.35,6.3828,9.5858,0.0145,4.2601,3.332,4.97,0.0,3.9367,391.5764,0.3615,1.4571,1.3366,0.3205,2.7342,0.1007,2.2395,0.6125,8.6829,4.434,25.0574,0.1319,2.3038,0.778,3.6465,0.7025,16.53,220.0378,0.165,12.4469,439.2157,599.2782,19.8161,19.4765,177.93,58.512,38.0405,0.0861,0.9958,45.4394,7.4051,0.9369,0.4236,0.2161,0.287,0.2162,66.5518,2.4684,50.4615,101.46,-1,2008-08-18 05:25:00
26.781999999999996,7.727,9.4229,0.0138,6.8091,3.267,3.967,0.0,4.6371,401.4482,0.4708,1.3579,1.2059,0.3144,2.5448,0.0249,2.4312,0.6511,9.1757,4.387,24.1262,0.1366,2.307,0.7393,3.4877,0.7423,67.17,220.0378,0.1951,12.5078,39.0746,632.2982,19.2121,24.455,282.47,51.3668,37.0129,0.1017,0.9952,70.3627,7.4461,0.925,0.2334,0.2374,0.3272,0.2374,66.5922,2.3881,117.7337,102.6422,-1,2008-08-18 06:07:00
14.8499,2.8784,8.1554,0.0137,5.897,3.261,6.25,0.0,5.1301,531.5309,0.6815,1.9727,1.2353,0.3707,3.0361,0.1003,1.8496,0.2747,9.2171,4.425,24.2043,0.1357,2.3038,0.7419,3.3945,0.6887,14.26,220.0378,0.0977,12.4753,43.3666,607.67,17.9394,45.6897,7.54,88.20200000000001,41.6229,0.1422,0.9989,1.4186,13.0099,0.9364,0.1406,0.3436,0.3231,0.3436,65.9275,2.1618,2.6630000000000003,101.4922,-1,2008-08-18 06:11:00
11.3765,6.6161,9.5858,0.0135,4.2601,3.332,4.97,0.0,3.9367,532.6864,0.3615,1.3579,1.3366,0.3205,2.5448,0.0823,2.3328,0.2654,8.6829,4.434,31.6904,0.1348,2.3038,0.778,3.6465,0.7025,16.53,220.0378,0.0784,12.4469,124.3902,619.0827,19.2121,29.3353,7.62,51.3668,38.0405,0.0861,0.9958,1.4305,7.4461,0.9227,0.4236,0.2161,0.287,0.2162,66.5518,2.3881,2.4419,102.6422,-1,2008-08-18 06:26:00
11.1645,3.3141,8.1554,0.0179,5.897,3.261,2.543,0.0,4.3512,533.2682,0.6809999999999999,2.0741,1.2353,0.3513,3.6421,0.0848,1.8703,0.2088,8.6406,4.425,19.9951,0.1361,2.3038,0.7419,3.3945,0.6887,77.83,220.0378,0.0625,12.4104,94.6565,617.2,18.1602,23.3263,8.77,56.8663,41.6229,0.1372,0.9989,1.6446,14.8775,0.9278,0.792,0.341,0.2093,0.341,66.0053,2.2073,3.0605,104.1722,-1,2008-08-18 07:11:00
36.3183,6.0001,8.1554,0.0186,5.897,3.261,2.514,0.0,3.9409,364.1436,0.6279,1.8732,1.2353,0.315,5.1493,0.1007,2.2891,0.8314,8.6211,4.425,16.6703,0.1389,2.3038,0.7419,3.3945,0.6887,77.92,48.5023,0.302,12.4337,43.7659,597.3964,18.6341,9.3697,280.79,95.2164,41.6229,0.1369,0.9989,77.1097,32.3291,0.9369,0.2094,0.3156,0.3085,0.3157,66.1702,2.4197,81.0097,100.8067,-1,2008-08-18 07:23:00
10.0828,5.1866,11.6144,0.0169,5.2764,3.037,3.923,0.0,4.8082,532.8455,0.6175,2.0781,1.3342,0.4039,3.7397,0.0943,1.6887,0.1703,9.2655,4.0360000000000005,22.9026,0.1324,2.3101,0.6774,4.3742,0.758,11.52,81.5102,0.0561,12.4786,47.8261,616.9991,22.953000000000003,12.4295,8.71,127.8756,37.6619,0.1193,0.9977,1.6346,10.785,0.9309,0.1371,0.3108,0.3458,0.3108,65.76899999999999,2.7803,2.8026,99.9211,-1,2008-08-18 07:29:00
11.6249,7.4516,9.5858,0.0185,4.2601,3.332,2.5469999999999997,0.0,5.1301,535.7282,0.7697,1.8732,1.3366,0.4133,5.1493,0.027,2.1451,0.2494,8.828,4.434,30.0404,0.1302,2.3038,0.778,3.6465,0.7025,77.17,84.4337,0.0684,12.4753,60.0375,634.3027,18.6341,37.6034,7.49,95.2164,38.0405,0.1565,0.9958,1.3981,32.3291,0.9264,0.4354,0.3869,0.2834,0.3869,66.2347,2.4197,2.6910000000000003,100.8067,-1,2008-08-18 08:18:00
7.1019,6.5942,8.1554,0.0105,5.897,3.261,2.4219999999999997,0.0,3.7721,534.79,0.4782,1.8732,1.2353,0.2744,5.1493,0.0943,1.6127,0.1145,8.5155,4.425,21.5935,0.1374,2.3038,0.7419,3.3945,0.6887,78.67,84.4337,0.034,12.46,57.7049,610.72,18.6341,48.9498,9.23,95.2164,41.6229,0.092,0.9989,1.7259,32.3291,0.9309,0.2984,0.2393,0.3122,0.2392,66.2008,2.4197,3.3318,100.8067,-1,2008-08-18 08:31:00
17.6843,4.4058,6.7063,0.0191,3.9318,3.267,2.9389999999999996,0.0,2.7996,531.0027,0.6261,1.6857,0.848,0.2668,2.6786,0.0968,2.4523,0.4337,9.3998,4.281000000000001,17.8522,0.1361,2.2928,0.7424,2.6060000000000003,0.7463,65.12,84.4337,0.1489,12.5018,45.478,614.5473,23.3716,95.8686,9.98,122.159,38.859,0.1237,0.9948,1.8795,25.8517,0.9348,0.1327,0.3156,0.3335,0.3155,66.3747,3.3069,3.6685,102.0978,-1,2008-08-18 10:13:00
23.9171,6.0001,9.4229,0.0196,6.8091,3.267,37.88,0.0,4.5692,532.3182,0.8907,1.4421,1.2059,0.2854,3.0422,0.0254,2.275,0.5441,8.536,4.387,33.0144,0.1254,2.307,0.7393,3.4877,0.7423,36.03,84.4337,0.1508,12.4749,33.7079,627.5982,18.2669,13.6884,10.19,83.03200000000001,37.0129,0.1794,0.9952,1.9143,8.9068,0.9228,0.2077,0.4484,0.2548,0.4484,66.2273,2.1363,3.3573,100.4622,-1,2008-08-18 11:04:00
9.3484,3.0125,6.7063,0.0096,3.9318,3.267,2.501,0.0,2.7311,534.96,0.7564,2.0741,0.848,0.2376,3.6421,0.1003,1.8846,0.1762,9.5713,4.281000000000001,24.7192,0.1327,2.2928,0.7424,2.6060000000000003,0.7463,64.39,84.4337,0.0551,12.4492,47.5524,607.7136,18.1602,13.6884,10.03,56.8663,38.859,0.1579,0.9948,1.8749,14.8775,0.9364,0.2093,0.3812,0.3151,0.3812,66.437,2.2073,3.3391,104.1722,-1,2008-08-18 12:00:00
17.177,4.2813,9.4229,0.0147,6.8091,3.267,2.501,0.0,2.4867,535.2782,0.7564,1.4421,1.2059,0.2376,3.0422,0.0848,1.807,0.3104,9.5713,4.387,23.8635,0.131,2.307,0.7393,3.4877,0.7423,64.39,84.4337,0.0914,12.4661,36.0,615.3073,18.2669,17.5662,8.92,83.03200000000001,37.0129,0.1579,0.9952,1.6664,8.9068,0.9278,0.2093,0.3812,0.3151,0.3812,66.437,2.1363,3.0908,100.4622,-1,2008-08-18 12:06:00
9.911,5.6722,8.1554,0.0144,5.897,3.261,3.893,0.0,4.8082,538.1409,0.5829,1.6857,1.2353,0.305,2.6786,0.1004,1.715,0.17,8.531,4.425,30.5016,0.1349,2.3038,0.7419,3.3945,0.6887,77.59,37.5668,0.0504,12.4786,87.8981,608.7718,23.3716,32.7151,5.93,122.159,41.6229,0.1212,0.9989,1.1019,25.8517,0.9337,0.2858,0.294,0.3267,0.2941,66.3319,3.3069,2.0174,102.0978,-1,2008-08-18 12:22:00
15.6336,6.6339999999999995,12.1929,0.0139999999999999,4.7086,3.195,3.102,0.0,3.9409,529.1055,0.7507,1.6927,1.6095,0.3145,3.2067,0.0969,2.34,0.3658,9.4832,4.303999999999999,27.7378,0.1357,2.3128,0.7292,5.0273,0.7135,65.34,37.5668,0.1251,12.4337,63.621,609.9709,18.4995,40.3321,11.1,98.8182,41.2315,0.1447,0.9967,2.0979,14.8011,0.9354,0.1937,0.3782,0.374,0.3782,66.4374,2.1311,4.1178,101.1478,-1,2008-08-18 12:49:00
12.1846,5.8827,8.1554,0.016,5.897,3.261,6.164,0.0,4.3512,531.0218,0.2169,1.6857,1.2353,0.385,2.6786,0.0969,2.4,0.2924,8.9416,4.425,26.3122,0.1306,2.3038,0.7419,3.3945,0.6887,14.1,44.2988,0.0947,12.4104,73.6,611.9664,23.3716,32.7151,8.94,122.159,41.6229,0.0549,0.9989,1.6835,25.8517,0.9366,0.2369,0.1287,0.3251,0.1287,66.595,3.3069,3.0447,102.0978,-1,2008-08-18 13:07:00
11.3698,3.6188,9.4229,0.0166,6.8091,3.267,3.197,0.0,3.8409,526.3709,0.6226,1.6927,1.2059,0.3509,3.2067,0.0943,2.3553,0.2678,9.2433,4.387,28.1907,0.1302,2.307,0.7393,3.4877,0.7423,75.03,51.3704,0.0841,12.4969,85.8639,620.2645,18.4995,32.8864,7.82,98.8182,37.0129,0.1191,0.9952,1.4856,14.8011,0.9309,0.1448,0.3138,0.3181,0.3138,65.9047,2.1311,2.7988,101.1478,-1,2008-08-18 14:01:00
11.3894,4.7381,6.7063,0.0124,3.9318,3.267,3.102,0.0,4.8957,533.1318,0.7507,1.6857,0.848,0.3145,2.6786,0.0257,2.5132,0.2862,9.4832,4.281000000000001,25.5875,0.1307,2.2928,0.7424,2.6060000000000003,0.7463,65.34,78.789,0.1106,12.46,39.8385,625.4055,23.3716,11.6369,8.62,122.159,38.859,0.1447,0.9948,1.6169,25.8517,0.9271,0.1937,0.3782,0.374,0.3782,66.4374,3.3069,2.9736,102.0978,-1,2008-08-18 14:04:00
15.2681,7.0926,6.7063,0.0185,3.9318,3.267,3.645,0.0,2.0884,534.4582,0.7405,2.0741,0.848,0.297,3.6421,0.0248,2.3295,0.3557,8.5218,4.281000000000001,40.3963,0.1361,2.2928,0.7424,2.6060000000000003,0.7463,78.42,78.789,0.1155,12.4496,37.276,628.3745,18.1602,15.7758,6.99,56.8663,38.859,0.1556,0.9948,1.3079,14.8775,0.9257,0.243,0.3729,0.307,0.3729,66.1861,2.2073,2.4631,104.1722,-1,2008-08-18 14:45:00
12.0001,9.8085,12.8413,0.0097,5.1735,3.1260000000000003,3.923,0.0,3.8409,531.1618,0.6175,1.3579,1.846,0.4039,2.5448,0.1013,1.7323,0.2079,9.2655,4.5569999999999995,31.7791,0.1358,2.3052,0.7377,4.96,0.6764,11.52,173.4377,0.0626,12.4969,57.9439,603.6536,19.2121,18.9025,6.97,51.3668,38.6254,0.1193,0.997,1.3122,7.4461,0.9354,0.1371,0.3108,0.3458,0.3108,65.76899999999999,2.3881,2.5969,102.6422,-1,2008-08-18 15:00:00
12.5144,8.5491,6.7063,0.0199,3.9318,3.267,5.211,0.0,3.9409,531.4909,0.5817,1.6857,0.848,0.4097,2.6786,0.0257,2.3698,0.2966,8.5952,4.281000000000001,32.567,0.1311,2.2928,0.7424,2.6060000000000003,0.7463,14.0,173.4377,0.0798,12.4337,30.9524,627.2418,23.3716,45.6897,10.5,122.159,38.859,0.1147,0.9948,1.9756,25.8517,0.9271,0.2732,0.2929,0.255,0.293,66.2273,3.3069,3.3302,102.0978,-1,2008-08-18 15:26:00
9.0446,3.1529,8.1554,0.0153,5.897,3.261,2.888,0.0,4.8851,529.9355,0.982,1.6857,1.2353,0.2793,2.6786,0.1004,2.1598,0.1953,9.5642,4.425,14.406,0.1246,2.3038,0.7419,3.3945,0.6887,74.48,173.4377,0.0559,12.4869,41.4458,615.0291,23.3716,95.8686,7.43,122.159,41.6229,0.1953,0.9989,1.4021,25.8517,0.9337,0.1625,0.4946,0.3476,0.4946,65.7964,3.3069,2.6491,102.0978,-1,2008-08-18 15:30:00
18.4482,8.7564,12.8413,0.0095,5.1735,3.1260000000000003,3.732,0.0,3.8409,534.1545,0.5505,1.8804,1.846,0.4221,2.6999,0.1013,1.6889,0.3116,8.5405,4.5569999999999995,22.1373,0.1299,2.3052,0.7377,4.96,0.6764,76.57,51.9067,0.0812,12.4969,64.7975,609.7145,20.3003,61.233,9.88,63.1019,38.6254,0.1089,0.997,1.8497,14.2577,0.9354,0.1561,0.2766,0.2964,0.2765,66.2364,2.8119,3.4917,100.4478,-1,2008-08-18 15:33:00
9.641,5.9269,6.7063,0.0305,3.9318,3.267,2.888,0.0,4.3555,530.0118,0.982,1.8732,0.848,0.2793,5.1493,0.0968,1.7527,0.1689999999999999,9.5642,4.281000000000001,37.258,0.1271,2.2928,0.7424,2.6060000000000003,0.7463,74.48,51.9067,0.0645,12.6278,45.152,608.5264,18.6341,11.6115,10.32,95.2164,38.859,0.1953,0.9948,1.9471,32.3291,0.9348,0.1625,0.4946,0.3476,0.4946,65.7964,2.4197,3.1342,100.8067,-1,2008-08-18 15:41:00
12.8166,10.8289,12.8413,0.017,5.1735,3.1260000000000003,2.501,0.0,2.7311,532.8855,0.7564,1.9727,1.846,0.2376,3.0361,0.0998,1.8536,0.2376,9.5713,4.5569999999999995,23.6088,0.1283,2.3052,0.7377,4.96,0.6764,64.39,51.9067,0.0783,12.4492,61.4357,608.7309,17.9394,23.3263,8.85,88.20200000000001,38.6254,0.1579,0.997,1.6608,13.0099,0.936,0.2093,0.3812,0.3151,0.3812,66.437,2.1618,3.2846,101.4922,-1,2008-08-18 16:19:00
14.7868,8.5333,12.8413,0.0102,5.1735,3.1260000000000003,4.021,0.0,3.7721,531.3791,0.5266,1.6857,1.846,0.314,2.6786,0.0257,2.408,0.3561,9.4043,4.5569999999999995,30.1316,0.1277,2.3052,0.7377,4.96,0.6764,65.84,51.9067,0.1029,12.46,54.0707,626.2209,23.3716,9.4814,8.02,122.159,38.6254,0.1133,0.997,1.5093,25.8517,0.9271,0.1337,0.2655,0.3239,0.2655,66.5991,3.3069,2.5928,102.0978,1,2008-08-18 17:13:00
14.7426,7.8622,12.8413,0.0157,5.1735,3.1260000000000003,2.501,0.0,4.0096,532.7391,0.7564,1.8732,1.846,0.2376,5.1493,0.0939,2.4119,0.3556,9.5713,4.5569999999999995,22.1827,0.1342,2.3052,0.7377,4.96,0.6764,64.39,51.9067,0.1102,12.47,32.7177,607.4473,18.6341,13.6884,8.88,95.2164,38.6254,0.1579,0.997,1.6669,32.3291,0.9359,0.2093,0.3812,0.3151,0.3812,66.437,2.4197,3.1318,100.8067,-1,2008-08-18 17:16:00
69.1042,146.4232,6.7063,0.0128,3.9318,3.267,3.967,0.0,3.7721,513.3955,0.4708,1.8732,0.848,0.3144,5.1493,0.0246,2.3483,1.6228,9.1757,4.281000000000001,84.5752,0.1297,2.2928,0.7424,2.6060000000000003,0.7463,67.17,62.5617,0.4345,12.46,59.4354,641.9645,18.6341,61.233,274.87,95.2164,38.859,0.1017,0.9948,53.5396,32.3291,0.9266,0.2334,0.2374,0.3272,0.2374,66.5922,2.4197,82.0528,100.8067,-1,2008-08-18 17:37:00
9.6884,4.3304,6.7063,0.0124,3.9318,3.267,2.5469999999999997,0.0,2.7311,532.9491,0.7697,1.6857,0.848,0.4133,2.6786,0.0969,2.2987,0.2227,8.828,4.281000000000001,25.8222,0.1418,2.2928,0.7424,2.6060000000000003,0.7463,77.17,93.1579,0.0705,12.4492,56.6802,612.8,23.3716,38.5978,10.41,122.159,38.859,0.1565,0.9948,1.9533,25.8517,0.9334,0.4354,0.3869,0.2834,0.3869,66.2347,3.3069,3.8819,102.0978,-1,2008-08-18 19:24:00
18.3443,6.9596,12.8413,0.0153,5.1735,3.1260000000000003,2.514,0.0,2.8106,531.8655,0.6279,1.9727,1.846,0.315,3.0361,0.0257,2.3718,0.4351,8.6211,4.5569999999999995,37.9277,0.1297,2.3052,0.7377,4.96,0.6764,77.92,104.4612,0.1322,12.4527,60.8414,630.7636,17.9394,61.233,9.79,88.20200000000001,38.6254,0.1369,0.997,1.8407,13.0099,0.9271,0.2094,0.3156,0.3085,0.3157,66.1702,2.1618,3.3984,101.4922,1,2008-08-18 19:54:00
18.1731,8.6597,11.1525,0.0124,4.8954,3.173,3.4730000000000003,0.0,4.8957,532.9782,0.7031,1.3579,1.3798,0.2819,2.5448,0.0823,2.136,0.3882,8.5788,4.501,31.4614,0.1324,2.303,0.7445,4.2477,0.6785,76.55,104.4612,0.1304,12.46,40.4938,614.6591,19.2121,13.6884,6.5,51.3668,38.0875,0.1313,0.9984,1.2196,7.4461,0.9227,0.1985,0.3533,0.2674,0.3533,66.2147,2.3881,2.2132,102.6422,-1,2008-08-18 23:00:00
15.1177,6.1628,14.1115,0.0158,4.5598,3.182,3.4730000000000003,0.0,3.9367,532.01,0.7031,1.6857,1.6097,0.2819,2.6786,0.0246,2.3061,0.3486,8.5788,4.631,30.5545,0.1299,2.298,0.7585,5.515,0.6909,76.55,104.4612,0.1208,12.4469,43.739,628.2818,23.3716,61.233,7.51,122.159,39.0817,0.1313,0.9962,1.4116,25.8517,0.9266,0.1985,0.3533,0.2674,0.3533,66.2147,3.3069,2.5478,102.0978,-1,2008-08-18 23:03:00
8.6327,6.9014,11.1525,0.0267,4.8954,3.173,3.923,0.0,4.8082,533.99,0.6175,2.4246,1.3798,0.4039,3.7439,0.1004,1.7577,0.1517,9.2655,4.501,32.236999999999995,0.1253,2.303,0.7445,4.2477,0.6785,11.52,139.833,0.0517,12.4786,35.378,611.7655,19.0836,32.2583,6.96,109.6739,38.0875,0.1193,0.9984,1.3034,8.4061,0.9337,0.1371,0.3108,0.3458,0.3108,65.76899999999999,2.4482,2.2284,99.9956,-1,2008-08-18 23:47:00
12.2762,6.1803,11.1525,0.0154,4.8954,3.173,6.164,0.0,2.0884,532.0454,0.2169,1.6857,1.3798,0.385,2.6786,0.0994,2.1206,0.2603,8.9416,4.501,23.7322,0.1283,2.303,0.7445,4.2477,0.6785,14.1,139.833,0.0821,12.4496,71.3224,609.6045,23.3716,61.233,9.81,122.159,38.0875,0.0549,0.9984,1.8438,25.8517,0.9368,0.2369,0.1287,0.3251,0.1287,66.595,3.3069,3.3548,102.0978,-1,2008-08-19 01:10:00
14.2779,8.171,14.1115,0.0153,4.5598,3.182,3.967,0.0,3.7721,531.2245,0.4708,1.6927,1.6097,0.3144,3.2067,0.0969,2.484,0.3547,9.1757,4.631,22.8392,0.1248,2.298,0.7585,5.515,0.6909,67.17,139.833,0.1247,12.46,32.2078,609.8309,18.4995,40.3321,7.07,98.8182,39.0817,0.1017,0.9962,1.3309,14.8011,0.9354,0.2334,0.2374,0.3272,0.2374,66.5922,2.1311,2.5411,101.1478,1,2008-08-19 03:59:00
10.4357,6.3497,6.1986,0.0105,4.5167,3.105,3.141,0.0,2.0884,535.5327,0.4365,1.7054,0.8411,0.3307,2.7397,0.0943,1.7027,0.1777,8.872,4.21,22.928,0.1288,2.3167,0.7024,2.166,0.6955,77.67,139.833,0.0575,12.4496,56.9395,611.0009,17.221,95.8686,7.83,56.4659,34.9436,0.0887,0.9965,1.4621,10.4371,0.9309,0.3695,0.2196,0.3258,0.2196,66.178,2.1461,2.7747,101.9767,-1,2008-08-19 04:58:00
13.3242,7.2905,13.4081,0.0245,5.053999999999999,3.2230000000000003,2.543,0.0,5.0497,531.0309,0.6809999999999999,1.4813,1.5939,0.3513,4.5746,0.0765,2.4452,0.3258,8.6406,4.461,21.9792,0.1332,2.3194,0.7335,5.6151,0.6383,77.83,139.833,0.1116,12.4759,39.3296,619.29,29.201,14.7029,9.62,96.884,41.8785,0.1372,0.995,1.8116,24.0366,0.9217,0.792,0.341,0.2093,0.341,66.0053,4.294,3.3909,103.9367,-1,2008-08-19 05:09:00
11.8492,3.2597,13.4081,0.02,5.053999999999999,3.2230000000000003,2.1630000000000003,0.0,5.1301,534.1218,0.6679,1.7054,1.5939,0.2043,2.7397,0.1003,1.9309,0.2288,9.219,4.461,25.6726,0.1302,2.3194,0.7335,5.6151,0.6383,77.9,67.4053,0.0686,12.4753,48.3112,602.5555,17.221,20.9776,5.8,56.4659,41.8785,0.1403,0.995,1.0859,10.4371,0.9364,0.1908,0.3375,0.2828,0.3375,65.8265,2.1461,2.0103,101.9767,-1,2008-08-19 05:11:00
13.7811,5.2385,6.1986,0.0179,4.5167,3.105,6.25,0.0,4.8851,527.8727,0.6815,1.7054,0.8411,0.3707,2.7397,0.0248,2.2436,0.3092,9.2171,4.21,38.5841,0.1268,2.3167,0.7024,2.166,0.6955,14.26,67.4053,0.0861,12.4869,41.3959,625.84,17.221,9.4814,7.56,56.4659,34.9436,0.1422,0.9965,1.4322,10.4371,0.9257,0.1406,0.3436,0.3231,0.3436,65.9275,2.1461,2.698,101.9767,-1,2008-08-19 05:11:00
15.0265,5.3468,13.4081,0.035,5.053999999999999,3.2230000000000003,2.287,0.0,2.0884,533.3264,0.4829,1.4813,1.5939,0.3839,4.5746,0.1013,1.6541,0.2485,8.7879,4.461,22.3699,0.1341,2.3194,0.7335,5.6151,0.6383,76.05,294.6251,0.0752,12.4496,23.8651,608.7009,29.201,22.7192,8.88,96.884,41.8785,0.0888,0.995,1.665,24.0366,0.9354,0.3322,0.2411,0.3368,0.2412,65.9625,4.294,2.9245,103.9367,-1,2008-08-19 05:40:00
9.3645,8.0814,6.1986,0.0073,4.5167,3.105,3.141,0.0,3.9367,532.9573,0.4365,1.4813,0.8411,0.3307,4.5746,0.0969,2.2141,0.2073,8.872,4.21,27.0205,0.1418,2.3167,0.7024,2.166,0.6955,77.67,294.6251,0.0616,12.4469,51.2418,608.8491,29.201,29.7801,7.91,96.884,34.9436,0.0887,0.9965,1.4842,24.0366,0.9354,0.3695,0.2196,0.3258,0.2196,66.178,4.294,2.7512,103.9367,-1,2008-08-19 05:41:00
14.6828,7.9506,9.3605,0.0139999999999999,5.9144,3.1,3.645,0.0,3.1982,529.8873,0.7405,2.7713,1.3597,0.297,3.5508,0.0969,2.3048,0.3384,8.5218,4.422,29.185,0.1389,2.3078,0.7184,4.1002,0.6890000000000001,78.42,53.0253,0.0959,12.5071,57.0629,607.6764,24.3718,9.3697,11.68,150.184,43.8032,0.1556,0.998,2.2042,31.3378,0.9354,0.243,0.3729,0.307,0.3729,66.1861,3.4346,3.8123,98.1311,-1,2008-08-19 05:53:00
18.1169,9.9305,6.1986,0.0166,4.5167,3.105,3.057,0.0,3.9409,535.3509,0.4166,1.9727,0.8411,0.2628,3.0361,0.0253,2.0813,0.3771,8.6324,4.21,30.2505,0.1299,2.3167,0.7024,2.166,0.6955,76.99,382.6619,0.0967,12.4337,23.9748,635.5618,17.9394,48.6582,7.18,88.20200000000001,34.9436,0.0779,0.9965,1.3412,13.0099,0.9249,0.3727,0.2087,0.3533,0.2087,66.0701,2.1618,2.3806,101.4922,-1,2008-08-19 05:54:00
9.1778,4.313,14.1115,0.0216,4.5598,3.182,3.923,0.0,4.8082,533.7727,0.6175,1.8732,1.6097,0.4039,5.1493,0.0964,1.7872,0.1639999999999999,9.2655,4.631,45.875,0.1394,2.298,0.7585,5.515,0.6909,11.52,81.3456,0.0569,12.4786,62.0321,620.8718,18.6341,22.6253,6.98,95.2164,39.0817,0.1193,0.9962,1.3077,32.3291,0.9359,0.1371,0.3108,0.3458,0.3108,65.76899999999999,2.4197,2.2646,100.8067,1,2008-08-19 05:56:00
9.8177,5.3147,6.1986,0.0178,4.5167,3.105,2.9139999999999997,0.0,2.6554,537.2809,0.5717,1.4813,0.8411,0.3395,4.5746,0.0969,2.0931,0.2055,8.6527,4.21,22.969,0.1318,2.3167,0.7024,2.166,0.6955,77.24,81.3456,0.0615,12.4273,87.7419,611.0773,29.201,11.6369,6.8,96.884,34.9436,0.1094,0.9965,1.2656,24.0366,0.9366,0.1964,0.2871,0.3229,0.2871,66.1517,4.294,2.3023,103.9367,-1,2008-08-19 06:24:00
8.5168,5.4321,6.1686,0.0167,6.7733,3.116,3.967,0.0,4.3512,531.6236,0.4708,1.7054,0.9231,0.3144,2.7397,0.086,2.5605,0.2181,9.1757,4.232,24.6272,0.1293,2.3128,0.6802,2.4706,0.6897,67.17,81.3456,0.0817,12.4104,41.0876,617.5136,17.221,33.4076,9.2,56.4659,40.0514,0.1017,0.9947,1.7305,10.4371,0.9242,0.2334,0.2374,0.3272,0.2374,66.5922,2.1461,3.1703,101.9767,-1,2008-08-19 07:43:00
9.2356,6.1088,14.1115,0.0116,4.5598,3.182,3.645,0.0,3.9409,535.83,0.7405,2.4246,1.6097,0.297,3.7439,0.0943,1.6951,0.1566,8.5218,4.631,20.3988,0.1361,2.298,0.7585,5.515,0.6909,78.42,81.3456,0.0623,12.4337,48.8372,618.22,19.0836,32.8864,5.32,109.6739,39.0817,0.1556,0.9962,0.9929,8.4061,0.9309,0.243,0.3729,0.307,0.3729,66.1861,2.4482,1.9197,99.9956,1,2008-08-19 07:58:00
23.7686,7.8561,6.1686,0.0181,6.7733,3.116,2.888,0.0,4.8957,526.8464,0.982,1.4813,0.9231,0.2793,4.5746,0.0246,2.3356,0.5551,9.5642,4.232,31.5354,0.1357,2.3128,0.6802,2.4706,0.6897,74.48,81.3456,0.1431,12.46,34.6667,631.0582,29.201,41.2733,7.06,96.884,40.0514,0.1953,0.9947,1.34,24.0366,0.9266,0.1625,0.4946,0.3476,0.4946,65.7964,4.294,2.5601,103.9367,-1,2008-08-19 08:01:00
10.7489,7.7847,13.4081,0.0197,5.053999999999999,3.2230000000000003,2.543,0.0,5.0497,530.5527,0.6809999999999999,1.3873,1.5939,0.3513,3.671,0.1003,2.5117,0.27,8.6406,4.461,20.3856,0.1375,2.3194,0.7335,5.6151,0.6383,77.83,81.3456,0.1022,12.4759,34.375,611.3082,19.9141,101.1146,10.44,75.8338,41.8785,0.1372,0.995,1.9678,32.4437,0.9364,0.792,0.341,0.2093,0.341,66.0053,2.5,3.6356,99.83,-1,2008-08-19 08:07:00
11.2731,3.5082,9.5858,0.0151,4.2601,3.332,2.353,0.0,4.0096,525.9545,0.7649,1.3579,1.3366,0.1295,2.5448,0.0969,2.4083,0.2715,9.2328,4.434,41.7353,0.1374,2.3038,0.778,3.6465,0.7025,75.31,140.6419,0.0925,12.47,38.9294,596.4182,19.2121,23.5326,9.5,51.3668,38.0405,0.158,0.9958,1.8062,7.4461,0.9366,0.3058,0.3852,0.2733,0.3852,65.7516,2.3881,3.2807,102.6422,-1,2008-08-19 08:33:00
15.5451,3.0522,6.1686,0.0152,6.7733,3.116,2.7460000000000004,0.0,4.8082,533.26,0.7802,2.7713,0.9231,0.1558,3.5508,0.0968,2.5306,0.3934,9.7484,4.232,15.8496,0.1374,2.3128,0.6802,2.4706,0.6897,63.86,31.4497,0.1313,12.4786,34.7826,610.4491,24.3718,48.9498,8.26,150.184,40.0514,0.1638,0.9947,1.5490000000000002,31.3378,0.9348,0.0947,0.3907,0.3028,0.3907,66.4937,3.4346,2.8522,98.1311,-1,2008-08-19 09:04:00
7.507999999999999,10.4267,9.4593,0.0147,5.9201,3.195,2.88,0.0,2.6554,535.9227,0.7553,2.7713,1.2397,0.2623,3.5508,0.1019,1.911,0.1435,9.2291,3.877,22.0706,0.133,2.3124,0.6539,3.7035,0.75875,65.15,70.5588,0.0437,12.4273,32.1168,614.3818,24.3718,10.3089,8.65,150.184,38.9026,0.1445,0.99775,1.614,31.3378,0.9378,0.2253,0.3811,0.3317,0.3812,66.4775,3.4346,3.1242,98.1311,-1,2008-08-19 09:05:00
11.2731,10.2601,10.6569,0.0082,4.0192,3.531,2.1630000000000003,0.0,3.8409,525.9545,0.6679,1.7483,1.2963,0.2043,2.636,0.0969,2.4083,0.2715,9.219,2.9419999999999997,29.871,0.1246,2.3704,0.5474,3.7035,0.7987,77.9,70.5588,0.0925,12.4969,38.4,601.6464,19.4284,40.3321,9.5,94.7999,34.7521,0.1403,0.9981,1.8062,20.2551,0.9354,0.1908,0.3375,0.2828,0.3375,65.8265,2.8014,3.2807,100.8067,-1,2008-08-19 10:46:00
10.3822,9.6886,7.7103,0.0147,6.3759,3.3960000000000004,3.732,0.0,2.0884,532.4264,0.5505,2.4246,0.9045,0.4221,3.7439,0.0969,2.3599,0.245,8.5405,2.824,25.0342,0.1254,2.3715,0.4914,3.1673,0.8284,76.57,70.5588,0.0755,12.4496,69.9259,604.8227,19.0836,11.6755,8.21,109.6739,41.0787,0.1089,0.9979,1.5419999999999998,8.4061,0.9354,0.1561,0.2766,0.2964,0.2765,66.2364,2.4482,3.0908,99.9956,-1,2008-08-19 11:11:00
26.5023,7.7394,7.7103,0.015,6.3759,3.3960000000000004,3.197,0.0,3.9409,331.9618,0.6226,1.8178,0.9045,0.3509,2.8624,0.0942,2.3704,0.6282,9.2433,2.824,21.5763,0.1375,2.3715,0.4914,3.1673,0.8284,75.03,58.0827,0.2204,12.4337,71.7428,598.3609,20.7648,21.2957,129.12,101.0544,41.0787,0.1191,0.9979,38.896,25.5162,0.937,0.1448,0.3138,0.3181,0.3138,65.9047,2.5324,60.6945,99.25,-1,2008-08-19 11:13:00
7.3462,4.6032,7.7103,0.0125,6.3759,3.3960000000000004,2.514,0.0,4.6371,530.28,0.6279,0.9053,0.9045,0.315,2.4091,0.0804,2.3134,0.1699,8.6211,2.824,27.0269,0.139,2.3715,0.4914,3.1673,0.8284,77.92,58.0827,0.0535,12.5078,63.3782,623.6509,23.7238,44.8745,12.4,88.9672,41.0787,0.1369,0.9979,2.3384,27.7575,0.9238,0.2094,0.3156,0.3085,0.3157,66.1702,3.5827,4.2715,99.31,-1,2008-08-19 11:13:00
13.589,11.9213,7.7103,0.016,6.3759,3.3960000000000004,2.013,0.0,7.4462,533.9673,0.7852,1.3873,0.9045,0.4188,3.671,0.0765,2.3091,0.3138,8.5459,2.824,21.3495,0.1277,2.3715,0.4914,3.1673,0.8284,77.72,58.0827,0.0981,12.4896,136.0996,621.0264,19.9141,9.4814,8.43,75.8338,41.0787,0.1565,0.9979,1.5787,32.4437,0.9217,0.1629,0.396,0.2619,0.396,66.2647,2.5,3.0589,99.83,-1,2008-08-19 11:28:00
15.8567,8.6041,7.7103,0.0143,6.3759,3.3960000000000004,3.141,0.0,3.7721,534.5736,0.4365,2.4246,0.9045,0.3307,3.7439,0.0942,2.3528,0.3731,8.872,2.824,38.2357,0.1211,2.3715,0.4914,3.1673,0.8284,77.67,58.0827,0.1017,12.46,62.3377,587.9964,19.0836,19.874,7.35,109.6739,41.0787,0.0887,0.9979,1.3749,8.4061,0.937,0.3695,0.2196,0.3258,0.2196,66.178,2.4482,2.563,99.9956,-1,2008-08-19 11:44:00
20.5733,5.8803,7.7103,0.0192,6.3759,3.3960000000000004,2.287,0.0,4.1827,532.7046,0.4829,1.8178,0.9045,0.3839,2.8624,0.1013,1.6932,0.3483,8.7879,2.824,20.6329,0.1335,2.3715,0.4914,3.1673,0.8284,76.05,58.0827,0.09,12.4322,75.6219,610.8391,20.7648,47.2964,9.48,101.0544,41.0787,0.0888,0.9979,1.7796,25.5162,0.9354,0.3322,0.2411,0.3368,0.2412,65.9625,2.5324,3.4009,99.25,-1,2008-08-19 11:46:00
14.6437,8.6692,7.7103,0.0154,6.3759,3.3960000000000004,5.211,0.0,2.4867,534.6436,0.5817,1.4813,0.9045,0.4097,4.5746,0.0248,2.339,0.3425,8.5952,2.824,35.2894,0.1374,2.3715,0.4914,3.1673,0.8284,14.0,58.0827,0.1172,12.4661,64.2487,629.0709,29.201,23.3263,8.35,96.884,41.0787,0.1147,0.9979,1.5618,24.0366,0.9257,0.2732,0.2929,0.255,0.293,66.2273,4.294,2.5471,103.9367,-1,2008-08-19 11:57:00
14.1308,3.417,7.7103,0.0126,6.3759,3.3960000000000004,37.88,0.0,2.4867,533.7055,0.8907,1.4813,0.9045,0.2854,4.5746,0.0939,1.8993,0.2684,8.536,2.824,24.3275,0.1283,2.3715,0.4914,3.1673,0.8284,36.03,58.0827,0.0787,12.4661,36.0265,602.9718,29.201,23.3263,11.78,96.884,41.0787,0.1794,0.9979,2.2072,24.0366,0.9359,0.2077,0.4484,0.2548,0.4484,66.2273,4.294,3.9233,103.9367,-1,2008-08-19 11:58:00
22.2006,7.6393,9.3605,0.0116,5.9144,3.1,3.732,0.0,2.0884,533.6318,0.5505,1.9727,1.3597,0.4221,3.0361,0.0257,2.2147,0.4917,8.5405,4.422,47.3811,0.1252,2.3078,0.7184,4.1002,0.6890000000000001,76.57,58.0827,0.1232,12.4496,50.0,624.6418,17.9394,11.6369,8.37,88.20200000000001,43.8032,0.1089,0.998,1.5685,13.0099,0.9271,0.1561,0.2766,0.2964,0.2765,66.2364,2.1618,2.8866,101.4922,-1,2008-08-19 12:30:00
18.423,10.5165,6.1686,0.0227,6.7733,3.116,2.514,0.0,3.7721,534.1773,0.6279,1.4813,0.9231,0.315,4.5746,0.0969,2.2813,0.4203,8.6211,4.232,20.8456,0.1283,2.3128,0.6802,2.4706,0.6897,77.92,58.0827,0.1185,12.46,45.8781,610.0518,29.201,61.233,9.78,96.884,40.0514,0.1369,0.9947,1.8308,24.0366,0.9354,0.2094,0.3156,0.3085,0.3157,66.1702,4.294,3.3796,103.9367,-1,2008-08-19 15:33:00
15.0301,4.138999999999999,8.2293,0.0277,3.1806,3.145,4.97,0.0,5.0497,531.1391,0.3615,1.4813,0.9889,0.3205,4.5746,0.0994,2.3129,0.3476,8.6829,4.325,26.281,0.1252,2.2881,0.7094,2.9960000000000004,0.716,16.53,58.0827,0.0998,12.4759,97.5124,609.9336,29.201,9.3697,10.08,96.884,36.4063,0.0861,0.9992,1.8978,24.0366,0.9368,0.4236,0.2161,0.287,0.2162,66.5518,4.294,3.5039999999999996,103.9367,-1,2008-08-19 18:12:00
16.2458,8.3351,9.4225,0.0104,4.0836,3.1010000000000004,2.7460000000000004,0.0,4.6802,534.1755,0.7802,0.9053,1.0759999999999998,0.1558,2.4091,0.0968,2.532,0.4113,9.7484,4.317,34.0436,0.1307,2.3132,0.6809,3.5981,0.6518,63.86,26.7738,0.1102,12.6063,57.2146,601.11,23.7238,37.851,6.79,88.9672,38.1862,0.1638,0.9942,1.2711,27.7575,0.9348,0.0947,0.3907,0.3028,0.3907,66.4937,3.5827,2.403,99.31,-1,2008-08-19 18:12:00
7.4895,6.0746,9.4225,0.0151,4.0836,3.1010000000000004,6.164,0.0,4.3512,535.8209,0.2169,0.9053,1.0759999999999998,0.385,2.4091,0.0248,2.0976,0.1571,8.9416,4.317,31.7642,0.1375,2.3132,0.6809,3.5981,0.6518,14.1,26.7738,0.0481,12.4104,38.5542,633.4954,23.7238,23.3263,7.3,88.9672,38.1862,0.0549,0.9942,1.3624,27.7575,0.9257,0.2369,0.1287,0.3251,0.1287,66.595,3.5827,2.2672,99.31,-1,2008-08-19 18:30:00
21.0919,5.0984,9.4225,0.0137,4.0836,3.1010000000000004,3.967,0.0,4.8851,531.3882,0.4708,2.3748,1.0759999999999998,0.3144,2.3649,0.0823,2.2969999999999997,0.4845,9.1757,4.317,35.4148,0.1389,2.3132,0.6809,3.5981,0.6518,67.17,23.7892,0.1484,12.4869,59.4752,606.9455,19.8332,9.3697,9.62,68.4365,38.1862,0.1017,0.9942,1.8104,28.2114,0.9227,0.2334,0.2374,0.3272,0.2374,66.5922,2.7496,3.4163,99.1133,-1,2008-08-19 18:30:00
8.0031,4.4594,9.4225,0.0109,4.0836,3.1010000000000004,2.9389999999999996,0.0,4.3555,531.5864,0.6261,2.3748,1.0759999999999998,0.2668,2.3649,0.0942,2.4302,0.1945,9.3998,4.317,17.8135,0.1318,2.3132,0.6809,3.5981,0.6518,65.12,23.7892,0.0717,12.6278,36.8618,608.03,19.8332,19.874,8.38,68.4365,38.1862,0.1237,0.9942,1.5764,28.2114,0.937,0.1327,0.3156,0.3335,0.3155,66.3747,2.7496,3.0096,99.1133,-1,2008-08-19 19:38:00
18.5733,6.7235,9.3605,0.0303,5.9144,3.195,2.8560000000000003,0.0,2.7311,534.3564,0.7082,2.7713,1.3597,0.4152,3.5508,0.084,2.3688,0.44,9.0622,3.877,22.588,0.1361,2.3078,0.6539,4.1002,0.75875,64.74,510.041,0.1282,12.4492,109.2896,625.28,24.3718,10.3089,7.55,150.184,43.8032,0.1297,0.99775,1.4129,31.3378,0.929,0.2167,0.3572,0.3598,0.3572,66.4854,3.4346,2.7336,98.1311,-1,2008-08-19 20:53:00
15.6663,6.2091,13.4081,0.013,5.053999999999999,3.2230000000000003,3.417,0.0,5.1301,535.5691,0.8358,2.2811,1.5939,0.4589999999999999,2.5685,0.1003,1.7613,0.2759,8.8513,4.461,22.9765,0.1374,2.3194,0.7335,5.6151,0.6383,76.23,84.6151,0.0808,12.4753,184.3478,608.1973,18.3784,12.4862,6.3,66.1135,41.8785,0.1507,0.995,1.1763,8.705,0.9364,0.2693,0.4191,0.2847,0.4191,66.2673,2.4074,2.1787,105.4122,-1,2008-08-20 00:05:00
12.5306,4.0186,10.3695,0.0152,5.2727,3.1,6.164,0.0,2.4867,534.8873,0.2169,1.3873,1.325,0.385,3.671,0.086,2.4691,0.3094,8.9416,4.394,15.585,0.1274,2.3149,0.6881,4.5552,0.621,14.1,29.1606,0.0966,12.4661,52.4138,626.9545,19.9141,50.2702,6.62,75.8338,43.9288,0.0549,0.996,1.2376,32.4437,0.9242,0.2369,0.1287,0.3251,0.1287,66.595,2.5,2.3899,99.83,-1,2008-08-20 01:33:00
15.6663,5.0858,6.1686,0.015,6.7733,3.116,3.0210000000000004,0.0,4.0926,535.5691,0.5868,2.5284,0.9231,0.3006,2.7142,0.1003,1.7613,0.2759,8.5266,4.232,23.2779,0.1375,2.3128,0.6802,2.4706,0.6897,78.1,29.1606,0.0808,12.4616,39.7059,610.3745,18.6343,10.3089,6.3,106.0979,40.0514,0.1091,0.9947,1.1763,11.0639,0.9364,0.3808,0.2951,0.2484,0.2951,66.192,2.2605,2.1787,106.3311,-1,2008-08-20 01:42:00
29.8367,9.1891,6.3792,0.0089,3.7634,3.502,3.893,0.0,2.7996,480.5291,0.5829,2.3748,1.0342,0.305,2.3649,0.0969,2.4944,0.7443,8.531,3.263,24.0673,0.1375,2.3865,0.5738,2.5145,0.698,77.59,73.1502,0.2585,12.5018,65.1584,613.6609,19.8332,40.3321,277.11,68.4365,39.4169,0.1212,0.9979,57.6677,28.2114,0.9354,0.2858,0.294,0.3267,0.2941,66.3319,2.7496,99.8394,99.1133,-1,2008-08-20 02:13:00
22.304,6.9064,6.3792,0.0174,3.7634,3.502,2.7460000000000004,0.0,4.8082,317.1964,0.7802,2.3748,1.0342,0.1558,2.3649,0.0249,2.5047,0.5586,9.7484,3.263,26.8797,0.1248,2.3865,0.5738,2.5145,0.698,63.86,56.0858,0.2075,12.4786,26.546,630.1173,19.8332,21.2957,286.82,68.4365,39.4169,0.1638,0.9979,90.4235,28.2114,0.925,0.0947,0.3907,0.3028,0.3907,66.4937,2.7496,91.9336,99.1133,1,2008-08-20 02:27:00
11.1236,14.2375,10.3695,0.0126,5.2727,3.1,6.164,0.0,4.3512,531.9045,0.2169,0.9053,1.325,0.385,2.4091,0.0994,2.0793,0.2313,8.9416,4.394,23.8805,0.1283,2.3149,0.6881,4.5552,0.621,14.1,46.1077,0.0947,12.4104,50.6627,614.6764,23.7238,23.3263,11.24,88.9672,43.9288,0.0549,0.996,2.1132,27.7575,0.9368,0.2369,0.1287,0.3251,0.1287,66.595,3.5827,3.699,99.31,-1,2008-08-20 03:00:00
21.4982,4.676,6.3792,0.0174,3.7634,3.502,2.514,0.0,2.0884,531.2809,0.6279,0.9053,1.0342,0.315,2.4091,0.0257,2.3875,0.5133,8.6211,3.263,33.0758,0.1314,2.3865,0.5738,2.5145,0.698,77.92,66.2997,0.1694,12.4496,74.7875,619.9836,23.7238,15.2751,10.32,88.9672,39.4169,0.1369,0.9979,1.9425,27.7575,0.9271,0.2094,0.3156,0.3085,0.3157,66.1702,3.5827,3.5780000000000003,99.31,1,2008-08-20 03:12:00
15.35,4.2396,6.3792,0.0092,3.7634,3.502,3.102,0.0,4.3555,531.9673,0.7507,1.3873,1.0342,0.3145,3.671,0.0942,2.3808,0.3655,9.4832,3.263,17.965,0.1252,2.3865,0.5738,2.5145,0.698,65.34,66.2997,0.1244,12.6278,70.4895,610.13,19.9141,9.3697,10.26,75.8338,39.4169,0.1447,0.9979,1.9287,32.4437,0.937,0.1937,0.3782,0.374,0.3782,66.4374,2.5,3.6355,99.83,-1,2008-08-20 06:36:00
13.5931,13.7105,6.7884,0.0106,4.1983,3.108,1.831,0.0,4.2464,533.5627,0.7999,0.7185,0.9168,0.308,2.2101,0.1012,2.3471,0.319,8.9546,4.428999999999999,28.8518,0.1397,2.2948,0.706,2.5663,0.752,78.38,66.2997,0.1042,12.481,82.5911,611.0664,14.868,50.2702,8.61,82.0922,37.8041,0.153,1.009,1.6137,34.3599,0.9337,0.1188,0.4036,0.2787,0.4036,66.2016,1.8548,3.1079,99.6367,-1,2008-08-20 07:12:00
12.1012,9.9885,11.6144,0.0155,5.2764,3.037,3.893,0.0,3.7721,534.1736,0.5829,1.6927,1.3342,0.305,3.2067,0.1013,1.7757,0.2149,8.531,4.0360000000000005,32.5387,0.1361,2.3101,0.6774,4.3742,0.758,77.59,74.0589,0.0654,12.46,105.4264,621.3336,18.4995,95.8686,9.3,98.8182,37.6619,0.1212,0.9977,1.741,14.8011,0.9354,0.2858,0.294,0.3267,0.2941,66.3319,2.1311,3.285,101.1478,1,2008-08-20 08:40:00
12.4884,6.9474,6.3792,0.026,3.7634,3.502,2.501,0.0,7.4462,531.9845,0.7564,0.9053,1.0342,0.2376,2.4091,0.0998,1.8554,0.2317,9.5713,3.263,14.1135,0.1283,2.3865,0.5738,2.5145,0.698,64.39,46.9253,0.0704,12.4896,33.8425,615.6173,23.7238,23.3263,10.89,88.9672,39.4169,0.1579,0.9979,2.0471,27.7575,0.936,0.2093,0.3812,0.3151,0.3812,66.437,3.5827,3.9933,99.31,1,2008-08-20 09:17:00
17.177,3.9097,9.4225,0.0208,4.0836,3.1010000000000004,3.4339999999999997,0.0,4.0926,535.2782,0.5892,1.7905,1.0759999999999998,0.5085,2.6326,0.1003,1.807,0.3104,8.4092,4.317,24.7257,0.1315,2.3132,0.6809,3.5981,0.6518,77.83,46.9253,0.0914,12.4616,60.3015,609.3745,18.5915,20.9776,8.92,72.5983,38.1862,0.1213,0.9942,1.6664,24.3052,0.9364,0.2228,0.2973,0.3192,0.2973,66.2249,2.4966,3.0908,101.6778,-1,2008-08-20 10:26:00
13.4813,3.7064,12.6257,0.0173,3.695,3.088,3.629,0.0,2.7186,534.3055,0.6055,1.9187,1.7372,0.172,3.0464,0.0782,2.4677,0.3327,8.7219,4.465,25.7166,0.1252,2.3144,0.6971,5.1216,0.6421,76.78,46.9253,0.0963,12.5065,53.406000000000006,622.4182,22.5539,53.7992,7.18,87.309,40.5649,0.1362,1.019,1.3438,42.5434,0.9247,0.8462,0.3036,0.2493,0.3036,66.1097,3.2967,2.3938,106.8389,-1,2008-08-20 16:08:00
8.4705,5.7399,11.4075,0.0203,3.7933,3.2569999999999997,2.514,0.0,4.6371,530.9227,0.6279,1.6977,1.7874,0.315,3.1583,0.0804,2.3869,0.2022,8.6211,3.0839999999999996,26.1855,0.1375,2.3796,0.5563,5.2514,0.7931,77.92,46.9253,0.0631,12.5078,47.9401,631.3464,19.0207,40.3321,12.66,122.5857,46.0348,0.1369,0.9988,2.3845,11.2896,0.9238,0.2094,0.3156,0.3085,0.3157,66.1702,2.5755,4.0334,102.9611,-1,2008-08-20 16:16:00
9.8177,3.6741,8.2608,0.0134,3.6812,3.114,3.0210000000000004,0.0,2.651,537.2809,0.5868,2.7523,1.1454,0.3006,2.9131,0.0977,2.0931,0.2055,8.5266,4.263999999999999,22.1063,0.1256,2.295,0.6679999999999999,3.2179,0.6751,78.1,46.9253,0.0615,12.448,34.4615,616.0955,17.7343,53.0444,6.8,140.4818,38.9538,0.1091,0.9958,1.2656,4.1623,0.9367,0.3808,0.2951,0.2484,0.2951,66.192,2.2097,2.3023,103.71,-1,2008-08-20 17:09:00
12.7323,8.6732,10.3695,0.0093,5.2727,3.1,3.732,0.0,4.6371,533.4627,0.5505,2.3748,1.325,0.4221,2.3649,0.0942,2.3152,0.2948,8.5405,4.394,35.7866,0.1275,2.3149,0.6881,4.5552,0.621,76.57,46.9253,0.0985,12.5078,43.4568,597.2918,19.8332,50.2702,9.27,68.4365,43.9288,0.1089,0.996,1.7377,28.2114,0.937,0.1561,0.2766,0.2964,0.2765,66.2364,2.7496,3.1526,99.1133,-1,2008-08-20 17:35:00
5.7281,4.5129,4.2383,0.0144,5.5265,3.252,2.5469999999999997,0.0,3.205,532.5527,0.7697,1.4088,0.6222,0.4133,2.4568,0.0998,2.1698,0.1243,8.828,2.88,19.0935,0.1311,2.3725,0.5045,1.6475,0.8048,77.17,60.6831,0.0395,12.4806,30.6748,606.8073,18.4305,58.9444,10.24,64.778,38.8714,0.1565,0.9946,1.9228,31.183000000000003,0.936,0.4354,0.3869,0.2834,0.3869,66.2347,2.4725,3.5111,101.2411,-1,2008-08-20 17:36:00
7.6092,6.7011,11.4075,0.0196,3.7933,3.2569999999999997,3.893,0.0,2.4867,534.7936,0.5829,1.3873,1.7874,0.305,3.671,0.0976,2.1494,0.1636,8.531,3.0839999999999996,22.6131,0.1337,2.3796,0.5563,5.2514,0.7931,77.59,60.6831,0.057,12.4661,71.1744,614.7745,19.9141,82.0961,8.98,75.8338,46.0348,0.1212,0.9988,1.6791,32.4437,0.9363,0.2858,0.294,0.3267,0.2941,66.3319,2.5,3.2613,99.83,-1,2008-08-20 18:29:00
20.0978,4.4544,8.2608,0.0265,3.6812,3.114,3.595,0.0,4.0096,487.2691,0.4199,1.7905,1.1454,0.2648,2.6326,0.0823,2.4733,0.4971,8.5177,4.263999999999999,39.7257,0.132,2.295,0.6679999999999999,3.2179,0.6751,77.14,121.6592,0.1574,12.47,44.3497,610.98,18.5915,29.3353,280.66,72.5983,38.9538,0.0936,0.9958,57.5986,24.3052,0.9227,0.3206,0.2119,0.2814,0.2119,66.2409,2.4966,112.5998,101.6778,-1,2008-08-20 18:35:00
13.3646,4.3589,6.1986,0.0169,4.5167,3.105,2.287,0.0,3.7721,533.8264,0.4829,2.4246,0.8411,0.3839,3.7439,0.0942,2.3352,0.3121,8.7879,4.21,38.9877,0.1363,2.3167,0.7024,2.166,0.6955,76.05,53.746,0.0955,12.46,48.6957,582.4818,19.0836,15.0943,8.42,109.6739,34.9436,0.0888,0.9965,1.5773,8.4061,0.937,0.3322,0.2411,0.3368,0.2412,65.9625,2.4482,2.9466,99.9956,1,2008-08-20 19:20:00
11.1997,7.1405,12.6257,0.0188,3.695,3.088,2.906,0.0,2.9666,535.4818,0.5365,1.6472,1.7372,0.2514,2.2023,0.0938,2.4326,0.2724,8.8505,4.465,23.7087,0.1287,2.3144,0.6971,5.1216,0.6421,78.3,127.7463,0.0855,12.4722,41.3605,610.8109,17.7074,34.8875,4.92,110.2312,40.5649,0.1117,1.019,0.9188,20.2645,0.9345,0.2281,0.2704,0.2766,0.2703,66.2627,2.3757,1.7884,104.8733,-1,2008-08-20 20:19:00
16.3153,3.1175,12.6257,0.0087,3.695,3.088,2.906,0.0,2.166,534.97,0.5365,1.6472,1.7372,0.2514,2.2023,0.0938,2.3699,0.3867,8.8505,4.465,23.8531,0.1392,2.3144,0.6971,5.1216,0.6421,78.3,42.1428,0.1265,12.4655,47.8571,601.6855,17.7074,13.6884,8.21,110.2312,40.5649,0.1117,1.019,1.5347,20.2645,0.9345,0.2281,0.2704,0.2766,0.2703,66.2627,2.3757,2.7953,104.8733,-1,2008-08-20 21:33:00
14.9841,4.5134,12.6257,0.0139999999999999,3.695,3.088,2.906,0.0,2.166,534.96,0.5365,1.6472,1.7372,0.2514,2.2023,0.0915,2.4029,0.36,8.8505,4.465,22.1065,0.131,2.3144,0.6971,5.1216,0.6421,78.3,42.1428,0.1121,12.4655,73.0924,608.3127,17.7074,17.5662,8.49,110.2312,40.5649,0.1117,1.019,1.587,20.2645,0.9353,0.2281,0.2704,0.2766,0.2703,66.2627,2.3757,2.8977,104.8733,-1,2008-08-20 21:41:00
7.507999999999999,2.7193,9.4225,0.0246,4.0836,3.1010000000000004,3.4339999999999997,0.0,4.0926,535.9227,0.5892,2.5284,1.0759999999999998,0.5085,2.7142,0.1019,1.911,0.1435,8.4092,4.317,19.3468,0.1418,2.3132,0.6809,3.5981,0.6518,77.83,706.824,0.0437,12.4616,84.1202,611.8491,18.6343,14.6028,8.65,106.0979,38.1862,0.1213,0.9942,1.614,11.0639,0.9378,0.2228,0.2973,0.3192,0.2973,66.2249,2.2605,3.1242,106.3311,-1,2008-08-20 21:58:00
25.3557,4.0489,4.2383,0.0122,5.5265,3.252,3.313,0.0,2.0884,379.0045,0.7245,1.6977,0.6222,0.3364,3.1583,0.0942,2.3354,0.5922,8.3754,2.88,23.7913,0.1473,2.3725,0.5045,1.6475,0.8048,79.06,706.824,0.2063,12.4496,18.6047,600.6009,19.0207,15.758,12.88,122.5857,38.8714,0.1476,0.9946,3.3984,11.2896,0.937,0.315,0.364,0.2766,0.364,66.2622,2.5755,4.1417,102.9611,-1,2008-08-20 22:13:00
14.3214,3.3826,11.8427,0.0134,4.1946,3.1630000000000003,2.88,0.0,2.6554,532.5764,0.7553,1.6024,1.4555,0.2623,2.985,0.0939,2.5229,0.3613,9.2291,3.063,25.2645,0.1357,2.3978,0.5243,4.6754,0.7914,65.15,45.2582,0.1123,12.4273,76.6551,607.1264,22.7433,11.8153,7.84,115.7327,39.4793,0.1445,0.9962,1.4721,46.1964,0.9359,0.2253,0.3811,0.3317,0.3812,66.4775,3.1785,2.7259,105.8133,-1,2008-08-20 22:45:00
7.507999999999999,4.7116,8.2293,0.0138,3.1806,3.145,3.0210000000000004,0.0,2.6554,535.9227,0.5868,2.5284,0.9889,0.3006,2.7142,0.0765,1.911,0.1435,8.5266,4.325,19.1839,0.1374,2.2881,0.7094,2.9960000000000004,0.716,78.1,45.2582,0.0437,12.4273,97.0149,616.5755,18.6343,14.6028,8.65,106.0979,36.4063,0.1091,0.9992,1.614,11.0639,0.9217,0.3808,0.2951,0.2484,0.2951,66.192,2.2605,3.1242,106.3311,-1,2008-08-20 23:18:00
19.0018,6.0691,11.4075,0.0123,3.7933,3.2569999999999997,5.211,0.0,4.8957,531.1509,0.5817,1.6977,1.7874,0.4097,3.1583,0.0257,2.3937,0.4549,8.5952,3.0839999999999996,33.4275,0.1283,2.3796,0.5563,5.2514,0.7931,14.0,45.2582,0.1238,12.46,23.2288,628.22,19.0207,11.6369,10.44,122.5857,46.0348,0.1147,0.9988,1.9655,11.2896,0.9271,0.2732,0.2929,0.255,0.293,66.2273,2.5755,3.3998,102.9611,1,2008-08-20 23:43:00
14.4794,5.7121,11.4075,0.0155,3.7933,3.2569999999999997,3.385,0.0,7.4462,533.5964,0.4691,0.7185,1.7874,0.2415,2.2101,0.0969,2.2693,0.3286,8.3324,3.0839999999999996,33.4591,0.132,2.3796,0.5563,5.2514,0.7931,77.63,45.2582,0.1223,12.4896,247.343,622.1827,14.868,61.233,10.7,82.0922,46.0348,0.1036,0.9988,2.0053,34.3599,0.9334,0.244,0.2366,0.3089,0.2366,66.2381,1.8548,3.4023,99.6367,-1,2008-08-21 02:11:00
18.1111,7.7429,12.5344,0.0162,4.4755,3.1010000000000004,3.629,0.0,2.7186,530.6173,0.6055,1.6472,1.6071,0.172,2.2023,0.0782,2.4608,0.4457,8.7219,4.23,25.3399,0.1241,2.3161,0.6689,4.6747,0.7527,76.78,45.2582,0.1429,12.5065,59.596,623.8827,17.7074,13.0712,10.56,110.2312,37.2949,0.1362,0.9945,1.9901,20.2645,0.9247,0.8462,0.3036,0.2493,0.3036,66.1097,2.3757,3.6489,104.8733,-1,2008-08-21 02:46:00
58.6845,10.9632,11.4075,0.0161,3.7933,3.2569999999999997,3.057,0.0,2.7996,360.7645,0.4166,0.9053,1.7874,0.2628,2.4091,0.0969,2.3897,1.4024,8.6324,3.0839999999999996,25.7113,0.134,2.3796,0.5563,5.2514,0.7931,76.99,0.0,0.3742,12.5018,37.4269,611.3682,23.7238,32.2583,152.87,88.9672,46.0348,0.0779,0.9988,42.3739,27.7575,0.9354,0.3727,0.2087,0.3533,0.2087,66.0701,3.5827,51.7939,99.31,-1,2008-08-21 04:22:00
9.3484,6.2047,8.2293,0.0166,3.1806,3.145,2.88,0.0,5.1301,534.96,0.7553,2.7713,0.9889,0.2623,3.5508,0.0747,1.8846,0.1762,9.2291,4.325,34.578,0.1332,2.2881,0.7094,2.9960000000000004,0.716,65.15,0.0,0.0551,12.4753,11.8019,637.8855,24.3718,10.3089,10.03,150.184,36.4063,0.1445,0.9992,1.8749,31.3378,0.9267,0.2253,0.3811,0.3317,0.3812,66.4775,3.4346,3.3391,98.1311,-1,2008-08-21 04:29:00
13.5991,3.6306,11.4075,0.0174,3.7933,3.2569999999999997,2.595,0.0,4.0926,508.2764,0.7509,1.3015,1.7874,0.3392,2.3687,0.0977,2.0687,0.2813,9.5689,3.0839999999999996,27.218000000000004,0.135,2.3796,0.5563,5.2514,0.7931,75.55,0.0,0.0787,12.4616,19.802,608.7982,19.7183,43.0771,272.41,70.288,46.0348,0.1428,0.9988,53.5949,23.0148,0.9367,0.1737,0.3789,0.2837,0.3789,65.7291,2.6606,81.6568,104.1989,-1,2008-08-21 05:06:00
7.9513,6.2869,8.2293,0.0166,3.1806,3.145,3.417,0.0,4.0926,536.0973,0.8358,2.5807,0.9889,0.4589999999999999,2.4461,0.0976,2.0779,0.1652,8.8513,4.325,22.1809,0.1309,2.2881,0.7094,2.9960000000000004,0.716,76.23,114.1967,0.0453,12.4616,112.7148,622.3518,17.5459,10.3089,9.02,52.99100000000001,36.4063,0.1507,0.9992,1.6825,7.9778,0.9363,0.2693,0.4191,0.2847,0.4191,66.2673,2.0778,2.9018,104.53,-1,2008-08-21 05:15:00
20.7173,8.4171,14.8581,0.011,4.4604,3.245,2.7460000000000004,0.0,2.4867,529.5736,0.7802,2.3748,1.6678,0.1558,2.3649,0.0946,2.3868,0.4945,9.7484,4.184,45.2166,0.1281,2.3099,0.7275,5.3239,0.6755,63.86,114.1967,0.1308,12.4661,53.4918,605.0264,19.8332,9.4814,11.54,68.4365,35.8316,0.1638,0.9967,2.1791,28.2114,0.9341,0.0947,0.3907,0.3028,0.3907,66.4937,2.7496,4.001,99.1133,1,2008-08-21 06:10:00
7.612,4.6662,9.4225,0.0157,4.0836,3.1010000000000004,3.417,0.0,3.4371,534.4473,0.8358,2.7523,1.0759999999999998,0.4589999999999999,2.9131,0.0969999999999999,2.4356,0.1854,8.8513,4.317,20.4431,0.1311,2.3132,0.6809,3.5981,0.6518,76.23,114.1967,0.0663,12.5106,22.6415,610.8955,17.7343,14.6028,9.33,140.4818,38.1862,0.1507,0.9942,1.7457,4.1623,0.9352,0.2693,0.4191,0.2847,0.4191,66.2673,2.2097,3.3165,103.71,-1,2008-08-21 11:22:00
7.507999999999999,4.4095,6.7884,0.013,4.1983,3.108,2.88,0.0,2.7311,535.9227,0.7553,2.7523,0.9168,0.2623,2.9131,0.1019,1.911,0.1435,9.2291,4.428999999999999,21.5151,0.131,2.2948,0.706,2.5663,0.752,65.15,114.1967,0.0437,12.4492,70.8738,614.6018,17.7343,14.6028,8.65,140.4818,37.8041,0.1445,1.009,1.614,4.1623,0.9378,0.2253,0.3811,0.3317,0.3812,66.4775,2.2097,3.1242,103.71,-1,2008-08-21 12:00:00
13.3366,6.5836,14.8581,0.0085,4.4604,3.245,3.102,0.0,4.8082,531.5445,0.7507,2.1389,1.6678,0.3145,3.8543,0.0943,2.4212,0.3229,9.4832,4.184,25.0401,0.1311,2.3099,0.7275,5.3239,0.6755,65.34,70.0618,0.0935,12.4786,60.0791,610.3173,19.3948,95.8686,7.49,66.4874,35.8316,0.1447,0.9967,1.4091,10.1551,0.9309,0.1937,0.3782,0.374,0.3782,66.4374,2.4188,2.5085,103.3322,-1,2008-08-21 12:31:00
11.6249,6.0573,12.5344,0.0126,4.4755,3.1010000000000004,2.8560000000000003,0.0,2.6554,535.7282,0.7451,1.6024,1.6071,0.3117,2.985,0.027,2.1451,0.2494,9.0859,4.23,26.9872,0.1364,2.3161,0.6689,4.6747,0.7527,64.74,70.0618,0.0684,12.4273,44.9612,633.6936,22.7433,62.5691,7.49,115.7327,37.2949,0.1649,0.9945,1.3981,46.1964,0.9264,0.0737,0.3757,0.2962,0.3757,66.5237,3.1785,2.6910000000000003,105.8133,-1,2008-08-21 12:33:00
11.3021,6.4508,11.8427,0.0144,4.1946,3.1630000000000003,2.353,0.0,4.0096,530.6027,0.7649,1.6024,1.4555,0.1295,2.985,0.086,2.397,0.2709,9.2328,3.063,33.4081,0.1394,2.3978,0.5243,4.6754,0.7914,75.31,70.0618,0.0895,12.47,22.268,606.8545,22.7433,27.5462,7.11,115.7327,39.4793,0.158,0.9962,1.34,46.1964,0.9242,0.3058,0.3852,0.2733,0.3852,65.7516,3.1785,2.3928,105.8133,-1,2008-08-21 12:43:00
7.9513,2.5138,11.8427,0.0182,4.1946,3.1630000000000003,2.353,0.0,4.0926,536.0973,0.7649,1.6024,1.4555,0.1295,2.985,0.086,2.0779,0.1652,9.2328,3.063,23.7727,0.1256,2.3978,0.5243,4.6754,0.7914,75.31,70.0618,0.0453,12.4616,49.6945,617.3936,22.7433,41.9184,9.02,115.7327,39.4793,0.158,0.9962,1.6825,46.1964,0.9242,0.3058,0.3852,0.2733,0.3852,65.7516,3.1785,2.9018,105.8133,-1,2008-08-21 12:52:00
23.1501,6.9918,8.2293,0.0169,3.1806,3.145,3.595,0.0,4.0096,486.4218,0.4199,1.3873,0.9889,0.2648,3.671,0.0823,2.4624,0.57,8.5177,4.325,38.0547,0.1336,2.2881,0.7094,2.9960000000000004,0.716,77.14,70.0618,0.1829,12.47,57.4257,611.9973,19.9141,11.6369,276.52,75.8338,36.4063,0.0936,0.9992,56.8478,32.4437,0.9227,0.3206,0.2119,0.2814,0.2119,66.2409,2.5,110.9809,99.83,-1,2008-08-21 13:11:00
12.9673,4.8265,11.4075,0.0136,3.7933,3.2569999999999997,3.4339999999999997,0.0,2.6554,534.0518,0.5892,1.6977,1.7874,0.5085,3.1583,0.1019,2.4314,0.3153,8.4092,3.0839999999999996,20.8163,0.1345,2.3796,0.5563,5.2514,0.7931,77.83,141.9849,0.121,12.4273,94.6746,611.1118,19.0207,58.9444,8.07,122.5857,46.0348,0.1213,0.9988,1.5111,11.2896,0.9378,0.2228,0.2973,0.3192,0.2973,66.2249,2.5755,3.0118,102.9611,-1,2008-08-21 13:19:00
11.6249,15.1886,9.4225,0.0102,4.0836,3.1010000000000004,2.8560000000000003,0.0,2.7311,535.7282,0.7082,2.7713,1.0759999999999998,0.4152,3.5508,0.0937,2.1451,0.2494,9.0622,4.317,25.2206,0.1249,2.3132,0.6809,3.5981,0.6518,64.74,101.3884,0.0684,12.4492,88.8889,627.7345,24.3718,14.6028,7.49,150.184,38.1862,0.1297,0.9942,1.3981,31.3378,0.9319,0.2167,0.3572,0.3598,0.3572,66.4854,3.4346,2.6910000000000003,98.1311,-1,2008-08-21 13:29:00
11.0938,5.9309,11.4075,0.0123,3.7933,3.2569999999999997,2.88,0.0,2.6554,532.4355,0.7553,1.3015,1.7874,0.2623,2.3687,0.0939,2.3806,0.2641,9.2291,3.0839999999999996,27.7028,0.1256,2.3796,0.5563,5.2514,0.7931,65.15,97.8001,0.0896,12.4273,20.1198,608.6636,19.7183,53.0444,8.21,70.288,46.0348,0.1445,0.9988,1.5419999999999998,23.0148,0.9359,0.2253,0.3811,0.3317,0.3812,66.4775,2.6606,2.7049,104.1989,-1,2008-08-21 13:45:00
12.0929,5.0612,4.2383,0.0101,5.5265,3.252,4.97,0.0,3.9367,529.5727,0.3615,1.3873,0.6222,0.3205,3.671,0.0985,2.3873,0.2887,8.6829,2.88,36.0791,0.133,2.3725,0.5045,1.6475,0.8048,16.53,49.748999999999995,0.0892,12.4469,114.2857,599.1491,19.9141,15.7758,10.37,75.8338,38.8714,0.0861,0.9946,1.9582,32.4437,0.9354,0.4236,0.2161,0.287,0.2162,66.5518,2.5,3.6888,99.83,-1,2008-08-21 14:47:00
7.612,4.8816,14.8581,0.0311,4.4604,3.245,2.906,0.0,3.4371,534.4473,0.5365,2.1389,1.6678,0.2514,3.8543,0.0938,2.4356,0.1854,8.8505,4.184,23.3059,0.1287,2.3099,0.7275,5.3239,0.6755,78.3,49.748999999999995,0.0663,12.5106,72.8713,610.4564,19.3948,32.3989,9.33,66.4874,35.8316,0.1117,0.9967,1.7457,10.1551,0.9345,0.2281,0.2704,0.2766,0.2703,66.2627,2.4188,3.3165,103.3322,-1,2008-08-21 15:05:00
9.967,8.208,7.3364,0.0195,3.6299,3.1060000000000003,5.211,0.0,2.0884,530.8909,0.5817,2.1389,0.8846,0.4097,3.8543,0.0248,2.5326,0.2524,8.5952,4.269,33.1206,0.1291,2.3132,0.6739,2.7991,0.6848,14.0,110.9041,0.0765,12.4496,58.0726,627.1736,19.3948,23.3263,8.5,66.4874,38.1534,0.1147,0.9964,1.6011,10.1551,0.9257,0.2732,0.2929,0.255,0.293,66.2273,2.4188,3.0937,103.3322,-1,2008-08-21 15:06:00
10.4728,3.9273,10.703,0.0148,5.2633,3.178,4.18,0.0,2.6213,536.8282,0.6424,2.2385,1.5465,0.4363,4.7174,0.0873,2.1262,0.2227,9.396,4.329,18.3248,0.1388,2.3025,0.6977,4.3118,0.6469,64.4,46.4165,0.0686,12.5894,27.9509,620.8991,23.6616,35.1945,6.88,105.9614,40.286,0.1222,0.9995,1.2816,6.7067,0.9245,0.1625,0.3232,0.3379999999999999,0.3232,65.9503,2.9016,2.4837,104.0167,-1,2008-08-21 15:32:00
9.3484,3.7264,6.7884,0.0148,4.1983,3.108,3.0210000000000004,0.0,2.6554,534.96,0.5868,2.7523,0.9168,0.3006,2.9131,0.0765,1.8846,0.1762,8.5266,4.428999999999999,19.3697,0.1364,2.2948,0.706,2.5663,0.752,78.1,388.9648,0.0551,12.4273,54.6154,619.1936,17.7343,53.0444,10.03,140.4818,37.8041,0.1091,1.009,1.8749,4.1623,0.9217,0.3808,0.2951,0.2484,0.2951,66.192,2.2097,3.3391,103.71,-1,2008-08-21 15:48:00
11.0938,3.9885,7.3364,0.0136,3.6299,3.1060000000000003,4.021,0.0,4.8851,532.4355,0.5266,2.1389,0.8846,0.314,3.8543,0.0976,2.3806,0.2641,9.4043,4.269,24.8182,0.1406,2.3132,0.6739,2.7991,0.6848,65.84,388.9648,0.0896,12.4869,62.0499,606.02,19.3948,10.2028,8.21,66.4874,38.1534,0.1133,0.9964,1.5419999999999998,10.1551,0.9363,0.1337,0.2655,0.3239,0.2655,66.5991,2.4188,2.7049,103.3322,-1,2008-08-21 15:50:00
15.7488,8.811,14.8581,0.0184,4.4604,3.245,2.9389999999999996,0.0,3.9409,532.2545,0.6261,2.1389,1.6678,0.2668,3.8543,0.0942,2.4656,0.3883,9.3998,4.184,15.3918,0.1335,2.3099,0.7275,5.3239,0.6755,65.12,388.9648,0.1249,12.4337,51.1628,607.0473,19.3948,47.2964,12.05,66.4874,35.8316,0.1237,0.9967,2.264,10.1551,0.937,0.1327,0.3156,0.3335,0.3155,66.3747,2.4188,4.1489,103.3322,1,2008-08-21 16:19:00
9.8177,6.8435,12.5344,0.0154,4.4755,3.1010000000000004,3.0210000000000004,0.0,5.1301,537.2809,0.5868,1.3015,1.6071,0.3006,2.3687,0.0977,2.0931,0.2055,8.5266,4.23,20.4872,0.1246,2.3161,0.6689,4.6747,0.7527,78.1,388.9648,0.0615,12.4753,27.991,610.3036,19.7183,58.9444,6.8,70.288,37.2949,0.1091,0.9945,1.2656,23.0148,0.9367,0.3808,0.2951,0.2484,0.2951,66.192,2.6606,2.3023,104.1989,-1,2008-08-21 16:36:00
18.5733,5.0597,6.7884,0.0113,4.1983,3.108,3.4339999999999997,0.0,5.0497,534.3564,0.5892,1.6977,0.9168,0.5085,3.1583,0.084,2.3688,0.44,8.4092,4.428999999999999,22.5384,0.1345,2.2948,0.706,2.5663,0.752,77.83,331.6058,0.1282,12.4759,87.4751,622.3455,19.0207,58.9444,7.55,122.5857,37.8041,0.1213,1.009,1.4129,11.2896,0.929,0.2228,0.2973,0.3192,0.2973,66.2249,2.5755,2.7336,102.9611,-1,2008-08-21 17:25:00
14.29,7.0835,4.2383,0.0282,5.5265,3.252,2.888,0.0,4.2464,529.8082,0.982,0.9053,0.6222,0.2793,2.4091,0.0937,1.5705,0.2244,9.5642,2.88,31.7754,0.1323,2.3725,0.5045,1.6475,0.8048,74.48,100.796,0.0765,12.481,45.6599,620.7318,23.7238,18.1087,9.27,88.9672,38.8714,0.1953,0.9946,1.7497,27.7575,0.9293,0.1625,0.4946,0.3476,0.4946,65.7964,3.5827,3.1819,99.31,-1,2008-08-21 17:44:00
12.9122,5.0709,14.8581,0.0097,4.4604,3.245,3.692,0.0,2.9666,534.8045,0.7609,1.304,1.6678,0.3926,2.5588,0.0915,1.5655,0.2021,8.8384,4.184,20.7886,0.1288,2.3099,0.7275,5.3239,0.6755,78.29,150.3448,0.0641,12.4722,57.732,606.7309,18.201,54.5601,9.62,75.0024,35.8316,0.1532,0.9967,1.7988,7.7895,0.9353,0.1869,0.3829999999999999,0.2791,0.3829999999999999,66.3401,2.1713,3.0147,99.3944,-1,2008-08-21 18:04:00
13.5991,3.7025,8.2293,0.016,3.1806,3.145,1.88,0.0,4.0926,508.2764,0.6297,2.5807,0.9889,0.2555,2.4461,0.0976,2.0687,0.2813,9.1855,4.325,22.3823,0.1249,2.2881,0.7094,2.9960000000000004,0.716,84.98,150.3448,0.0787,12.4616,83.3747,604.3945,17.5459,10.3089,272.41,52.99100000000001,36.4063,0.1259,0.9992,53.5949,7.9778,0.9363,0.2614,0.3178,0.3389,0.3178,65.7014,2.0778,81.6568,104.53,1,2008-08-21 18:05:00
9.3484,7.1548,12.5344,0.0125,4.4755,3.1010000000000004,4.165,0.0,5.0497,534.96,0.6381,1.6024,1.6071,0.3286,2.985,0.0241,1.8846,0.1762,9.9964,4.23,30.0288,0.1221,2.3161,0.6689,4.6747,0.7527,63.98,150.3448,0.0551,12.4759,114.5263,638.0791,22.7433,27.5462,10.03,115.7327,37.2949,0.1175,0.9945,1.8749,46.1964,0.9266,0.0873,0.3221,0.2474,0.3221,66.5514,3.1785,3.3391,105.8133,-1,2008-08-21 18:39:00
10.1233,6.8752,12.6257,0.0302,3.695,3.088,3.732,0.0,2.4867,535.2709,0.5505,1.6977,1.7372,0.4221,3.1583,0.0969,2.3676,0.2397,8.5405,4.465,37.0555,0.1274,2.3144,0.6971,5.1216,0.6421,76.57,150.3448,0.0943,12.4661,56.4972,597.1818,19.0207,23.3263,7.93,122.5857,40.5649,0.1089,1.019,1.4815,11.2896,0.9366,0.1561,0.2766,0.2964,0.2765,66.2364,2.5755,2.9316,102.9611,-1,2008-08-21 18:53:00
28.2802,4.6953,7.3364,0.0098,3.6299,3.1060000000000003,2.906,0.0,2.9666,537.4455,0.5365,1.9187,0.8846,0.2514,3.0464,0.0969999999999999,1.5694,0.4438,8.8505,4.269,20.9881,0.1341,2.3132,0.6739,2.7991,0.6848,78.3,150.3448,0.1114,12.4722,58.7065,606.4227,22.5539,17.5662,7.5,87.309,38.1534,0.1117,0.9964,1.3955,42.5434,0.9352,0.2281,0.2704,0.2766,0.2703,66.2627,3.2967,2.5967,106.8389,-1,2008-08-21 19:12:00
18.5733,4.4354,11.4075,0.0167,3.7933,3.2569999999999997,2.8560000000000003,0.0,2.7311,534.3564,0.8902,1.3015,1.7874,0.3065,2.3687,0.084,2.3688,0.44,9.0695,3.0839999999999996,21.6882,0.1311,2.3796,0.5563,5.2514,0.7931,64.74,150.3448,0.1282,12.4492,104.3478,622.5836,19.7183,10.3089,7.55,70.288,46.0348,0.1734,0.9988,1.4129,23.0148,0.929,0.2142,0.4477,0.3191,0.4477,65.8231,2.6606,2.7336,104.1989,-1,2008-08-21 19:12:00
14.5067,5.6521,11.4075,0.0207,3.7933,3.2569999999999997,3.4339999999999997,0.0,5.0497,532.7618,0.5892,1.7905,1.7874,0.5085,2.6326,0.0969,2.3637,0.3429,8.4092,3.0839999999999996,26.1586,0.1336,2.3796,0.5563,5.2514,0.7931,77.83,150.3448,0.104,12.4759,41.8462,610.0327,18.5915,13.9158,8.77,72.5983,46.0348,0.1213,0.9988,1.6461,24.3052,0.9334,0.2228,0.2973,0.3192,0.2973,66.2249,2.4966,3.1585,101.6778,-1,2008-08-21 19:46:00
12.7437,4.3312,7.3364,0.0207,3.6299,3.1060000000000003,3.141,0.0,3.9409,534.5891,0.4365,1.6472,0.8846,0.3307,2.2023,0.1004,2.4801,0.3161,8.872,4.269,37.5213,0.1345,2.3132,0.6739,2.7991,0.6848,77.67,48.6584,0.1253,12.4337,62.6826,608.2509,17.7074,44.8745,6.51,110.2312,38.1534,0.0887,0.9964,1.2178,20.2645,0.9337,0.3695,0.2196,0.3258,0.2196,66.178,2.3757,2.2036,104.8733,-1,2008-08-21 20:19:00
15.2167,10.9636,7.3364,0.021,3.6299,3.1060000000000003,3.967,0.0,3.7721,532.7818,0.4708,1.6472,0.8846,0.3144,2.2023,0.0246,2.488,0.3786,9.1757,4.269,31.1665,0.1306,2.3132,0.6739,2.7991,0.6848,67.17,192.913,0.113,12.46,64.9215,629.6191,17.7074,32.7151,7.58,110.2312,38.1534,0.1017,0.9964,1.4227,20.2645,0.9266,0.2334,0.2374,0.3272,0.2374,66.5922,2.3757,2.4919,104.8733,-1,2008-08-21 20:21:00
18.3914,6.8555,10.703,0.0139,5.2633,3.178,3.4730000000000003,0.0,4.8082,534.4727,0.7031,1.304,1.5465,0.2819,2.5588,0.0249,2.1534,0.396,8.5788,4.329,26.3457,0.1406,2.3025,0.6977,4.3118,0.6469,76.55,192.913,0.1285,12.4786,64.0,630.4945,18.201,10.2028,7.68,75.0024,40.286,0.1313,0.9995,1.4369,7.7895,0.925,0.1985,0.3533,0.2674,0.3533,66.2147,2.1713,2.3003,99.3944,-1,2008-08-21 20:37:00
7.9951,6.8737,11.6625,0.0107,4.3521,3.091,2.213,0.0,2.166,533.4909,0.6551,3.1379,1.6404,0.4003,3.2218,0.0969999999999999,1.63,0.1303,8.6915,4.348,22.3699,0.1366,2.3073,0.6881,4.3986,0.6586,79.48,192.913,0.0397,12.4655,57.8209,607.8545,18.5853,54.5601,8.6801,159.8244,37.7156,0.1355,1.0,1.6269999999999998,8.226,0.9352,0.1421,0.3306,0.2962,0.3306,66.1976,2.4348,3.0031,104.1667,-1,2008-08-21 21:32:00
82.8827,6.0602,14.8581,0.0137,4.4604,3.245,2.501,0.0,4.3512,511.1427,0.7564,2.1389,1.6678,0.2376,3.8543,0.0998,1.645,1.3634,9.5713,4.184,25.02,0.1327,2.3099,0.7275,5.3239,0.6755,64.39,113.2841,0.4161,12.4104,51.4745,611.0473,19.3948,23.3263,434.04,66.4874,35.8316,0.1579,0.9967,84.9156,10.1551,0.936,0.2093,0.3812,0.3151,0.3812,66.437,2.4188,136.0771,103.3322,-1,2008-08-21 22:25:00
7.1219,8.9725,7.3364,0.016,3.6299,3.1060000000000003,6.164,0.0,4.3512,529.6518,0.2169,1.3015,0.8846,0.385,2.3687,0.086,2.5380000000000003,0.1808,8.9416,4.269,22.519,0.132,2.3132,0.6739,2.7991,0.6848,14.1,113.2841,0.06,12.4104,68.8608,621.3155,19.7183,23.3263,10.73,70.288,38.1534,0.0549,0.9964,2.0259,23.0148,0.9242,0.2369,0.1287,0.3251,0.1287,66.595,2.6606,3.849,104.1989,-1,2008-08-21 22:41:00
17.7998,5.6449,11.6625,0.0096,4.3521,3.091,37.88,0.0,4.8716,533.16,0.8907,1.304,1.6404,0.2854,2.5588,0.0254,2.2493,0.4004,8.536,4.348,32.4414,0.1254,2.3073,0.6881,4.3986,0.6586,36.03,127.2483,0.1164,12.5216,74.3935,633.6645,18.201,34.8875,9.7,75.0024,37.7156,0.1794,1.0,1.8193,7.7895,0.9228,0.2077,0.4484,0.2548,0.4484,66.2273,2.1713,3.2524,99.3944,-1,2008-08-21 23:08:00
11.9752,6.3172,7.3364,0.0113,3.6299,3.1060000000000003,6.164,0.0,2.7996,534.0436,0.2169,1.9187,0.8846,0.385,3.0464,0.0977,2.1886,0.2621,8.9416,4.269,23.4114,0.132,2.3132,0.6739,2.7991,0.6848,14.1,127.2483,0.0805,12.5018,40.8912,604.8864,22.5539,23.3263,10.74,87.309,38.1534,0.0549,0.9964,2.0111,42.5434,0.9367,0.2369,0.1287,0.3251,0.1287,66.595,3.2967,3.4272,106.8389,-1,2008-08-21 23:27:00
19.8705,5.726,10.703,0.0114,5.2633,3.178,4.021,0.0,4.8957,536.1245,0.5266,1.8791,1.5465,0.314,5.1022,0.0257,2.3189,0.4608,9.4043,4.329,43.6071,0.1386,2.3025,0.6977,4.3118,0.6469,65.84,127.2483,0.133,12.46,53.9629,618.6455,23.894,11.6115,7.73,129.2712,40.286,0.1133,0.9995,1.4418,8.4763,0.9271,0.1337,0.2655,0.3239,0.2655,66.5991,3.0139,2.3152,97.7689,-1,2008-08-21 23:53:00
12.803,6.4164,10.703,0.0196,5.2633,3.178,5.211,0.0,4.3512,535.9118,0.5817,2.1389,1.5465,0.4097,3.8543,0.086,1.7915,0.2294,8.5952,4.329,20.4284,0.1286,2.3025,0.6977,4.3118,0.6469,14.0,127.2483,0.0626,12.4104,29.3878,623.1145,19.3948,23.3263,8.52,66.4874,40.286,0.1147,0.9995,1.5898,10.1551,0.9242,0.2732,0.2929,0.255,0.293,66.2273,2.4188,3.1416,103.3322,-1,2008-08-21 23:57:00
9.0279,4.3502,6.7884,0.0214,4.1983,3.108,4.021,0.0,2.8106,529.1527,0.5266,1.6977,0.9168,0.314,3.1583,0.0248,2.5264,0.2281,9.4043,4.428999999999999,35.2757,0.133,2.2948,0.706,2.5663,0.752,65.84,79.8045,0.0636,12.4527,39.5506,628.9764,19.0207,9.4279,9.14,122.5857,37.8041,0.1133,1.009,1.7273,11.2896,0.9257,0.1337,0.2655,0.3239,0.2655,66.5991,2.5755,3.364,102.9611,-1,2008-08-22 00:43:00
15.3151,6.5727,7.5042,0.0136,3.3997,3.0210000000000004,2.607,0.0,2.651,534.0609,0.6297,2.1993,1.1348,0.1809,3.4264,0.0932,2.4197,0.3706,8.5232,4.409,24.3127,0.1348,2.3177,0.6808,2.8453,0.6834,78.95,79.8045,0.1237,12.448,48.0,617.0245,19.3893,11.483,8.36,70.7249,37.916,0.1223,0.9955,1.5654,12.1833,0.9338,0.3248,0.3177,0.3011,0.3177,66.2289,2.555,2.9893,104.7056,-1,2008-08-22 00:44:00
20.5636,5.7366,7.5042,0.0269,3.3997,3.0210000000000004,2.9139999999999997,0.0,3.9367,533.9055,0.5717,3.1379,1.1348,0.3395,3.2218,0.0969,2.3606,0.4854,8.6527,4.409,37.0683,0.1389,2.3177,0.6808,2.8453,0.6834,77.24,79.8045,0.1218,12.4469,35.7827,605.9827,18.5853,11.6115,7.46,159.8244,37.916,0.1094,0.9955,1.3973,8.226,0.9366,0.1964,0.2871,0.3229,0.2871,66.1517,2.4348,2.6763,104.1667,-1,2008-08-22 00:47:00
8.2046,4.3207,6.7884,0.0129,4.1983,3.108,1.88,0.0,5.1301,532.7,0.6297,2.4447,0.9168,0.2555,2.8621,0.086,2.3601,0.1936,9.1855,4.428999999999999,20.2979,0.135,2.2948,0.706,2.5663,0.752,84.98,79.8045,0.0595,12.4753,48.1046,622.8364,17.0475,53.0444,10.46,103.4064,37.8041,0.1259,1.009,1.9636,7.2557,0.9242,0.2614,0.3178,0.3389,0.3178,65.7014,1.9469,3.7087,102.1733,1,2008-08-22 01:04:00
55.1208,7.7496,10.703,0.0139,5.2633,3.178,3.923,0.0,3.9409,336.6718,0.6175,1.9187,1.5465,0.4039,3.0464,0.0942,2.2705,1.2515,9.2655,4.329,19.162,0.1349,2.3025,0.6977,4.3118,0.6469,11.52,121.6354,0.3603,12.4337,45.2579,601.8373,22.5539,50.7506,150.77,87.309,40.286,0.1193,0.9995,44.7825,42.5434,0.937,0.1371,0.3108,0.3458,0.3108,65.76899999999999,3.2967,61.4165,106.8389,-1,2008-08-22 01:26:00
17.1974,6.1033,12.5344,0.0155,4.4755,3.1010000000000004,2.5469999999999997,0.0,7.4462,532.8691,0.7697,1.3015,1.6071,0.4133,2.3687,0.0969,2.3668,0.407,8.828,4.23,29.8097,0.1252,2.3161,0.6689,4.6747,0.7527,77.17,121.6354,0.1163,12.4896,51.3369,610.4545,19.7183,14.6028,10.38,70.288,37.2949,0.1565,0.9945,1.9479,23.0148,0.9334,0.4354,0.3869,0.2834,0.3869,66.2347,2.6606,3.5665,104.1989,-1,2008-08-22 01:27:00
15.2177,6.4204,14.8581,0.0126,4.4604,3.245,37.88,0.0,2.4867,533.1491,0.8907,1.304,1.6678,0.2854,2.5588,0.0254,2.4279,0.3695,8.536,4.184,32.7577,0.1342,2.3099,0.7275,5.3239,0.6755,36.03,121.6354,0.1147,12.4661,26.8344,622.6709,18.201,72.9703,9.66,75.0024,35.8316,0.1794,0.9967,1.8119,7.7895,0.9228,0.2077,0.4484,0.2548,0.4484,66.2273,2.1713,3.5314,99.3944,-1,2008-08-22 01:54:00
7.612,5.242999999999999,12.5344,0.0089,4.4755,3.1010000000000004,4.165,0.0,3.4371,534.4473,0.6381,1.3015,1.6071,0.3286,2.3687,0.0938,2.4356,0.1854,9.9964,4.23,26.3771,0.1345,2.3161,0.6689,4.6747,0.7527,63.98,86.7035,0.0663,12.5106,54.3689,606.2809,19.7183,58.9444,9.33,70.288,37.2949,0.1175,0.9945,1.7457,23.0148,0.9345,0.0873,0.3221,0.2474,0.3221,66.5514,2.6606,3.3165,104.1989,-1,2008-08-22 02:01:00
11.0551,11.173,7.5042,0.0185,3.3997,3.0210000000000004,6.215,0.0,2.9666,534.9473,0.6774,3.1379,1.1348,0.3228,3.2218,0.0969999999999999,1.6309,0.1803,9.7324,4.409,23.7806,0.1392,2.3177,0.6808,2.8453,0.6834,16.64,86.7035,0.0556,12.4722,55.0607,606.92,18.5853,47.843,7.85,159.8244,37.916,0.1417,0.9955,1.4674,8.226,0.9352,0.1169,0.3412,0.3534,0.3412,66.6973,2.4348,2.2968,104.1667,-1,2008-08-22 02:25:00
15.984000000000002,3.5958,10.703,0.0136,5.2633,3.178,4.021,0.0,4.3512,532.3445,0.5266,1.6472,1.5465,0.314,2.2023,0.086,2.4733,0.3953,9.4043,4.329,22.8296,0.1306,2.3025,0.6977,4.3118,0.6469,65.84,86.7035,0.1144,12.4104,52.3977,621.0127,17.7074,15.2751,8.38,110.2312,40.286,0.1133,0.9995,1.5742,20.2645,0.9242,0.1337,0.2655,0.3239,0.2655,66.5991,2.3757,2.6942,104.8733,-1,2008-08-22 02:52:00
8.302999999999999,5.5799,11.6625,0.0156,4.3521,3.091,3.142,0.0,1.3602,532.6755,0.8548,1.8716,1.6404,0.4231,3.6903,0.0909,2.313,0.192,9.3335,4.348,19.9156,0.1271,2.3073,0.6881,4.3986,0.6586,66.55,86.7035,0.057,12.4978,85.7909,607.1727,20.6032,11.6115,8.47,95.1761,37.7156,0.1628,1.0,1.5901,8.5931,0.9327,0.2593,0.4311,0.3192,0.4311,66.5362,2.6883,3.0029,104.6156,-1,2008-08-22 03:18:00
4.582,5.7879,7.5042,0.0119,3.3997,3.0210000000000004,4.019,0.0,2.6554,532.1827,0.5971,1.8716,1.1348,0.2259,3.6903,0.0994,2.2771,0.1043,8.6013,4.409,22.3374,0.1369999999999999,2.3177,0.6808,2.8453,0.6834,76.97,62.8422,0.0345,12.4273,54.0305,609.5127,20.6032,34.4987,7.47,95.1761,37.916,0.1217,0.9955,1.4036,8.5931,0.9368,0.1928,0.3005,0.286,0.3005,66.2377,2.6883,2.5493,104.6156,-1,2008-08-22 03:58:00
15.2351,14.1221,11.6625,0.0098,4.3521,3.091,2.607,0.0,2.9666,533.9036,0.6297,3.1379,1.6404,0.1809,3.2218,0.0921,2.3605,0.3596,8.5232,4.348,25.2855,0.1274,2.3073,0.6881,4.3986,0.6586,78.95,233.2441,0.1158,12.4722,49.3724,612.6209,18.5853,50.2702,9.35,159.8244,37.7156,0.1223,1.0,1.7512,8.226,0.9361,0.3248,0.3177,0.3011,0.3177,66.2289,2.4348,3.2619,104.1667,-1,2008-08-22 04:40:00
18.5733,5.0601,14.8581,0.0166,4.4604,3.245,2.8560000000000003,0.0,2.7311,534.3564,0.7082,2.7713,1.6678,0.4152,3.5508,0.084,2.3688,0.44,9.0622,4.184,23.5582,0.1371,2.3099,0.7275,5.3239,0.6755,64.74,233.2441,0.1282,12.4492,122.7273,623.6918,24.3718,10.3089,7.55,150.184,35.8316,0.1297,0.9967,1.4129,31.3378,0.929,0.2167,0.3572,0.3598,0.3572,66.4854,3.4346,2.7336,98.1311,-1,2008-08-22 04:57:00
11.4305,11.5187,11.6625,0.0124,4.3521,3.091,2.607,0.0,2.166,535.4736,0.6297,3.1379,1.6404,0.1809,3.2218,0.0909,2.3436,0.2679,8.5232,4.348,21.1288,0.1375,2.3073,0.6881,4.3986,0.6586,78.95,233.2441,0.0833,12.4655,59.3577,612.6755,18.5853,13.7543,7.67,159.8244,37.7156,0.1223,1.0,1.4324,8.226,0.9327,0.3248,0.3177,0.3011,0.3177,66.2289,2.4348,2.6886,104.1667,-1,2008-08-22 05:21:00
22.1989,4.2411,10.703,0.0177,5.2633,3.178,3.595,0.0,1.3602,535.2009,0.4199,1.6024,1.5465,0.2648,2.985,0.0909,1.692,0.3756,8.5177,4.329,22.3321,0.1323,2.3025,0.6977,4.3118,0.6469,77.14,233.2441,0.1171,12.4978,86.9565,610.4791,22.7433,18.1087,8.9,115.7327,40.286,0.0936,0.9995,1.6629,46.1964,0.9327,0.3206,0.2119,0.2814,0.2119,66.2409,3.1785,3.0585,105.8133,-1,2008-08-22 05:31:00
18.5733,4.6703,10.703,0.0108,5.2633,3.178,2.353,0.0,5.0497,534.3564,0.7649,1.6024,1.5465,0.1295,2.985,0.0937,2.3688,0.44,9.2328,4.329,27.2848,0.1373,2.3025,0.6977,4.3118,0.6469,75.31,233.2441,0.1282,12.4759,19.8582,628.3682,22.7433,62.5691,7.55,115.7327,40.286,0.158,0.9995,1.4129,46.1964,0.9319,0.3058,0.3852,0.2733,0.3852,65.7516,3.1785,2.7336,105.8133,-1,2008-08-22 05:32:00
12.5829,9.4756,11.6625,0.0184,4.3521,3.091,4.019,0.0,4.3555,537.6618,0.5971,3.1379,1.6404,0.2259,3.2218,0.0937,2.2127,0.2784,8.6013,4.348,37.4668,0.1306,2.3073,0.6881,4.3986,0.6586,76.97,233.2441,0.0925,12.6278,64.6204,608.34,18.5853,17.5409,8.37,159.8244,37.7156,0.1217,1.0,1.5567,8.226,0.9337,0.1928,0.3005,0.286,0.3005,66.2377,2.4348,2.5383,104.1667,1,2008-08-22 06:00:00
10.4728,5.3257,13.0763,0.0116,5.452000000000001,3.275,4.18,0.0,2.6213,536.8282,0.6424,1.9767,1.4396,0.4363,5.1243,0.0873,2.1262,0.2227,9.396,3.165,21.0027,0.1382,2.3672,0.5609,5.0751,0.8117,64.4,233.2441,0.0686,12.5894,20.8514,619.5591,18.3171,23.0054,6.88,84.2621,38.8115,0.1222,0.9999,1.2816,34.705999999999996,0.9245,0.1625,0.3232,0.3379999999999999,0.3232,65.9503,2.7907,2.4837,100.8022,-1,2008-08-22 07:04:00
11.9761,8.9202,14.8581,0.0101,4.4604,3.245,3.732,0.0,2.4867,534.7936,0.5505,1.6472,1.6678,0.4221,2.2023,0.0246,2.2749,0.2724,8.5405,4.184,27.6834,0.1299,2.3099,0.7275,5.3239,0.6755,76.57,233.2441,0.0733,12.4661,26.7658,631.8009,17.7074,61.233,6.21,110.2312,35.8316,0.1089,0.9967,1.1612,20.2645,0.9266,0.1561,0.2766,0.2964,0.2765,66.2364,2.3757,2.0911,104.8733,-1,2008-08-22 07:17:00
13.9088,6.8782,7.5042,0.0269,3.3997,3.0210000000000004,3.417,0.0,2.651,532.7645,0.8358,1.6024,1.1348,0.4589999999999999,2.985,0.0969,2.4112,0.3354,8.8513,4.409,26.336,0.1249,2.3177,0.6808,2.8453,0.6834,76.23,233.2441,0.0991,12.448,46.9294,608.4055,22.7433,27.5462,9.83,115.7327,37.916,0.1507,0.9955,1.8451,46.1964,0.9334,0.2693,0.4191,0.2847,0.4191,66.2673,3.1785,3.4139,105.8133,-1,2008-08-22 07:27:00
17.8738,5.2072,10.703,0.0179,5.2633,3.178,2.287,0.0,4.3555,530.3155,0.4829,2.1389,1.5465,0.3839,3.8543,0.0943,2.2485,0.4019,8.7879,4.329,23.9934,0.1302,2.3025,0.6977,4.3118,0.6469,76.05,146.5131,0.143,12.6278,35.5828,614.5418,19.3948,18.1087,10.36,66.4874,40.286,0.0888,0.9995,1.9536,10.1551,0.9309,0.3322,0.2411,0.3368,0.2412,65.9625,2.4188,3.5141,103.3322,-1,2008-08-22 09:29:00
27.4837,2.6252,13.0763,0.0115,5.452000000000001,3.275,2.213,0.0,2.166,533.5927,0.6551,1.9767,1.4396,0.4003,5.1243,0.0915,2.2888,0.629,8.6915,3.165,17.735,0.1373,2.3672,0.5609,5.0751,0.8117,79.48,146.5131,0.2042,12.4655,54.8792,603.49,18.3171,10.8294,9.48,84.2621,38.8115,0.1355,0.9999,1.7766,34.705999999999996,0.9353,0.1421,0.3306,0.2962,0.3306,66.1976,2.7907,3.2468,100.8022,-1,2008-08-22 09:29:00
8.6672,8.0131,14.8581,0.0184,4.4604,3.245,3.732,0.0,2.7996,530.6855,0.5505,1.6472,1.6678,0.4221,2.2023,0.0804,2.2688,0.1966,8.5405,4.184,27.0685,0.1274,2.3099,0.7275,5.3239,0.6755,76.57,146.5131,0.0713,12.5018,41.9162,626.8682,17.7074,50.2702,11.18,110.2312,35.8316,0.1089,0.9967,2.1067,20.2645,0.9238,0.1561,0.2766,0.2964,0.2765,66.2364,2.3757,3.9678,104.8733,-1,2008-08-22 10:01:00
14.992,4.5813,10.703,0.0193,5.2633,3.178,37.88,0.0,4.0096,539.1145,0.8907,3.1379,1.5465,0.2854,3.2218,0.1019,1.797,0.2694,8.536,4.329,28.9236,0.1254,2.3025,0.6977,4.3118,0.6469,36.03,146.5131,0.0752,12.47,46.5649,605.8191,18.5853,23.3263,7.96,159.8244,40.286,0.1794,0.9995,1.4765,8.226,0.9378,0.2077,0.4484,0.2548,0.4484,66.2273,2.4348,2.5273,104.1667,-1,2008-08-22 10:18:00
10.3254,7.0181,13.0763,0.0109,5.452000000000001,3.275,2.864,0.0,4.9204,536.0091,0.4452,1.9767,1.4396,0.45,5.1243,0.0813,2.0315,0.2098,8.658999999999999,3.165,23.2014,0.1397,2.3672,0.5609,5.0751,0.8117,77.74,43.1616,0.0696,12.6006,39.3443,626.2655,18.3171,39.043,8.77,84.2621,38.8115,0.1032,0.9999,1.6362,34.705999999999996,0.9251,0.2514,0.2244,0.2913,0.2244,66.2245,2.7907,3.1343,100.8022,-1,2008-08-22 10:47:00
8.647,5.8283,13.0763,0.0206,5.452000000000001,3.275,2.213,0.0,2.9666,534.5991,0.6551,0.5615,1.4396,0.4003,2.3102,0.0915,2.3354,0.2019,8.6915,3.165,18.2879,0.1349,2.3672,0.5609,5.0751,0.8117,79.48,182.5607,0.0621,12.4722,37.8517,608.7173,22.0973,71.0573,10.82,47.5393,38.8115,0.1355,0.9999,2.0239,33.6696,0.9353,0.1421,0.3306,0.2962,0.3306,66.1976,3.1389,3.8083,108.7689,-1,2008-08-22 11:32:00
12.4442,4.3328,11.6625,0.0099,4.3521,3.091,2.353,0.0,4.0926,531.4409,0.7649,1.6024,1.6404,0.1295,2.985,0.0998,2.3579,0.2934,9.2328,4.348,22.4415,0.1311,2.3073,0.6881,4.3986,0.6586,75.31,0.0,0.0885,12.4616,51.4412,603.5018,22.7433,27.5462,7.69,115.7327,37.7156,0.158,1.0,1.4469999999999998,46.1964,0.936,0.3058,0.3852,0.2733,0.3852,65.7516,3.1785,2.595,105.8133,-1,2008-08-22 12:13:00
7.0084,8.1722,13.0763,0.0164,5.452000000000001,3.275,2.607,0.0,7.4462,531.7354,0.6297,2.1993,1.4396,0.1809,3.4264,0.0765,2.3128,0.1621,8.5232,3.165,23.2908,0.1363,2.3672,0.5609,5.0751,0.8117,78.95,0.0,0.0614,12.4896,64.1115,618.1955,19.3893,15.0943,7.79,70.7249,38.8115,0.1223,0.9999,1.465,12.1833,0.9217,0.3248,0.3177,0.3011,0.3177,66.2289,2.555,2.5563,104.7056,-1,2008-08-22 12:37:00
14.6612,5.524,13.0763,0.0096,5.452000000000001,3.275,3.5210000000000004,0.0,4.9204,532.3982,0.6671,1.9767,1.4396,0.3482,5.1243,0.0782,2.3705,0.3475,8.6439,3.165,26.5409,0.134,2.3672,0.5609,5.0751,0.8117,78.04,0.0,0.1097,12.6006,58.891000000000005,616.78,18.3171,17.5662,8.5699,84.2621,38.8115,0.134,0.9999,1.6097,34.705999999999996,0.9247,0.2091,0.3374,0.3166,0.3374,66.2423,2.7907,2.9698,100.8022,-1,2008-08-22 12:42:00
20.2424,8.7428,11.7126,0.0118,5.5172,3.263,3.029,0.0,2.2359,534.4964,0.6572,1.3243,1.5147,0.1486,3.2624,0.0841,2.4582,0.4976,8.7851,3.0039999999999996,14.5322,0.1403,2.3808,0.5071,4.6908,0.8387,77.05,0.0,0.1536,12.5227,62.43899999999999,629.1573,22.761999999999997,15.3056,9.14,115.2172,40.0493,0.124,1.001,1.71,23.7609,0.925,0.8375,0.3297,0.2254,0.3297,66.2593,3.5113,3.3294,102.9922,-1,2008-08-22 13:22:00
11.7398,4.0485,13.0763,0.0172,5.452000000000001,3.275,4.18,0.0,2.6213,532.7645,0.6424,0.957,1.4396,0.4363,1.7261,0.0873,1.6780000000000002,0.1969999999999999,9.396,3.165,22.364,0.1334,2.3672,0.5609,5.0751,0.8117,64.4,0.0,0.0569,12.5894,20.4122,619.08,17.6657,23.0054,8.58,81.2156,38.8115,0.1222,0.9999,1.6105,28.0784,0.9245,0.1625,0.3232,0.3379999999999999,0.3232,65.9503,2.4674,2.9163,99.4889,-1,2008-08-22 14:45:00
19.5847,6.0188,11.6625,0.0142,4.3521,3.091,2.096,0.0,4.3555,531.6036,0.6293,1.9187,1.6404,0.4435,3.0464,0.0968,2.0159,0.3948,9.043,4.348,62.8378,0.132,2.3073,0.6881,4.3986,0.6586,78.68,0.0,0.1029,12.6278,174.8072,624.8109,22.5539,62.5691,7.35,87.309,37.7156,0.1309,1.0,1.3826,42.5434,0.934,0.2082,0.3169,0.2901,0.3169,65.8445,3.2967,2.5268,106.8389,-1,2008-08-22 15:25:00
7.2419,5.2891,11.7126,0.0097,5.5172,3.263,3.029,0.0,2.2359,532.9282,0.6572,1.3243,1.5147,0.1486,3.2624,0.0841,2.4995,0.181,8.7851,3.0039999999999996,17.1233,0.1404,2.3808,0.5071,4.6908,0.8387,77.05,0.0,0.0679,12.5227,44.3213,627.3664,22.761999999999997,35.1945,7.84,115.2172,40.0493,0.124,1.001,1.4711,23.7609,0.925,0.8375,0.3297,0.2254,0.3297,66.2593,3.5113,2.8553,102.9922,-1,2008-08-22 15:39:00
16.3758,8.1065,11.7126,0.0144,5.5172,3.263,3.967,0.0,2.7996,531.2591,0.4708,1.6472,1.5147,0.3144,2.2023,0.0805,2.395,0.3922,9.1757,3.0039999999999996,21.2359,0.1275,2.3808,0.5071,4.6908,0.8387,67.17,0.0,0.1212,12.5018,45.3515,628.1482,17.7074,50.2702,5.96,110.2312,40.0493,0.1017,1.001,1.1219,20.2645,0.9195,0.2334,0.2374,0.3272,0.2374,66.5922,2.3757,2.1771,104.8733,-1,2008-08-22 15:54:00
11.3021,6.747999999999999,13.0763,0.0174,5.452000000000001,3.275,1.88,0.0,4.0926,530.6027,0.6297,1.6024,1.4396,0.2555,2.985,0.0969,2.397,0.2709,9.1855,3.165,31.4501,0.1311,2.3672,0.5609,5.0751,0.8117,84.98,0.0,0.0895,12.4616,49.0251,599.6918,22.7433,27.5462,7.11,115.7327,38.8115,0.1259,0.9999,1.34,46.1964,0.9366,0.2614,0.3178,0.3389,0.3178,65.7014,3.1785,2.3928,105.8133,1,2008-08-22 19:14:00
9.344,5.2989999999999995,7.96,0.0139,4.8581,3.265,2.035,0.0,4.9204,532.4618,0.9798,1.9384,1.0391,0.3743,2.8329,0.0778,2.2846,0.2135,8.4421,2.8539999999999996,30.0664,0.133,2.3573,0.4947,2.9982,0.8244,79.06,31.3771,0.0671,12.6006,31.4342,629.6345,18.5128,15.7758,9.36,93.7489,37.6658,0.1995,0.9995,1.7579,18.9687,0.9211,0.3623,0.4926,0.2606,0.4926,66.2998,2.7555,3.1597,106.2556,-1,2008-08-22 23:46:00
33.7554,5.0396,7.96,0.0138,4.8581,3.265,3.692,0.0,1.9154,410.2409,0.7609,0.5615,1.0391,0.3926,2.3102,0.0791,2.4691,0.8335,8.8384,2.8539999999999996,24.1854,0.1348,2.3573,0.4947,2.9982,0.8244,78.29,31.3771,0.2556,12.5302,73.6634,638.9927,22.0973,54.5601,59.58,47.5393,37.6658,0.1532,0.9995,14.5232,33.6696,0.9202,0.1869,0.3829999999999999,0.2791,0.3829999999999999,66.3401,3.1389,21.2391,108.7689,-1,2008-08-22 23:47:00
18.1001,7.684,7.96,0.0147,4.8581,3.265,0.9273,0.0,1.9154,538.3636,0.6788,1.9767,1.0391,0.2984,5.1243,0.0813,1.9631,0.3553,8.7994,2.8539999999999996,24.9899,0.1333,2.3573,0.4947,2.9982,0.8244,2.332,109.5996,0.0858,12.5302,36.7722,624.5673,18.3171,23.0054,6.04,84.2621,37.6658,0.1415,0.9995,1.1219,34.705999999999996,0.9251,0.2977,0.3421,0.2867,0.3421,66.1349,2.7907,1.9273,100.8022,-1,2008-08-22 23:49:00
11.7989,4.8857,7.96,0.0132,4.8581,3.265,0.9273,0.0,2.6213,534.5545,0.6788,1.6021,1.0391,0.2984,4.2646,0.0813,2.3853,0.2814,8.7994,2.8539999999999996,22.1675,0.1336,2.3573,0.4947,2.9982,0.8244,2.332,109.5996,0.0917,12.5894,42.4178,626.2627,18.9628,11.7421,8.2,95.0865,37.6658,0.1415,0.9995,1.534,37.3729,0.9251,0.2977,0.3421,0.2867,0.3421,66.1349,2.5408,2.9624,103.88,-1,2008-08-22 23:56:00
7.2419,9.7235,10.7389,0.0139999999999999,5.5615,3.31,3.029,0.0,2.2359,532.9282,0.6572,0.8959999999999999,1.5016,0.1486,2.5965,0.0774,2.4995,0.181,8.7851,3.074,15.6295,0.1388,2.3737,0.5542,4.2777,0.8258,77.05,109.5996,0.0679,12.5227,73.0964,631.3245,27.9554,42.2357,7.84,27.3556,39.8338,0.124,0.9973,1.4711,35.6436,0.9266,0.8375,0.3297,0.2254,0.3297,66.2593,4.0927,2.8553,103.2567,-1,2008-08-23 02:04:00
19.1907,3.8384,7.96,0.0124,4.8581,3.265,3.5210000000000004,0.0,2.9106,534.9382,0.6671,1.9384,1.0391,0.3482,2.8329,0.0813,2.3874,0.4582,8.6439,2.8539999999999996,23.7232,0.1333,2.3573,0.4947,2.9982,0.8244,78.04,109.5996,0.1468,12.3686,70.4545,623.7918,18.5128,39.043,8.45,93.7489,37.6658,0.134,0.9995,1.5796,18.9687,0.9248,0.2091,0.3374,0.3166,0.3374,66.2423,2.7555,2.8896,106.2556,-1,2008-08-23 03:26:00
13.4312,5.8984,7.96,0.0111,4.8581,3.265,2.9139999999999997,0.0,7.4462,510.2164,0.5717,1.6021,1.0391,0.3395,4.2646,0.0985,2.469,0.3316,8.6527,2.8539999999999996,29.5935,0.1316,2.3573,0.4947,2.9982,0.8244,77.24,109.5996,0.1054,12.4896,66.6667,600.8982,18.9628,64.6982,280.0,95.0865,37.6658,0.1094,0.9995,54.8787,37.3729,0.9354,0.1964,0.2871,0.3229,0.2871,66.1517,2.5408,83.8355,103.88,-1,2008-08-23 04:50:00
14.0796,4.7036,10.7389,0.0159,5.5615,3.31,5.349,0.0,2.6213,531.4355,0.7457,1.9767,1.5016,0.1987,5.1243,0.0775,2.4873,0.3502,8.7897,3.074,23.4389,0.1259,2.3737,0.5542,4.2777,0.8258,14.73,109.5996,0.1021,12.5894,18.7013,630.4227,18.3171,13.0712,9.5,84.2621,39.8338,0.1462,0.9973,1.7876,34.705999999999996,0.928,0.855,0.3742,0.212,0.3742,66.3232,2.7907,3.3719,100.8022,-1,2008-08-23 04:52:00
10.923,2.5672,10.7389,0.0164,5.5615,3.31,3.142,0.0,4.2464,534.8673,0.8548,1.6021,1.5016,0.4231,4.2646,0.1012,2.2965,0.2508,9.3335,3.074,25.3075,0.1293,2.3737,0.5542,4.2777,0.8258,66.55,107.102,0.0793,12.481,37.0221,610.83,18.9628,82.0961,6.5699,95.0865,39.8338,0.1628,0.9973,1.2283,37.3729,0.9337,0.2593,0.4311,0.3192,0.4311,66.5362,2.5408,2.4693,103.88,-1,2008-08-23 05:57:00
7.9513,3.9746,10.7389,0.0099,5.5615,3.31,2.096,0.0,5.1301,536.0973,0.6293,1.9384,1.5016,0.4435,2.8329,0.086,2.0779,0.1652,9.043,3.074,20.9566,0.1246,2.3737,0.5542,4.2777,0.8258,78.68,122.4135,0.0453,12.4753,55.04,617.7227,18.5128,10.7623,9.02,93.7489,39.8338,0.1309,0.9973,1.6825,18.9687,0.9242,0.2082,0.3169,0.2901,0.3169,65.8445,2.7555,2.9018,106.2556,-1,2008-08-23 05:57:00
16.6149,5.0284,10.7389,0.0148,5.5615,3.31,4.021,0.0,2.7311,532.0082,0.5266,3.1379,1.5016,0.314,3.2218,0.0823,2.2994,0.3821,9.4043,3.074,34.3528,0.13,2.3737,0.5542,4.2777,0.8258,65.84,18.539,0.1042,12.4492,68.0614,610.2245,18.5853,29.3353,6.89,159.8244,39.8338,0.1133,0.9973,1.2951,8.226,0.9227,0.1337,0.2655,0.3239,0.2655,66.5991,2.4348,2.5136,104.1667,-1,2008-08-23 05:58:00
11.3021,6.2134,10.7389,0.0316,5.5615,3.31,2.353,0.0,4.0096,530.6027,0.7649,1.9384,1.5016,0.1295,2.8329,0.0969,2.397,0.2709,9.2328,3.074,35.1195,0.1374,2.3737,0.5542,4.2777,0.8258,75.31,16.6695,0.0895,12.47,59.2058,596.9536,18.5128,53.0444,7.11,93.7489,39.8338,0.158,0.9973,1.34,18.9687,0.9366,0.3058,0.3852,0.2733,0.3852,65.7516,2.7555,2.3928,106.2556,-1,2008-08-23 05:58:00
10.4728,9.3285,9.8724,0.0139,4.7805,3.1239999999999997,3.629,0.0,2.6213,536.8282,0.6055,2.6033,1.2918,0.172,3.5553,0.0848,2.1262,0.2227,8.7219,3.175,24.3568,0.1306,2.3695,0.5406,3.8222,0.8361,76.78,16.6695,0.0686,12.5894,33.7514,624.6727,20.8465,16.8093,6.88,111.2457,38.7158,0.1362,0.9998,1.2816,6.9229,0.9265,0.8462,0.3036,0.2493,0.3036,66.1097,2.8592,2.4837,97.1856,-1,2008-08-23 09:24:00
27.1393,4.9982,9.8724,0.0157,4.7805,3.1239999999999997,3.5210000000000004,0.0,4.9204,365.3818,0.6671,2.5669,1.2918,0.3482,3.5948,0.0796,2.5672,0.6967,8.6439,3.175,23.0824,0.1298,2.3695,0.5406,3.8222,0.8361,78.04,16.6695,0.2233,12.6006,35.6636,630.3918,21.8255,39.043,137.85,162.2555,38.7158,0.134,0.9998,37.7277,9.3304,0.9243,0.2091,0.3374,0.3166,0.3374,66.2423,2.6957,51.2299,95.6322,-1,2008-08-23 12:58:00
21.9288,7.3977,9.8724,0.0109,4.7805,3.1239999999999997,3.312,0.0,4.9204,384.6536,0.8039,0.8959999999999999,1.2918,0.4018,2.5965,0.0791,2.5236,0.5534,8.5987,3.175,22.5764,0.1333,2.3695,0.5406,3.8222,0.8361,79.98,16.6695,0.1903,12.6006,35.6979,637.8036,27.9554,39.043,287.19,27.3556,38.7158,0.1647,0.9998,74.66199999999999,35.6436,0.9202,0.0881,0.406,0.249,0.406,66.236,4.0927,64.8263,103.2567,-1,2008-08-23 13:02:00
34.5557,4.0842,9.8724,0.0142,4.7805,3.1239999999999997,2.035,0.0,4.9204,564.55,0.9798,0.8959999999999999,1.2918,0.3743,2.5965,0.0791,2.0868,0.7211,8.4421,3.175,22.991999999999997,0.1375,2.3695,0.5406,3.8222,0.8361,79.06,16.6695,0.2606,12.6006,36.0153,635.0709,27.9554,13.7543,454.56,27.3556,38.7158,0.1995,0.9998,80.5172,35.6436,0.9202,0.3623,0.4926,0.2606,0.4926,66.2998,4.0927,170.0204,103.2567,-1,2008-08-23 15:10:00
13.705,7.1468,9.8724,0.0162,4.7805,3.1239999999999997,3.312,0.0,4.9204,532.1854,0.8039,2.5669,1.2918,0.4018,3.5948,0.0782,2.2439,0.3075,8.5987,3.175,26.1512,0.1366,2.3695,0.5406,3.8222,0.8361,79.98,16.6695,0.1085,12.6006,40.4949,617.6555,21.8255,23.0054,9.11,162.2555,38.7158,0.1647,0.9998,1.7118,9.3304,0.9247,0.0881,0.406,0.249,0.406,66.236,2.6957,3.1309,95.6322,1,2008-08-23 15:29:00
15.757,7.9407,11.5617,0.0125,2.9225,3.31,2.906,0.0,4.9204,537.0273,0.5365,2.5275,1.2479,0.2514,4.2814,0.0969999999999999,1.4573,0.2296,8.8505,3.0669999999999997,33.0615,0.1298,2.3735,0.5494,4.66,0.8217,78.3,16.6695,0.0798,12.6006,62.7451,597.2955,20.8235,39.043,7.59,184.7668,40.3057,0.1117,0.9983,1.4133,21.8035,0.9352,0.2281,0.2704,0.2766,0.2703,66.2627,2.5305,2.5651,93.9844,-1,2008-08-24 02:32:00
24.5741,6.0266,6.4684,0.011,2.0867,3.358,2.213,0.0,2.9106,335.5982,0.6551,3.3728,0.9471,0.4003,3.4389999999999996,0.0791,2.6271,0.6456,8.6915,2.932,23.2216,0.1333,2.3766,0.5374,2.5755,0.8203,79.48,68.7444,0.2519,12.3686,84.9279,637.4018,19.946,54.5601,125.66,149.7834,39.8168,0.1355,0.9956,37.4436,7.6185,0.9202,0.1421,0.3306,0.2962,0.3306,66.1976,2.4694,60.9374,97.0189,-1,2008-08-24 04:00:00
7.5069,6.0507,11.5617,0.0091,2.9225,3.31,2.864,0.0,2.9106,531.3936,0.4452,3.3728,1.2479,0.45,3.4389999999999996,0.0782,2.3207,0.1742,8.658999999999999,3.0669999999999997,25.0576,0.1349,2.3735,0.5494,4.66,0.8217,77.74,68.7444,0.0606,12.3686,66.9951,624.0418,19.946,71.0573,10.19,149.7834,40.3057,0.1032,0.9983,1.9176,7.6185,0.9247,0.2514,0.2244,0.2913,0.2244,66.2245,2.4694,3.5751,97.0189,-1,2008-08-24 07:12:00
15.9553,7.7667,11.5617,0.0168,2.9225,3.31,2.035,0.0,2.6213,536.1555,0.9798,2.6033,1.2479,0.3743,3.5553,0.0791,1.894,0.3022,8.4421,3.0669999999999997,25.9181,0.1381,2.3735,0.5494,4.66,0.8217,79.06,68.7444,0.0789,12.5894,44.1472,640.5882,20.8465,50.2702,9.41,111.2457,40.3057,0.1995,0.9983,1.7551,6.9229,0.9202,0.3623,0.4926,0.2606,0.4926,66.2998,2.8592,3.3051,97.1856,-1,2008-08-24 07:14:00
15.6642,8.7115,9.8724,0.0111,4.7805,3.1239999999999997,2.595,0.0,4.1225,529.4873,0.7509,2.2613,1.2918,0.3392,3.0609,0.0937,2.4094,0.3774,9.5689,3.175,32.3293,0.1361,2.3695,0.5406,3.8222,0.8361,75.55,72.2002,0.1124,12.371,113.3333,621.3218,18.0687,40.469,7.76,92.3051,38.7158,0.1428,0.9998,1.4656,10.3517,0.9293,0.1737,0.3789,0.2837,0.3789,65.7291,2.2106,2.4528,104.6633,-1,2008-08-24 10:09:00
10.1625,7.7214,6.4684,0.0119,2.0867,3.358,5.349,0.0,2.0742,530.21,0.7457,3.3728,0.9471,0.1987,3.4389999999999996,0.0828,2.2897,0.2327,8.7897,2.932,29.1042,0.1373,2.3766,0.5374,2.5755,0.8203,14.73,150.7761,0.0833,12.5351,47.2973,622.9955,19.946,10.8294,10.4,149.7834,39.8168,0.1462,0.9956,1.9615,7.6185,0.9248,0.855,0.3742,0.212,0.3742,66.3232,2.4694,3.4848,97.0189,-1,2008-08-24 10:14:00
10.3402,9.1675,11.5617,0.0161,2.9225,3.31,3.1860000000000004,0.0,4.3555,534.8673,0.8001,3.3728,1.2479,0.3333,3.4389999999999996,0.094,2.1953,0.2269999999999999,8.5687,3.0669999999999997,45.3921,0.1332,2.3735,0.5494,4.66,0.8217,79.03,150.7761,0.0734,12.6278,91.9861,611.5327,19.946,34.6592,8.73,149.7834,40.3057,0.1496,0.9983,1.6322,7.6185,0.9331,0.2039,0.4023,0.2878,0.4023,66.3241,2.4694,2.9771,97.0189,1,2008-08-24 13:03:00
22.631,6.4405,11.5617,0.011,2.9225,3.31,2.213,0.0,2.9666,536.44,0.6551,1.6021,1.2479,0.4003,4.2646,0.0969999999999999,1.4805,0.3351,8.6915,3.0669999999999997,23.2849,0.1388,2.3735,0.5494,4.66,0.8217,79.48,150.7761,0.0953,12.4722,51.29600000000001,605.5364,18.9628,10.7623,8.33,95.0865,40.3057,0.1355,0.9983,1.5528,37.3729,0.9352,0.1421,0.3306,0.2962,0.3306,66.1976,2.5408,2.7261,103.88,-1,2008-08-25 09:29:00
14.1572,7.2038,7.96,0.0139,4.8581,3.265,3.142,0.0,4.2464,530.5864,0.8548,1.3538,1.0391,0.4231,2.8359,0.0937,2.4746,0.3503,9.3335,2.8539999999999996,33.9056,0.1241,2.3573,0.4947,2.9982,0.8244,66.55,150.7761,0.1132,12.481,32.3316,622.2618,16.5381,47.843,9.96,90.4512,37.6658,0.1628,0.9995,1.8772,35.4223,0.9319,0.2593,0.4311,0.3192,0.4311,66.5362,2.6604,3.4423,101.8611,-1,2008-08-27 00:46:00
14.5051,5.8522,13.2593,0.0168,5.2657,3.225,2.23,0.0,1.833,533.0191,0.5538,1.6246,1.6323,0.4179,2.3289,0.0856,2.0856,0.3025,8.5251,4.289,19.9831,0.1304,2.2588,0.7372,4.846,0.7884,79.59,150.7761,0.1072,12.5478,44.4902,626.1873,18.7418,16.633,10.4301,50.6681,36.5479,0.119,0.9958,1.9568,19.1426,0.9257,0.154,0.2789999999999999,0.3108,0.2789999999999999,65.7041,2.4155,3.4041,110.5422,-1,2008-08-27 11:38:00
14.5051,3.3887,13.2593,0.0152,5.2657,3.225,2.23,0.0,1.833,533.0191,0.5538,0.8979,1.6323,0.4179,5.0506,0.105,2.0856,0.3025,8.5251,4.289,23.5681,0.1388,2.2588,0.7372,4.846,0.7884,79.59,150.7761,0.1072,12.5478,67.884,620.3418,14.404000000000002,13.3303,10.4301,96.5148,36.5479,0.119,0.9958,1.9568,41.1249,0.9265,0.154,0.2789999999999999,0.3108,0.2789999999999999,65.7041,2.0026,3.4041,100.2533,-1,2008-08-27 12:22:00
14.5051,3.0303,13.2593,0.0126,5.2657,3.225,2.23,0.0,1.833,533.0191,0.5538,0.8979,1.6323,0.4179,5.0506,0.0856,2.0856,0.3025,8.5251,4.289,18.1451,0.1306,2.2588,0.7372,4.846,0.7884,79.59,150.7761,0.1072,12.5478,46.6586,622.71,14.404000000000002,19.2616,10.4301,96.5148,36.5479,0.119,0.9958,1.9568,41.1249,0.9257,0.154,0.2789999999999999,0.3108,0.2789999999999999,65.7041,2.0026,3.4041,100.2533,-1,2008-08-27 13:35:00
9.6225,5.0466,13.2593,0.0142,5.2657,3.225,2.23,0.0,2.0846,532.38,0.5538,2.265,1.6323,0.4179,4.5648,0.0264,1.9613,0.1887,8.5251,4.289,27.5264,0.1404,2.2588,0.7372,4.846,0.7884,79.59,150.7761,0.059,12.4724,47.4506,626.3345,14.1669,20.7785,7.14,141.8322,36.5479,0.119,0.9958,1.3412,29.2712,0.919,0.154,0.2789999999999999,0.3108,0.2789999999999999,65.7041,2.1649,2.5516,104.9756,-1,2008-08-27 14:18:00
12.1875,4.0074,12.3204,0.0254,6.1407,3.343,2.23,0.0,2.8752,535.1664,0.5538,2.5498,1.7398,0.4179,4.0107,0.0264,2.0973,0.2556,8.5251,4.013,23.6925,0.1388,2.2622,0.7099,4.9888,0.789,79.59,47.1425,0.0745,12.5208,51.6432,632.4055,18.9786,35.1945,7.19,125.7819,40.4923,0.119,0.9993,1.3435,22.8359,0.919,0.154,0.2789999999999999,0.3108,0.2789999999999999,65.7041,2.0957,2.2021,98.9367,-1,2008-08-27 17:14:00
8.4114,5.1071,6.084,0.0139,12.9251,2.745,0.5442,0.0,2.4029,532.5227,0.5728,2.1807,0.8402,0.3092,2.4583,0.0263,1.9491,0.1639,8.6005,4.062,21.9164,0.1353,2.3296,0.5822,2.2354,0.6852,77.69,276.8808,0.0507,12.4849,66.8407,628.7745,17.7368,20.7785,7.18,100.7366,36.742,0.1115,0.9998,1.3483,24.0175,0.9194,0.1803,0.2887,0.2979,0.2887,66.1606,2.4868,2.6016,104.4511,-1,2008-08-27 22:48:00
13.4998,289.8264,6.084,0.0114,12.9251,2.745,0.9273,0.0,1.833,534.34,0.6788,2.265,0.8402,0.2984,4.5648,0.0835,2.044,0.2759,8.7994,4.062,23.241,0.1373,2.3296,0.5822,2.2354,0.6852,2.332,276.8808,0.0746,12.5478,68.75,722.6018,14.1669,23.0054,9.17,141.8322,36.742,0.1415,0.9998,1.7161,29.2712,0.9244,0.2977,0.3421,0.2867,0.3421,66.1349,2.1649,2.9960000000000004,104.9756,-1,2008-08-27 22:58:00
16.5814,6.1134,11.3528,0.0141,11.1806,2.945,3.4589999999999996,0.0,2.2359,533.31,0.8091,1.7179,1.4405,0.258,2.6086,0.0786,2.361,0.3915,9.2047,4.263999999999999,26.7021,0.1293,2.3162,0.6940000000000001,4.5031,0.6556,65.01,276.8808,0.1178,12.5227,60.5678,630.5455,20.1353,34.8875,9.16,89.9889,39.6652,0.1636,0.9982,1.7176,16.6165,0.9266,0.1932,0.4061,0.3398,0.4061,66.4854,2.5366,3.1515,97.92,-1,2008-08-28 03:03:00
12.8679,3.9852,11.3528,0.0137,11.1806,2.945,2.8560000000000003,0.0,1.5145,531.4773,0.6435,1.8399,1.4405,0.2797,2.6010000000000004,0.0791,2.3788,0.3061,8.7698,4.263999999999999,23.7857,0.1352,2.3162,0.6940000000000001,4.5031,0.6556,64.74,30.4587,0.1122,12.5455,77.707,629.5182,17.5117,78.3125,8.95,102.5782,39.6652,0.1295,0.9982,1.6840000000000002,5.6797,0.9202,0.2512,0.32384999999999997,0.3029,0.32384999999999997,66.23179999999999,2.3579,3.2663,109.9856,-1,2008-08-28 03:04:00
19.2371,4.3682,11.3528,0.0164,11.1806,2.945,6.215,0.0,2.7186,535.02,0.6774,1.6569,1.4405,0.3228,2.565,0.0909,2.4763,0.4764,9.7324,4.263999999999999,21.2309,0.1338,2.3162,0.6940000000000001,4.5031,0.6556,16.64,30.4587,0.1219,12.5065,53.4954,607.28,17.6557,13.6884,7.99,52.0125,39.6652,0.1417,0.9982,1.4934,27.8252,0.9327,0.1169,0.3412,0.3534,0.3412,66.6973,2.6565,2.8107,102.8467,-1,2008-08-28 03:29:00
16.5701,4.7727,11.3528,0.0216,11.1806,2.945,3.08,0.0,2.9666,534.6536,0.631,1.3812,1.4405,0.2408,2.6284,0.0915,1.6344,0.2708,9.6938,4.263999999999999,24.0994,0.1342,2.3162,0.6940000000000001,4.5031,0.6556,65.74,30.4587,0.0877,12.4722,49.8468,608.2055,19.5999,9.5588,6.45,86.4638,39.6652,0.1231,0.9982,1.2064,22.5423,0.9353,0.2626,0.3178,0.3067,0.3178,66.5811,2.6299,2.1987,104.8333,-1,2008-08-28 03:38:00
16.2126,4.4168,11.3528,0.0138,11.1806,2.945,3.758,0.0,1.6844,528.1664,0.6911,2.0315,1.4405,0.327,3.3921,0.0852,2.0671,0.3351,9.0776,4.263999999999999,26.9505,0.1313,2.3162,0.6940000000000001,4.5031,0.6556,77.92,64.8825,0.0957,12.4673,49.2462,638.2909,21.9104,19.2616,10.15,121.4834,39.6652,0.1524,0.9982,1.9217,8.8091,0.9142,0.2787,0.3488,0.3197,0.3488,66.995,2.8677,3.3373,98.3344,-1,2008-08-28 03:45:00
12.6092,6.563,8.9496,0.0106,13.0513,2.8160000000000003,1.831,0.0,1.3602,533.3109,0.7999,1.3812,1.2142,0.308,2.6284,0.0909,2.2646,0.2855,8.9546,3.494,20.4742,0.1397,2.3259,0.536,3.5332,0.6887,78.38,64.8825,0.0778,12.4978,73.5751,615.0545,19.5999,47.843,10.37,86.4638,39.4787,0.153,0.999,1.9445,22.5423,0.9327,0.1188,0.4036,0.2787,0.4036,66.2016,2.6299,3.5425,104.8333,-1,2008-08-28 04:10:00
8.5096,5.8228,6.084,0.0108,12.9251,2.745,0.5442,0.0,2.9106,534.36,0.5728,1.61,0.8402,0.3092,3.8759,0.0813,2.3676,0.2015,8.6005,4.062,25.4548,0.1307,2.3296,0.5822,2.2354,0.6852,77.69,64.8825,0.0613,12.3686,148.9879,621.8455,22.5716,23.0054,8.1,180.5049,36.742,0.1115,0.9998,1.5158,12.9561,0.9251,0.1803,0.2887,0.2979,0.2887,66.1606,2.9742,2.7255,94.8922,-1,2008-08-28 04:20:00
9.0532,6.5193,8.9496,0.0111,13.0513,2.8160000000000003,3.385,0.0,2.651,534.5873,0.4691,2.3562,1.2142,0.2415,3.5622,0.1012,2.3512,0.2129,8.3324,3.494,26.5755,0.1383,2.3259,0.536,3.5332,0.6887,77.63,63.0838,0.0801,12.448,32.4528,613.6245,16.5502,47.843,9.02,92.7185,39.4787,0.1036,0.999,1.6873,28.6801,0.9337,0.244,0.2366,0.3089,0.2366,66.2381,2.3445,3.2322,111.5489,-1,2008-08-28 04:54:00
27.5549,122.4063,6.084,0.0127,12.9251,2.745,2.906,0.0,1.833,538.3864,0.5365,2.265,0.8402,0.2514,4.5648,0.0969999999999999,2.2819,0.6288,8.8505,4.062,30.3896,0.1298,2.3296,0.5822,2.2354,0.6852,78.3,63.0838,0.1957,12.5478,68.2803,610.93,14.1669,54.5601,234.78,141.8322,36.742,0.1117,0.9998,43.6081,29.2712,0.9352,0.2281,0.2704,0.2766,0.2703,66.2627,2.1649,53.3553,104.9756,-1,2008-08-28 05:00:00
7.7724,6.678999999999999,8.9496,0.0138,13.0513,2.8160000000000003,2.9560000000000004,0.0,6.7745,532.7609,0.6727,2.3562,1.2142,0.1399,3.5622,0.0848,1.9518,0.1517,8.7867,3.494,26.5379,0.1282,2.3259,0.536,3.5332,0.6887,76.15,63.0838,0.042,12.5471,46.1825,620.47,16.5502,16.633,7.9901,92.7185,39.4787,0.1268,0.999,1.4997,28.6801,0.9289,0.8122,0.3377,0.2106,0.3376,66.3724,2.3445,2.8686,111.5489,-1,2008-08-28 06:15:00
18.6404,6.5078,10.6698,0.0188,13.3817,2.887,2.23,0.0,6.7745,529.3827,0.5538,2.6507,1.5604,0.4179,3.7771,0.0271,1.9833,0.3697,8.5251,4.019,23.1602,0.13,2.2909,0.6206,4.6775,0.7025,79.59,63.0838,0.1378,12.5471,20.5674,619.0991,18.8776,20.7785,8.39,167.1759,43.8385,0.119,0.9952,1.5849,7.433,0.921,0.154,0.2789999999999999,0.3108,0.2789999999999999,65.7041,2.3923,2.7962,98.0211,-1,2008-08-28 06:39:00
7.3798,6.026,8.9496,0.013,13.0513,2.8160000000000003,3.312,0.0,2.4031,538.7818,0.8039,2.077,1.2142,0.4018,2.468,0.0813,1.7819,0.1315,8.5987,3.494,26.6305,0.1366,2.3259,0.536,3.5332,0.6887,79.98,63.0838,0.0418,12.4841,24.6154,618.6909,20.209,23.0054,5.32,72.0035,39.4787,0.1647,0.999,0.9874,36.9109,0.9251,0.0881,0.406,0.249,0.406,66.236,2.8537,1.8645,111.89,-1,2008-08-28 06:56:00
6.5821,5.872999999999999,8.9496,0.015,13.0513,2.8160000000000003,5.349,0.0,6.7745,531.4127,0.7457,1.6569,1.2142,0.1987,2.565,0.0848,2.1005,0.1383,8.7897,3.494,30.0565,0.1368,2.3259,0.536,3.5332,0.6887,14.73,63.0838,0.042,12.5471,26.2425,626.4764,17.6557,10.8294,11.11,52.0125,39.4787,0.1462,0.999,2.0907,27.8252,0.9289,0.855,0.3742,0.212,0.3742,66.3232,2.6565,3.9453,102.8467,-1,2008-08-28 07:40:00
20.4894,3.7753,11.3528,0.0111,11.1806,2.945,3.385,0.0,2.166,536.56,0.4691,2.3562,1.4405,0.2415,3.5622,0.0921,1.5473,0.317,8.3324,4.263999999999999,18.5022,0.1221,2.3162,0.6940000000000001,4.5031,0.6556,77.63,37.8921,0.0958,12.4655,31.7741,604.2545,16.5502,11.6755,7.68,92.7185,39.6652,0.1036,0.9982,1.4313,28.6801,0.9361,0.244,0.2366,0.3089,0.2366,66.2381,2.3445,2.5429,111.5489,-1,2008-08-28 07:51:00
11.5667,6.3446,9.9193,0.0157,13.7819,3.276,2.508,0.0,1.6734,534.1073,0.5874,2.7579,1.2304,0.2384,3.6045,0.0825,2.096,0.2424,8.7418,4.375,27.041,0.1307,2.3244,0.7448,3.8147,0.5438,78.11,37.8921,0.0791,12.5494,25.9811,622.8864,20.9075,39.043,7.3,177.4546,38.4572,0.1146,0.9972,1.3668,12.4168,0.9259,0.7905,0.2949,0.2231,0.2949,66.3572,2.6798,2.582,94.1256,-1,2008-08-28 08:41:00
11.9922,3.9316,11.3528,0.0127,11.1806,2.945,3.242,0.0,2.7186,533.0927,0.6176,3.1115,1.4405,0.2797,3.2416,0.0775,2.4479,0.2936,9.7836,4.263999999999999,22.3822,0.1397,2.3162,0.6940000000000001,4.5031,0.6556,66.12,37.8921,0.0883,12.5065,35.0663,627.0336,21.8728,50.2702,8.46,206.3697,39.6652,0.122,0.9982,1.587,13.1808,0.928,0.1628,0.3105,0.2973,0.3105,66.5667,2.7668,2.9117,97.9378,-1,2008-08-28 09:46:00
8.7807,5.8699,9.859,0.0247,10.7055,2.8939999999999997,3.758,0.0,2.8825,531.2018,0.6911,1.8399,1.3424,0.327,2.6010000000000004,0.0852,2.0455,0.1796,9.0776,3.981,29.3998,0.1298,2.3087,0.6086,3.8593,0.6645,77.92,37.8921,0.0618,12.4892,74.6386,637.8018,17.5117,17.5662,5.55,102.5782,39.1451,0.1524,0.9972,1.0448,5.6797,0.9142,0.2787,0.3488,0.3197,0.3488,66.995,2.3579,1.819,109.9856,-1,2008-08-28 09:49:00
12.5296,5.282,8.9496,0.018,13.0513,2.8160000000000003,2.4730000000000003,0.0,2.0846,539.0582,0.6638,1.6178,1.2142,0.2577,2.4633,0.105,2.0084,0.2516,8.6427,3.494,15.8955,0.1353,2.3259,0.536,3.5332,0.6887,78.0,193.4385,0.0807,12.4724,63.6025,625.4055,19.0958,47.815,5.41,86.9801,39.4787,0.1446,0.999,1.0036,20.3935,0.9265,0.8121,0.3331,0.2343,0.3331,66.3237,2.4981,1.8131,101.5667,-1,2008-08-28 10:15:00
24.3991,4.1354,11.3528,0.0081,11.1806,2.945,3.1860000000000004,0.0,4.0096,533.9609,0.8001,2.3371,1.4405,0.3333,2.9352,0.0969,2.2365,0.5457,8.5687,4.263999999999999,36.6135,0.1291,2.3162,0.6940000000000001,4.5031,0.6556,79.03,138.2861,0.1449,12.47,39.1179,597.64,14.9241,11.6369,7.57,126.3265,39.6652,0.1496,0.9982,1.4177,33.8649,0.9366,0.2039,0.4023,0.2878,0.4023,66.3241,1.854,2.7239,99.33,-1,2008-08-28 10:28:00
17.944000000000003,6.2009,11.3528,0.0115,11.1806,2.945,3.2430000000000003,0.0,1.36,533.4455,0.429,2.3562,1.4405,0.2801,3.5622,0.0791,2.2724,0.4078,8.9635,4.263999999999999,33.7563,0.1353,2.3162,0.6940000000000001,4.5031,0.6556,77.84,138.2861,0.1441,12.4998,37.3749,626.6873,16.5502,35.3519,9.23,92.7185,39.6652,0.0901,0.9982,1.7303,28.6801,0.9202,0.1552,0.2169,0.3216,0.2169,66.2774,2.3445,3.2464,111.5489,-1,2008-08-28 10:32:00
8.4114,7.1455,9.859,0.0128,10.7055,2.8939999999999997,2.915,0.0,2.4029,532.5227,0.9083,2.3057,1.3424,0.2246,2.6468,0.0924,1.9491,0.1639,8.5891,3.981,22.997,0.1291,2.3087,0.6086,3.8593,0.6645,78.4,138.2861,0.0507,12.4849,27.8867,609.2555,21.145,11.6115,7.18,191.6794,39.1451,0.1776,0.9972,1.3483,11.4929,0.9313,0.1645,0.4582,0.2742,0.4581,66.0981,2.8394,2.6016,110.19,-1,2008-08-28 11:19:00
14.6788,6.1589,9.9193,0.0114,13.7819,3.276,2.508,0.0,1.5930000000000002,535.3327,0.5874,1.6246,1.2304,0.2384,2.3289,0.0852,2.0886,0.3066,8.7418,4.375,14.7061,0.126,2.3244,0.7448,3.8147,0.5438,78.11,138.2861,0.0934,12.5553,46.2963,625.5327,18.7418,15.3056,9.37,50.6681,38.4572,0.1146,0.9972,1.7503,19.1426,0.9247,0.7905,0.2949,0.2231,0.2949,66.3572,2.4155,3.4013,110.5422,-1,2008-08-28 12:44:00
17.6233,3.4914,7.6118,0.0154,12.8334,2.824,3.312,0.0,4.9204,533.3591,0.8039,2.3409999999999997,0.9343,0.4018,2.9503,0.0791,2.3759,0.4187,8.5987,4.062,23.6862,0.1389,2.2697,0.6128,3.2172,0.6802,79.98,138.2861,0.1197,12.6006,35.5739,631.7055,21.7507,61.233,9.75,184.7404,42.266000000000005,0.1647,0.9971,1.828,7.1219,0.9202,0.0881,0.406,0.249,0.406,66.236,2.8809,3.3423,95.3311,-1,2008-08-28 14:48:00
12.4442,10.3185,10.6698,0.0134,13.3817,2.887,4.97,0.0,5.0497,531.4409,0.3615,2.3562,1.5604,0.3205,3.5622,0.0994,2.3579,0.2934,8.6829,4.019,23.5073,0.1361,2.2909,0.6206,4.6775,0.7025,16.53,68.23100000000001,0.0885,12.4759,56.3246,607.1127,16.5502,32.8864,7.69,92.7185,43.8385,0.0861,0.9952,1.4469999999999998,28.6801,0.9368,0.4236,0.2161,0.287,0.2162,66.5518,2.3445,2.595,111.5489,-1,2008-08-28 15:19:00
19.7595,6.0601,9.9193,0.0122,13.7819,3.276,3.629,0.0,2.8782,530.7018,0.6055,2.5498,1.2304,0.172,4.0107,0.0921,2.5277,0.4995,8.7219,4.375,35.8454,0.133,2.3244,0.7448,3.8147,0.5438,76.78,31.0788,0.1249,12.508,17.7986,599.1809,18.9786,15.7758,10.17,125.7819,38.4572,0.1362,0.9972,1.9163,22.8359,0.9361,0.8462,0.3036,0.2493,0.3036,66.1097,2.0957,3.6555,98.9367,-1,2008-08-28 16:01:00
19.3415,9.7565,10.6698,0.0125,13.3817,2.887,6.215,0.0,2.7186,534.14,0.6774,1.6569,1.5604,0.3228,2.565,0.0969999999999999,2.4975,0.4831,9.7324,4.019,22.8489,0.1352,2.2909,0.6206,4.6775,0.7025,16.64,31.0788,0.1397,12.5065,31.9645,603.3055,17.6557,47.843,7.8,52.0125,43.8385,0.1417,0.9952,1.4603,27.8252,0.9352,0.1169,0.3412,0.3534,0.3412,66.6973,2.6565,2.719,102.8467,-1,2008-08-28 16:43:00
9.7715,12.6446,6.084,0.0124,12.9251,2.745,3.5210000000000004,0.0,2.0742,537.5418,0.6671,2.077,0.8402,0.3482,2.468,0.0936,1.7735,0.1733,8.6439,4.062,29.1501,0.1368,2.3296,0.5822,2.2354,0.6852,78.04,31.0788,0.0597,12.5351,253.7931,616.2755,20.209,10.8294,7.93,72.0035,36.742,0.134,0.9998,1.4752,36.9109,0.9323,0.2091,0.3374,0.3166,0.3374,66.2423,2.8537,2.7238,111.89,-1,2008-08-28 16:52:00
12.5296,8.3032,9.859,0.0097,10.7055,2.8939999999999997,3.5210000000000004,0.0,1.36,539.0582,0.6671,2.8666,1.3424,0.3482,4.1166,0.0925,2.0084,0.2516,8.6439,3.981,17.3399,0.1388,2.3087,0.6086,3.8593,0.6645,78.04,31.0788,0.0807,12.4998,58.5143,627.3036,21.2401,8.4661,5.41,198.6395,39.1451,0.134,0.9972,1.0036,11.2781,0.9332,0.2091,0.3374,0.3166,0.3374,66.2423,2.658,1.8131,98.0433,-1,2008-08-28 17:21:00
14.6131,5.4073,7.6118,0.0095,12.8334,2.824,5.044,0.0,1.36,535.5609,0.8857,1.3812,0.9343,0.3145,2.6284,0.0835,2.097,0.3064,8.8043,4.062,13.7855,0.1344,2.2697,0.6128,3.2172,0.6802,13.69,31.0788,0.0817,12.4998,29.932,621.1327,19.5999,23.0054,8.4,86.4638,42.266000000000005,0.1714,0.9971,1.5684,22.5423,0.9244,0.1527,0.4457,0.305,0.4456,66.2008,2.6299,2.8915,104.8333,-1,2008-08-28 17:27:00
12.1875,5.6832,10.6698,0.0155,13.3817,2.887,3.182,0.0,6.7745,535.1664,0.7964,1.6569,1.5604,0.4435,2.565,0.0848,2.0973,0.2556,8.5288,4.019,25.9662,0.1353,2.2909,0.6206,4.6775,0.7025,78.52,31.0788,0.0745,12.5471,71.9723,618.1945,17.6557,24.3354,7.19,52.0125,43.8385,0.152,0.9952,1.3435,27.8252,0.9289,0.3236,0.402,0.2928,0.4021,66.0973,2.6565,2.2021,102.8467,-1,2008-08-28 17:32:00
15.4641,4.571000000000001,11.3528,0.0151,11.1806,2.945,0.9273,0.0,2.4031,535.2218,0.6788,2.3371,1.4405,0.2984,2.9352,0.0813,2.2168,0.3428,8.7994,4.263999999999999,25.4566,0.1397,2.3162,0.6940000000000001,4.5031,0.6556,2.332,31.0788,0.0962,12.4841,28.6885,623.7391,14.9241,39.043,6.71,126.3265,39.6652,0.1415,0.9982,1.2537,33.8649,0.9248,0.2977,0.3421,0.2867,0.3421,66.1349,1.854,2.4428,99.33,-1,2008-08-28 18:05:00
13.5534,4.5649,7.6118,0.0102,12.8334,2.824,3.312,0.0,1.7524,533.7936,0.8039,3.3728,0.9343,0.4018,3.4389999999999996,0.0791,2.3169999999999997,0.314,8.5987,4.062,24.9957,0.1366,2.2697,0.6128,3.2172,0.6802,79.98,119.9899,0.0961,12.5539,30.1602,632.8191,19.946,39.043,9.14,149.7834,42.266000000000005,0.1647,0.9971,1.7123,7.6185,0.9202,0.0881,0.406,0.249,0.406,66.236,2.4694,3.1437,97.0189,-1,2008-08-28 18:10:00
16.3481,6.4179,7.6118,0.017,12.8334,2.824,3.5210000000000004,0.0,2.0742,535.6864,0.6671,2.268,0.9343,0.3482,1.9211,0.0828,2.242,0.3665,8.6439,4.062,30.3514,0.1259,2.2697,0.6128,3.2172,0.6802,78.04,119.9899,0.126,12.5351,67.8967,622.4927,19.3838,10.8294,6.55,64.8445,42.266000000000005,0.134,0.9971,1.2227,30.3116,0.9248,0.2091,0.3374,0.3166,0.3374,66.2423,2.824,2.252,105.0833,-1,2008-08-28 18:15:00
7.507999999999999,3.4436,9.9193,0.0113,13.7819,3.276,3.4339999999999997,0.0,2.651,535.9227,0.5892,1.7389,1.2304,0.5085,4.2997,0.1019,1.911,0.1435,8.4092,4.375,20.5351,0.1277,2.3244,0.7448,3.8147,0.5438,77.83,119.9899,0.0437,12.448,54.7009,616.2873,20.2068,41.9184,8.65,63.4931,38.4572,0.1213,0.9972,1.614,30.819000000000003,0.9378,0.2228,0.2973,0.3192,0.2973,66.2249,2.9833,3.1242,106.7589,-1,2008-08-28 18:25:00
10.3164,7.5571,7.9949,0.0134,14.7277,2.9160000000000004,2.9560000000000004,0.0,2.4029,533.1246,0.6727,2.1807,0.9666,0.1399,2.4583,0.0929,2.1672,0.2236,8.7867,3.562,23.1287,0.1314,2.3386,0.5333,3.0266,0.6893,76.15,119.9899,0.0726,12.4849,71.028,610.9564,17.7368,20.7785,9.43,100.7366,37.8565,0.1268,0.9958,1.7688,24.0175,0.9314,0.8122,0.3377,0.2106,0.3376,66.3724,2.4868,3.2845,104.4511,-1,2008-08-28 18:47:00
7.3227,3.9414,7.6118,0.0158,12.8334,2.824,5.044,0.0,2.0742,536.1264,0.8857,1.6616,0.9343,0.3145,2.4846,0.0828,1.8394,0.1347,8.8043,4.062,25.076,0.1259,2.2697,0.6128,3.2172,0.6802,13.69,102.1652,0.0386,12.5351,35.3222,624.0945,15.8128,23.0054,7.27,94.9563,42.266000000000005,0.1714,0.9971,1.356,45.4979,0.9248,0.1527,0.4457,0.305,0.4456,66.2008,2.381,2.5980000000000003,100.7244,-1,2008-08-28 18:57:00
10.8753,4.9807,7.6118,0.0108,12.8334,2.824,5.349,0.0,2.0742,532.7718,0.7457,2.3409999999999997,0.9343,0.1987,2.9503,0.0819,2.3951,0.2605,8.7897,4.062,29.1444,0.1259,2.2697,0.6128,3.2172,0.6802,14.73,102.1652,0.0887,12.5351,67.7419,626.01,21.7507,23.0054,7.64,184.7404,42.266000000000005,0.1462,0.9971,1.4340000000000002,7.1219,0.9237,0.855,0.3742,0.212,0.3742,66.3232,2.8809,2.6151,95.3311,-1,2008-08-28 20:20:00
16.256,6.8317,10.6698,0.0103,13.3817,2.887,1.831,0.0,2.651,534.4918,0.7999,1.8399,1.5604,0.308,2.6010000000000004,0.0932,2.3933,0.389,8.9546,4.019,23.2147,0.1337,2.2909,0.6206,4.6775,0.7025,78.38,102.1652,0.1072,12.448,49.5495,615.0109,17.5117,15.2751,8.18,102.5782,43.8385,0.153,0.9952,1.5304,5.6797,0.9338,0.1188,0.4036,0.2787,0.4036,66.2016,2.3579,2.8777,109.9856,1,2008-08-28 20:39:00
15.6692,5.4141,7.6118,0.0187,12.8334,2.824,0.5442,0.0,1.6734,535.3318,0.5728,1.3812,0.9343,0.3092,2.6284,0.105,2.0869999999999997,0.327,8.6005,4.062,24.6357,0.1398,2.2697,0.6128,3.2172,0.6802,77.69,102.1652,0.1231,12.5494,60.1058,620.2091,19.5999,41.2704,7.74,86.4638,42.266000000000005,0.1115,0.9971,1.4458,22.5423,0.9265,0.1803,0.2887,0.2979,0.2887,66.1606,2.6299,2.8605,104.8333,-1,2008-08-28 21:03:00
24.8325,4.0489999999999995,8.9496,0.0113,13.0513,2.8160000000000003,5.044,0.0,2.6213,328.4664,0.8857,2.5498,1.2142,0.3145,4.0107,0.0796,2.6883,0.6676,8.8043,3.494,24.8465,0.1259,2.3259,0.536,3.5332,0.6887,13.69,102.1652,0.2784,12.5894,61.9565,623.0245,18.9786,13.0712,127.51,125.7819,39.4787,0.1714,0.999,38.8198,22.8359,0.9243,0.1527,0.4457,0.305,0.4456,66.2008,2.0957,64.0858,98.9367,-1,2008-08-28 21:52:00
21.2626,3.6575,10.6698,0.0236,13.3817,2.887,3.758,0.0,2.4029,529.7355,0.6911,2.3057,1.5604,0.327,2.6468,0.0643,2.0133,0.4281,9.0776,4.019,32.3627,0.1348,2.2909,0.6206,4.6775,0.7025,77.92,474.0812,0.1339,12.4849,35.2542,630.3027,21.145,13.6884,8.82,191.6794,43.8385,0.1524,0.9952,1.665,11.4929,0.9276,0.2787,0.3488,0.3197,0.3488,66.995,2.8394,3.0053,110.19,-1,2008-08-28 22:57:00
9.856,6.1719,9.8127,0.0151,10.7455,2.968,3.4589999999999996,0.0,2.651,532.4136,0.8091,1.6618,1.4988,0.258,2.3117,0.1012,2.3575,0.2324,9.2047,4.361000000000001,23.8465,0.1293,2.2689,0.6629,4.3424,0.7101,65.01,474.0812,0.081,12.448,81.3333,611.4518,16.5455,32.3989,10.37,72.8741,44.2527,0.1636,0.9945,1.9477,30.2967,0.9337,0.1932,0.4061,0.3398,0.4061,66.4854,2.4574,3.535,107.9122,-1,2008-08-28 23:40:00
18.6404,6.2882,9.8127,0.015,10.7455,2.968,3.758,0.0,3.1992,529.3827,0.6911,1.4392,1.4988,0.327,2.4859,0.0643,1.9833,0.3697,9.0776,4.361000000000001,29.8481,0.1313,2.2689,0.6629,4.3424,0.7101,77.92,474.0812,0.1378,12.5031,52.6674,628.6255,19.6039,20.7785,8.39,93.9604,44.2527,0.1524,0.9945,1.5849,13.7627,0.9276,0.2787,0.3488,0.3197,0.3488,66.995,2.1569,2.7962,100.5622,-1,2008-08-28 23:42:00
11.3379,9.6091,9.859,0.0099,10.7055,2.8939999999999997,2.013,0.0,7.4462,533.6555,0.7852,2.5498,1.3424,0.4188,4.0107,0.1012,2.2472,0.2548,8.5459,3.981,25.1262,0.1299,2.3087,0.6086,3.8593,0.6645,77.72,474.0812,0.0734,12.4896,39.7838,614.3436,18.9786,61.233,8.08,125.7819,39.1451,0.1565,0.9972,1.5141,22.8359,0.9337,0.1629,0.396,0.2619,0.396,66.2647,2.0957,2.8935,98.9367,-1,2008-08-29 00:49:00
15.4378,6.9,9.8127,0.0126,10.7455,2.968,5.349,0.0,6.7745,531.39,0.7457,1.6569,1.4988,0.1987,2.565,0.0848,2.1855,0.3374,8.7897,4.361000000000001,31.9933,0.1344,2.2689,0.6629,4.3424,0.7101,14.73,474.0812,0.1126,12.5471,49.6552,619.1382,17.6557,10.8294,9.82,52.0125,44.2527,0.1462,0.9945,1.848,27.8252,0.9289,0.855,0.3742,0.212,0.3742,66.3232,2.6565,3.4983,102.8467,-1,2008-08-29 01:06:00
12.140999999999998,5.3111,5.5315,0.0189,12.7224,3.278,0.5442,0.0,2.9106,536.8291,0.5728,2.5275,0.6890000000000001,0.3092,4.2814,0.0813,2.2289,0.2706,8.6005,5.261,27.0255,0.1333,2.2773,0.8522,2.2571,0.6786,77.69,474.0812,0.1081,12.3686,44.9931,621.46,20.8235,39.043,7.05,184.7668,40.8046,0.1115,0.9984,1.3133,21.8035,0.9251,0.1803,0.2887,0.2979,0.2887,66.1606,2.5305,2.5286,93.9844,-1,2008-08-29 02:38:00
12.1875,6.4272,9.8127,0.0193,10.7455,2.968,2.864,0.0,3.1992,535.1664,0.4452,2.6595,1.4988,0.45,3.3457,0.0848,2.0973,0.2556,8.658999999999999,4.361000000000001,25.688,0.1259,2.2689,0.6629,4.3424,0.7101,77.74,474.0812,0.0745,12.5031,35.5995,622.2264,20.1685,40.4954,7.19,84.2543,44.2527,0.1032,0.9945,1.3435,10.0314,0.9289,0.2514,0.2244,0.2913,0.2244,66.2245,2.5909,2.2021,102.4733,-1,2008-08-29 02:39:00
13.3898,9.0309,10.6698,0.01,13.3817,2.887,3.194,0.0,2.4029,532.3055,0.7055,1.8399,1.5604,0.2354,2.6010000000000004,0.0929,2.0377,0.2728,8.5135,4.019,20.0533,0.1406,2.2909,0.6206,4.6775,0.7025,78.79,474.0812,0.0915,12.4849,33.3709,614.0309,17.5117,20.7785,8.24,102.5782,43.8385,0.1379,0.9952,1.548,5.6797,0.9314,0.1132,0.3555,0.2451,0.3555,66.2242,2.3579,2.9214,109.9856,-1,2008-08-29 03:27:00
10.0838,10.4973,9.8127,0.0175,10.7455,2.968,2.9139999999999997,0.0,2.2359,536.1964,0.5717,3.1115,1.4988,0.3395,3.2416,0.0977,2.1583,0.2176,8.6527,4.361000000000001,19.6859,0.1288,2.2689,0.6629,4.3424,0.7101,77.24,474.0812,0.0596,12.5227,70.1754,611.6564,21.8728,30.1487,7.21,206.3697,44.2527,0.1094,0.9945,1.3446,13.1808,0.9367,0.1964,0.2871,0.3229,0.2871,66.1517,2.7668,2.374,97.9378,-1,2008-08-29 03:33:00
23.6473,4.5513,9.8127,0.0138,10.7455,2.968,2.013,0.0,1.5930000000000002,536.8282,0.7852,2.2388,1.4988,0.4188,2.6581,0.0806,2.3113,0.5466,8.5459,4.361000000000001,27.0988,0.1297,2.2689,0.6629,4.3424,0.7101,77.72,474.0812,0.1468,12.5553,63.6364,627.9518,20.3445,61.233,6.81,116.5224,44.2527,0.1565,0.9945,1.2686,13.004,0.9236,0.1629,0.396,0.2619,0.396,66.2647,2.5607,2.4323,101.4333,-1,2008-08-29 03:46:00
6.5829,5.2686,5.5315,0.0169,12.7224,3.278,3.182,0.0,1.36,538.8482,0.7964,1.3812,0.6890000000000001,0.4435,2.6284,0.0807,2.2732,0.1496,8.5288,5.261,17.5983,0.1398,2.2773,0.8522,2.2571,0.6786,78.52,474.0812,0.0482,12.4998,29.4537,618.1518,19.5999,54.3883,7.09,86.4638,40.8046,0.152,0.9984,1.3158,22.5423,0.9261,0.3236,0.402,0.2928,0.4021,66.0973,2.6299,2.454,104.8333,1,2008-08-29 04:55:00
10.3164,7.7416,5.5315,0.0149,12.7224,3.278,2.864,0.0,6.7745,533.1246,0.4452,2.6122,0.6890000000000001,0.45,2.7761,0.0929,2.1672,0.2236,8.658999999999999,5.261,23.8671,0.1373,2.2773,0.8522,2.2571,0.6786,77.74,474.0812,0.0726,12.5471,40.8387,610.2118,18.2672,24.3354,9.43,100.1766,40.8046,0.1032,0.9984,1.7688,37.1798,0.9314,0.2514,0.2244,0.2913,0.2244,66.2245,2.7696,3.2845,107.3322,-1,2008-08-29 04:56:00
60.4003,9.1825,8.9496,0.0109,13.0513,2.8160000000000003,6.215,0.0,1.5145,513.0527,0.6774,3.1115,1.2142,0.3228,3.2416,0.0909,1.8366,1.1093,9.7324,3.494,23.1579,0.1283,2.3259,0.536,3.5332,0.6887,16.64,474.0812,0.3866,12.5455,49.9376,612.7173,21.8728,13.6884,426.69,206.3697,39.4787,0.1417,0.999,83.1669,13.1808,0.9327,0.1169,0.3412,0.3534,0.3412,66.6973,2.7668,134.9539,97.9378,-1,2008-08-29 05:16:00
12.5749,6.8964,14.158,0.0139999999999999,10.9722,3.025,3.483,0.0,2.8825,533.5409,0.523,1.4279,1.4918,0.2673,3.3968,0.0848,2.0568,0.2586,8.5788,4.809,26.26145,0.1388,2.3044,0.7242,5.1375,0.6764,78.0,474.0812,0.0753,12.4892,53.1208,620.1236,22.5256,20.7785,9.11,74.2734,36.287,0.1204,0.9964,1.7075,8.9121,0.927,0.1508,0.2635,0.2938,0.2635,66.2428,2.7893,3.2019,97.5311,-1,2008-08-29 05:54:00
7.8488,5.2422,9.8127,0.0232,10.7455,2.968,3.102,0.0,1.5930000000000002,534.6782,0.4642,1.6178,1.4988,0.1536,2.4633,0.0828,2.3952,0.188,8.7199,4.361000000000001,26.26145,0.1396,2.2689,0.6629,4.3424,0.7101,76.97,77.7519,0.0519,12.5553,26.1723,619.0327,19.0958,51.1223,10.18,86.9801,44.2527,0.0896,0.9945,1.9039,20.3935,0.9248,0.8384,0.2315,0.2363,0.2314,65.9445,2.4981,3.5736,101.5667,-1,2008-08-29 05:54:00
16.3329,8.1897,14.158,0.0168,10.9722,3.025,3.242,0.0,1.5145,535.5236,0.6176,2.3057,1.4918,0.2797,2.6468,0.0806,2.0048,0.3274,9.7836,4.809,25.0179,0.1384,2.3044,0.7242,5.1375,0.6764,66.12,77.7519,0.1117,12.5455,31.8408,632.4409,21.145,50.2702,8.58,191.6794,36.287,0.122,0.9964,1.6022,11.4929,0.9236,0.1628,0.3105,0.2973,0.3105,66.5667,2.8394,3.0626,110.19,-1,2008-08-29 05:57:00
15.6692,8.6821,5.5315,0.0162,12.7224,3.278,2.864,0.0,1.6734,535.3318,0.4452,1.0008,0.6890000000000001,0.45,2.6538,0.105,2.0869999999999997,0.327,8.658999999999999,5.261,25.518,0.1373,2.2773,0.8522,2.2571,0.6786,77.74,77.7519,0.1231,12.5494,57.971,615.7736,21.4026,10.7623,7.74,134.9659,40.8046,0.1032,0.9984,1.4458,20.1928,0.9265,0.2514,0.2244,0.2913,0.2244,66.2245,3.2107,2.8605,102.6267,-1,2008-08-29 05:57:00
14.5051,4.1834,5.5315,0.0111,12.7224,3.278,0.9273,0.0,1.833,533.0191,0.6788,2.5143,0.6890000000000001,0.2984,4.3775,0.0835,2.0856,0.3025,8.7994,5.261,16.5512,0.1298,2.2773,0.8522,2.2571,0.6786,2.332,77.7519,0.1072,12.5478,38.3901,622.3282,23.2204,23.0054,10.4301,185.9797,40.8046,0.1415,0.9984,1.9568,15.5262,0.9244,0.2977,0.3421,0.2867,0.3421,66.1349,2.6091,3.4041,93.1967,-1,2008-08-29 06:35:00
10.5253,7.0399,9.9207,0.0199,12.0637,2.89,3.242,0.0,2.2359,533.8791,0.6176,3.1115,1.1609,0.2797,3.2416,0.0806,1.998,0.2103,9.7836,4.563,27.6136,0.1335,2.2965,0.6567,3.6498,0.7717,66.12,77.7519,0.0597,12.5227,43.8462,629.6309,21.8728,34.2197,8.74,206.3697,36.7896,0.122,0.9946,1.6371,13.1808,0.9236,0.1628,0.3105,0.2973,0.3105,66.5667,2.7668,2.9644,97.9378,-1,2008-08-29 06:37:00
6.5829,5.0146,14.158,0.0104,10.9722,3.025,3.182,0.0,1.36,538.8482,0.7964,2.5903,1.4918,0.4435,3.8045,0.0925,2.2732,0.1496,8.5288,4.809,19.8754,0.124,2.3044,0.7242,5.1375,0.6764,78.52,63.2615,0.0482,12.4998,26.943,618.6318,20.4963,41.2704,7.09,153.1415,36.287,0.152,0.9964,1.3158,12.2969,0.9332,0.3236,0.402,0.2928,0.4021,66.0973,2.6887,2.454,95.9789,-1,2008-08-29 06:40:00
6.244,11.778,5.5315,0.0145,12.7224,3.278,5.044,0.0,1.833,537.0373,0.8857,2.265,0.6890000000000001,0.3145,4.5648,0.0852,2.0049,0.1252,8.8043,5.261,12.0446,0.1259,2.2773,0.8522,2.2571,0.6786,13.69,63.2615,0.0395,12.5478,46.4912,636.8255,14.1669,10.8294,9.14,141.8322,40.8046,0.1714,0.9984,1.7019,29.2712,0.9247,0.1527,0.4457,0.305,0.4456,66.2008,2.1649,3.1241,104.9756,1,2008-08-29 06:45:00
13.6247,5.5412,9.9207,0.0139999999999999,12.0637,2.89,3.342,0.0,2.7186,534.7291,0.6935,1.6569,1.1609,0.1629,2.565,0.0921,2.4644,0.3358,8.5334,4.563,20.671,0.1404,2.2965,0.6567,3.6498,0.7717,78.33,63.2615,0.1103,12.5065,28.1553,598.9773,17.6557,36.9618,8.88,52.0125,36.7896,0.126,0.9946,1.6607,27.8252,0.9361,0.113,0.3487,0.3029,0.3488,66.1932,2.6565,2.8346,102.8467,-1,2008-08-29 06:54:00
13.7536,3.1119,9.9207,0.0182,12.0637,2.89,3.385,0.0,2.8782,534.5173,0.4691,2.5498,1.1609,0.2415,4.0107,0.0921,1.5036,0.2068,8.3324,4.563,23.9068,0.1274,2.2965,0.6567,3.6498,0.7717,77.63,63.2615,0.0632,12.508,119.174,608.9145,18.9786,32.8864,10.3,125.7819,36.7896,0.1036,0.9946,1.927,22.8359,0.9361,0.244,0.2366,0.3089,0.2366,66.2381,2.0957,3.6885,98.9367,-1,2008-08-29 07:18:00
12.5296,3.5094,5.5315,0.0184,12.7224,3.278,5.349,0.0,1.833,539.0582,0.7457,1.6178,0.6890000000000001,0.1987,2.4633,0.0816,2.0084,0.2516,8.7897,5.261,19.6579,0.1368,2.2773,0.8522,2.2571,0.6786,14.73,63.2615,0.0807,12.5478,74.5149,630.8345,19.0958,10.7623,5.41,86.9801,40.8046,0.1462,0.9984,1.0036,20.3935,0.9254,0.855,0.3742,0.212,0.3742,66.3232,2.4981,1.8131,101.5667,-1,2008-08-29 07:22:00
12.1875,7.9807,9.8127,0.0107,10.7455,2.968,2.4730000000000003,0.0,6.7745,535.1664,0.6638,1.6569,1.4988,0.2577,2.565,0.0848,2.0973,0.2556,8.6427,4.361000000000001,26.8707,0.126,2.2689,0.6629,4.3424,0.7101,78.0,63.2615,0.0745,12.5471,34.8837,619.4391,17.6557,23.0054,7.19,52.0125,44.2527,0.1446,0.9945,1.3435,27.8252,0.9289,0.8121,0.3331,0.2343,0.3331,66.3237,2.6565,2.2021,102.8467,-1,2008-08-29 07:24:00
11.9961,4.4311,9.9207,0.0174,12.0637,2.89,5.52,0.0,2.8825,531.3473,0.8241,4.4515,1.1609,0.2542,3.6815,0.0924,2.0767,0.2491,8.7283,4.563,25.5848,0.1352,2.2965,0.6567,3.6498,0.7717,14.88,48.0601,0.0765,12.4892,59.8226,608.2918,23.4755,20.7785,9.21,401.8832,36.7896,0.1701,0.9946,1.7333,9.9562,0.9313,0.846,0.4111,0.2378,0.4111,66.2469,3.1423,3.3191,94.26,-1,2008-08-29 07:33:00
55.411,5.68,14.158,0.0107,10.9722,3.025,5.044,0.0,2.0742,570.9627,0.8857,1.6616,1.4918,0.3145,2.4846,0.0819,2.1059,1.1669,8.8043,4.809,26.166,0.1373,2.3044,0.7242,5.1375,0.6764,13.69,93.0476,0.3595,12.5351,63.3245,623.2545,15.8128,10.8294,445.32,94.9563,36.287,0.1714,0.9964,77.9946,45.4979,0.9237,0.1527,0.4457,0.305,0.4456,66.2008,2.381,129.3101,100.7244,-1,2008-08-29 07:33:00
13.4998,5.7825,5.5315,0.0162,12.7224,3.278,3.029,0.0,1.833,534.34,0.6572,2.5143,0.6890000000000001,0.1486,4.3775,0.0819999999999999,2.044,0.2759,8.7851,5.261,18.8096,0.1343,2.2773,0.8522,2.2571,0.6786,77.05,130.1233,0.0746,12.5478,34.709,626.9036,23.2204,54.3883,9.17,185.9797,40.8046,0.124,0.9984,1.7161,15.5262,0.9263,0.8375,0.3297,0.2254,0.3297,66.2593,2.6091,2.9960000000000004,93.1967,-1,2008-08-29 08:10:00
15.9361,6.2397,9.9207,0.0174,12.0637,2.89,2.244,0.0,2.2401,531.4073,0.8651,4.4515,1.1609,0.1095,3.6815,0.0858,2.0161,0.3213,8.8132,4.563,26.6523,0.1343,2.2965,0.6567,3.6498,0.7717,77.26,130.1233,0.1038,12.4996,90.8023,627.2873,23.4755,46.6919,8.05,401.8832,36.7896,0.1659,0.9946,1.5148,9.9562,0.9302,0.8872,0.4311,0.222,0.4311,66.3674,3.1423,2.8487,94.26,-1,2008-08-29 08:20:00
12.8264,4.0085,14.158,0.0161,10.9722,3.025,2.8089999999999997,0.0,3.1992,533.0809,0.6692,2.5067,1.4918,0.252,2.9429,0.0924,2.0118,0.258,8.5855,4.809,24.5136,0.1375,2.3044,0.7242,5.1375,0.6764,78.33,81.9472,0.0847,12.5031,57.7227,609.9782,22.0891,76.4208,7.84,170.3666,36.287,0.1458,0.9964,1.4707,14.1805,0.9313,0.3289999999999999,0.3367,0.2387,0.3367,66.0928,2.7014,2.5328,100.7978,-1,2008-08-29 08:41:00
11.7118,4.7485,9.9207,0.0103,12.0637,2.89,3.552,0.0,3.1992,533.4936,0.2771,4.4515,1.1609,0.3477,3.6815,0.0932,1.9555,0.2289999999999999,23.1583,4.563,24.1484,0.131,2.2965,0.6567,3.6498,0.7717,77.9,81.9472,0.0824,12.5031,55.5053,608.98,23.4755,20.7785,8.2,401.8832,36.7896,0.0645,0.9946,1.537,9.9562,0.9308,0.1641,0.16,0.2957,0.16,67.199,3.1423,2.8334,94.26,-1,2008-08-29 08:45:00
19.6191,17.9641,14.158,0.0131,10.9722,3.025,2.915,0.0,2.1522,534.6555,0.9083,1.8399,1.4918,0.2246,2.6010000000000004,0.0856,2.0338,0.3989999999999999,8.5891,4.809,25.1846,0.1275,2.3044,0.7242,5.1375,0.6764,78.4,81.9472,0.1056,12.5451,44.7427,624.8609,17.5117,15.2895,6.93,102.5782,36.287,0.1776,0.9964,1.2962,5.6797,0.9257,0.1645,0.4582,0.2742,0.4581,66.0981,2.3579,2.2109,109.9856,-1,2008-08-29 12:21:00
9.5549,4.3367,9.8127,0.0152,10.7455,2.968,3.142,0.0,3.1992,533.2291,0.8548,2.3057,1.4988,0.4231,2.6468,0.0848,2.2587,0.2158,9.3335,4.361000000000001,24.1049,0.1397,2.2689,0.6629,4.3424,0.7101,66.55,64.2405,0.0724,12.5031,48.9241,621.1873,21.145,23.0054,8.28,191.6794,44.2527,0.1628,0.9945,1.5528,11.4929,0.927,0.2593,0.4311,0.3192,0.4311,66.5362,2.8394,2.8321,110.19,-1,2008-08-29 12:22:00
11.2721,5.5946,14.158,0.0105,10.9722,3.025,3.242,0.0,1.6844,531.9209,0.6176,2.0978,1.4918,0.2797,2.2308,0.0848,2.2497,0.2536,9.7836,4.809,24.9602,0.1332,2.3044,0.7242,5.1375,0.6764,66.12,0.0,0.08,12.4673,28.5472,618.3145,21.1755,44.8745,7.99,130.2914,36.287,0.122,0.9964,1.5021,19.7192,0.927,0.1628,0.3105,0.2973,0.3105,66.5667,3.1239999999999997,2.9131,109.7611,-1,2008-08-29 12:37:00
6.6571,4.7835,14.158,0.0111,10.9722,3.025,3.194,0.0,3.1992,537.41,0.7055,1.8399,1.4918,0.2354,2.6010000000000004,0.0848,2.1437,0.1427,8.5135,4.809,26.8972,0.1298,2.3044,0.7242,5.1375,0.6764,78.79,0.0,0.053,12.5031,56.5998,621.9,17.5117,39.043,5.17,102.5782,36.287,0.1379,0.9964,0.962,5.6797,0.927,0.1132,0.3555,0.2451,0.3555,66.2242,2.3579,1.7648,109.9856,-1,2008-08-29 13:04:00
19.5919,18.7344,10.3597,0.0086,13.4011,2.91,3.4589999999999996,0.0,1.5145,530.8673,0.8091,2.0315,1.3131,0.258,3.3921,0.0806,2.3145,0.4535,9.2047,4.3919999999999995,24.6599,0.1292,2.2967,0.6586,4.0302,0.7586,65.01,0.0,0.1169,12.5455,42.7141,627.89,21.9104,13.0712,9.85,121.4834,38.9026,0.1636,0.9981,1.8554,8.8091,0.9236,0.1932,0.4061,0.3398,0.4061,66.4854,2.8677,3.4587,98.3344,-1,2008-08-29 13:14:00
10.8826,9.8527,9.9207,0.0159,12.0637,2.89,1.831,0.0,2.4788,535.8409,0.7999,1.8399,1.1609,0.308,2.6010000000000004,0.0848,2.2266,0.2423,8.9546,4.563,25.1013,0.1267,2.2965,0.6567,3.6498,0.7717,78.38,0.0,0.0736,12.5059,37.3576,622.3391,17.5117,23.0054,6.37,102.5782,36.7896,0.153,0.9946,1.1888,5.6797,0.927,0.1188,0.4036,0.2787,0.4036,66.2016,2.3579,2.0838,109.9856,-1,2008-08-29 13:27:00
14.4164,9.1637,10.3597,0.0115,13.4011,2.91,3.483,0.0,2.4029,535.0791,0.523,2.1735,1.3131,0.2673,2.8979,0.105,2.1879,0.3154,8.5788,4.3919999999999995,24.5541,0.1332,2.2967,0.6586,4.0302,0.7586,78.0,0.0,0.0937,12.4849,37.8022,621.9036,21.6792,8.5751,8.15,131.3065,38.9026,0.1204,0.9981,1.5231,6.0568,0.9265,0.1508,0.2635,0.2938,0.2635,66.2428,2.7233,2.8597,100.3633,-1,2008-08-29 13:49:00
12.2576,7.3247,9.8127,0.011,10.7455,2.968,3.194,0.0,3.1992,535.1218,0.7055,1.8399,1.4988,0.2354,2.6010000000000004,0.0924,1.9541,0.2395,8.5135,4.361000000000001,21.5368,0.1388,2.2689,0.6629,4.3424,0.7101,78.79,0.0,0.0753,12.5031,69.3587,616.4682,17.5117,71.0573,7.24,102.5782,44.2527,0.1379,0.9945,1.3530000000000002,5.6797,0.9313,0.1132,0.3555,0.2451,0.3555,66.2242,2.3579,2.4668,109.9856,-1,2008-08-29 14:11:00
37.5154,10.5022,10.3597,0.0154,13.4011,2.91,3.08,0.0,1.36,586.9145,0.631,1.4279,1.3131,0.2408,3.3968,0.0775,2.1612,0.8108,9.6938,4.3919999999999995,22.9633,0.1307,2.2967,0.6586,4.0302,0.7586,65.74,0.0,0.286,12.4998,44.6247,630.2764,22.5256,11.7421,451.69,74.2734,38.9026,0.1231,0.9981,76.9601,8.9121,0.928,0.2626,0.3178,0.3067,0.3178,66.5811,2.7893,138.3722,97.5311,-1,2008-08-29 14:18:00
17.7272,11.3416,12.4925,0.0104,12.0982,2.768,3.4589999999999996,0.0,7.4462,533.0,0.8091,2.5498,1.4991,0.258,4.0107,0.1012,2.395,0.4246,9.2047,4.248,21.1459,0.1275,2.2953,0.6068,4.5177,0.7888,65.01,0.0,0.1222,12.4896,45.5026,614.3736,18.9786,15.2895,8.42,125.7819,36.1632,0.1636,0.9987,1.5797,22.8359,0.9337,0.1932,0.4061,0.3398,0.4061,66.4854,2.0957,3.1736,98.9367,-1,2008-08-29 14:30:00
21.8124,6.4263,9.9207,0.0153,12.0637,2.89,2.907,0.0,2.1522,533.3336,0.6486,2.2908,1.1609,0.2905,5.3660000000000005,0.0856,2.0324,0.4433,8.5297,4.563,22.6844,0.1352,2.2965,0.6567,3.6498,0.7717,79.31,0.0,0.1346,12.5451,53.265,623.6409,14.6265,20.9022,8.09,134.0559,36.7896,0.1314,0.9946,1.5169,53.1435,0.9257,0.1934,0.3263,0.3254,0.3263,66.2891,2.0446,2.9186,107.6856,-1,2008-08-29 15:01:00
16.3015,10.4836,14.158,0.0136,10.9722,3.025,3.312,0.0,4.9204,533.2618,0.8039,1.61,1.4918,0.4018,3.8759,0.0769,2.2691,0.3699,8.5987,4.809,28.8518,0.1298,2.3044,0.7242,5.1375,0.6764,79.98,0.0,0.0953,12.6006,67.3267,625.0591,22.5716,23.0054,10.56,180.5049,36.287,0.1647,0.9964,1.9803,12.9561,0.9248,0.0881,0.406,0.249,0.406,66.236,2.9742,3.7221,94.8922,-1,2008-08-29 15:43:00
10.3628,6.4326,14.158,0.0343,10.9722,3.025,2.508,0.0,1.7631,532.7309,0.5874,1.4279,1.4918,0.2384,3.3968,0.0804,1.8891,0.1958,8.7418,4.809,20.0249,0.1307,2.3044,0.7242,5.1375,0.6764,78.11,0.0,0.0584,12.4784,90.5109,626.5164,22.5256,46.86600000000001,8.4,74.2734,36.287,0.1146,0.9964,1.5768,8.9121,0.9293,0.7905,0.2949,0.2231,0.2949,66.3572,2.7893,3.0002,97.5311,-1,2008-08-29 16:26:00
11.6508,8.6404,10.3597,0.0184,13.4011,2.91,3.4589999999999996,0.0,4.2464,532.7427,0.8091,2.2388,1.3131,0.258,2.6581,0.0932,2.3382,0.2724,9.2047,4.3919999999999995,26.1038,0.1402,2.2967,0.6586,4.0302,0.7586,65.01,19.3621,0.0738,12.481,41.9251,622.3064,20.3445,14.7029,9.13,116.5224,38.9026,0.1636,0.9981,1.7138,13.004,0.9324,0.1932,0.4061,0.3398,0.4061,66.4854,2.5607,3.2479,101.4333,-1,2008-08-29 20:21:00
70.2474,7.7601,9.9207,0.0133,12.0637,2.89,6.215,0.0,2.166,512.4609,0.6774,2.5903,1.1609,0.3228,3.8045,0.0921,1.5211,1.0685,9.7324,4.563,22.7427,0.1293,2.2965,0.6567,3.6498,0.7717,16.64,36.998000000000005,0.3337,12.4655,35.9955,604.5018,20.4963,25.3822,426.85,153.1415,36.7896,0.1417,0.9946,83.2942,12.2969,0.9361,0.1169,0.3412,0.3534,0.3412,66.6973,2.6887,134.1202,95.9789,-1,2008-08-29 20:49:00
12.2428,11.7319,9.4593,0.0137,9.1571,2.92,2.607,0.0,1.6840000000000002,532.5182,0.6297,4.4515,1.2545,0.1809,3.6815,0.0623,2.0621,0.2525,8.5232,4.585,29.827,0.1332,2.2937,0.6903,4.0608,0.7591,78.95,56.2041,0.087,12.4706,46.4957,624.4264,23.4755,82.0961,8.87,401.8832,42.9293,0.1223,0.9967,1.6657,9.9562,0.9329,0.3248,0.3177,0.3011,0.3177,66.2289,3.1423,2.883,94.26,-1,2008-08-29 21:25:00
13.9238,7.7185,11.5631,0.0233,10.5767,3.062,3.194,0.0,2.4788,537.4627,0.7055,2.1317,1.3543,0.2354,3.2064,0.0848,2.1325,0.2969,8.5135,4.92,28.7982,0.1297,2.3063,0.7857,4.5258,0.7436,78.79,56.2041,0.0925,12.5059,66.0793,621.93,21.1302,41.5699,7.48,80.6074,39.14,0.1379,0.9971,1.3917,12.4432,0.927,0.1132,0.3555,0.2451,0.3555,66.2242,2.8045,2.5692,106.21,-1,2008-08-29 21:46:00
12.6428,14.1605,9.4593,0.0206,9.1571,2.92,3.478,0.0,2.0846,535.0918,0.6734,1.2819,1.2545,0.2931,3.4864,0.105,2.0927,0.2646,8.5615,4.585,25.8087,0.1287,2.2937,0.6903,4.0608,0.7591,79.0,91.3965,0.0753,12.4724,32.0875,621.2182,19.1529,34.8875,6.36,66.5739,42.9293,0.1294,0.9967,1.1886,26.7732,0.9265,0.2509,0.34,0.2429,0.3401,66.1344,2.4047,2.3244,105.1111,-1,2008-08-29 21:54:00
14.2593,5.7486,11.5631,0.0121,10.5767,3.062,2.8089999999999997,0.0,1.6844,533.7682,0.6692,2.1317,1.3543,0.252,3.2064,0.0852,1.9722,0.2812,8.5855,4.92,28.4754,0.136,2.3063,0.7857,4.5258,0.7436,78.33,91.3965,0.0963,12.4673,36.036,636.9327,21.1302,50.2702,5.6201,80.6074,39.14,0.1458,0.9971,1.0529,12.4432,0.9142,0.3289999999999999,0.3367,0.2387,0.3367,66.0928,2.8045,1.9278,106.21,-1,2008-08-29 22:11:00
14.1723,11.0497,11.5631,0.012,10.5767,3.062,5.52,0.0,5.2962,531.0854,0.8241,1.2819,1.3543,0.2542,3.4864,0.0868,2.0685,0.2932,8.7283,4.92,31.1484,0.1375,2.3063,0.7857,4.5258,0.7436,14.88,41.3226,0.0858,12.4618,22.4404,632.3891,19.1529,13.7543,9.93,66.5739,39.14,0.1701,0.9971,1.8698,26.7732,0.923,0.846,0.4111,0.2378,0.4111,66.2469,2.4047,3.3856,105.1111,-1,2008-08-29 22:45:00
17.9606,3.4708,11.5631,0.0111,10.5767,3.062,3.4619999999999997,0.0,5.2962,529.4909,0.7492,1.9144,1.3543,0.2593,2.7145,0.0817,2.0437,0.3671,9.754,4.92,22.5569,0.1288,2.3063,0.7857,4.5258,0.7436,65.11,41.3226,0.1111,12.4618,67.0391,618.4909,22.3395,8.3522,10.66,76.9801,39.14,0.147,0.9971,2.0132,36.3498,0.929,0.1407,0.3767,0.358,0.3767,66.5687,3.1906,3.649,106.2756,-1,2008-08-29 22:49:00
13.4839,4.835,9.9207,0.017,12.0637,2.89,1.831,0.0,2.651,534.1364,0.7999,4.4515,1.1609,0.308,3.6815,0.0932,2.3033,0.3106,8.9546,4.563,25.6366,0.1385,2.2965,0.6567,3.6498,0.7717,78.38,36.297,0.0985,12.448,32.1377,612.5264,23.4755,44.8745,9.14,401.8832,36.7896,0.153,0.9946,1.7112,9.9562,0.9338,0.1188,0.4036,0.2787,0.4036,66.2016,3.1423,3.2821,94.26,-1,2008-08-29 22:56:00
10.3164,5.7983,9.4593,0.0179,9.1571,2.92,3.2430000000000003,0.0,3.1992,533.1246,0.429,1.2819,1.2545,0.2801,3.4864,0.0848,2.1672,0.2236,8.9635,4.585,26.4354,0.1386,2.2937,0.6903,4.0608,0.7591,77.84,36.297,0.0726,12.5031,62.9108,623.5055,19.1529,11.6115,9.43,66.5739,42.9293,0.0901,0.9967,1.7688,26.7732,0.927,0.1552,0.2169,0.3216,0.2169,66.2774,2.4047,3.2845,105.1111,-1,2008-08-30 00:01:00
14.1331,5.4231,11.5631,0.0178,10.5767,3.062,3.342,0.0,2.1622,533.77,0.6935,1.2819,1.3543,0.1629,3.4864,0.0887,2.0384,0.2881,8.5334,4.92,22.6375,0.1335,2.3063,0.7857,4.5258,0.7436,78.33,36.297,0.0966,12.4871,68.1739,621.4736,19.1529,8.3522,6.66,66.5739,39.14,0.126,0.9971,1.2477,26.7732,0.9238,0.113,0.3487,0.3029,0.3488,66.1932,2.4047,2.4182,105.1111,-1,2008-08-30 00:05:00
14.7511,4.0638,11.5631,0.0127,10.5767,3.062,5.019,0.0,2.8825,533.5727,0.7329,1.2819,1.3543,0.3365,3.4864,0.105,2.147,0.3167,8.5779,4.92,24.3465,0.1291,2.3063,0.7857,4.5258,0.7436,13.83,36.297,0.0923,12.4892,50.2513,620.8191,19.1529,8.5751,10.21,66.5739,39.14,0.1523,0.9971,1.9135,26.7732,0.9265,0.1852,0.3693,0.295,0.3693,66.183,2.4047,3.4322,105.1111,-1,2008-08-30 00:57:00
16.8414,6.1087,9.4593,0.0212,9.1571,2.92,1.831,0.0,2.8782,533.7791,0.7999,2.318,1.2545,0.308,3.3567,0.0969999999999999,1.6068,0.2706,8.9546,4.585,23.4873,0.1277,2.2937,0.6903,4.0608,0.7591,78.38,36.297,0.0782,12.508,37.9691,606.4245,21.3152,9.4814,9.31,82.1606,42.9293,0.153,0.9967,1.7442,13.1809,0.9352,0.1188,0.4036,0.2787,0.4036,66.2016,2.7127,3.364,100.8,-1,2008-08-30 01:29:00
12.1875,8.8177,13.3877,0.0127,11.6371,3.0189999999999997,3.552,0.0,2.1522,535.1664,0.2771,1.8399,1.8206,0.3477,2.6010000000000004,0.105,2.0973,0.2556,23.1583,4.567,27.729,0.1322,2.2728,0.6982,5.223,0.7287,77.9,36.297,0.0745,12.5451,48.5126,619.9809,17.5117,72.9703,7.19,102.5782,39.0136,0.0645,0.9959,1.3435,5.6797,0.9265,0.1641,0.16,0.2957,0.16,67.199,2.3579,2.2021,109.9856,-1,2008-08-30 02:08:00
13.1891,5.7431,11.5631,0.0088,10.5767,3.062,3.4619999999999997,0.0,2.4029,532.1109,0.7492,1.2819,1.3543,0.2593,3.4864,0.0848,2.0349,0.2684,9.754,4.92,28.3785,0.1342,2.3063,0.7857,4.5258,0.7436,65.11,36.297,0.0757,12.4849,69.1162,618.0582,19.1529,20.7785,9.49,66.5739,39.14,0.147,0.9971,1.7835,26.7732,0.927,0.1407,0.3767,0.358,0.3767,66.5687,2.4047,3.3041,105.1111,-1,2008-08-30 02:22:00
33.0129,4.8678,13.3877,0.0124,11.6371,3.0189999999999997,3.385,0.0,2.0742,589.5082,0.4691,2.2388,1.8206,0.2415,2.6581,0.0806,2.0367,0.6724,8.3324,4.567,26.841,0.1373,2.2728,0.6982,5.223,0.7287,77.63,36.297,0.2255,12.5351,39.2894,632.0682,20.3445,45.6897,452.54,116.5224,39.0136,0.1036,0.9959,76.7657,13.004,0.9236,0.244,0.2366,0.3089,0.2366,66.2381,2.5607,138.2373,101.4333,-1,2008-08-30 02:32:00
16.3179,9.1932,7.2038,0.0132,11.4372,3.1180000000000003,3.2430000000000003,0.0,2.2359,536.2118,0.429,2.5498,0.8707,0.2801,4.0107,0.0775,1.9617,0.3201,8.9635,4.41,20.899,0.1306,2.2771,0.6809,2.7649,0.7232,77.84,36.297,0.0883,12.5227,20.9567,628.3673,18.9786,34.4987,9.64,125.7819,38.3809,0.0901,0.9961,1.7978,22.8359,0.928,0.1552,0.2169,0.3216,0.2169,66.2774,2.0957,3.3571,98.9367,-1,2008-08-30 02:39:00
18.1211,9.9344,11.5631,0.0174,10.5767,3.062,3.242,0.0,2.0742,536.15,0.6176,2.6595,1.3543,0.2797,3.3457,0.0806,1.9941,0.3613,9.7836,4.92,27.1259,0.1385,2.3063,0.7857,4.5258,0.7436,66.12,36.297,0.099,12.5351,34.1801,632.7045,20.1685,17.2927,8.78,84.2543,39.14,0.122,0.9971,1.6376,10.0314,0.9236,0.1628,0.3105,0.2973,0.3105,66.5667,2.5909,3.2879,102.4733,-1,2008-08-30 02:50:00
19.206,4.7955,7.2038,0.0157,11.4372,3.1180000000000003,3.103,0.0,2.8825,533.0327,0.7073,2.5067,0.8707,0.2833,2.9429,0.0929,2.0001,0.3841,8.7812,4.41,23.7545,0.1299,2.2771,0.6809,2.7649,0.7232,79.07,56.705,0.1102,12.4892,65.1163,614.2173,22.0891,61.233,9.3,170.3666,38.3809,0.173,0.9961,1.7447,14.1805,0.9314,0.208,0.356,0.2935,0.3561,66.1006,2.7014,3.3142,100.7978,-1,2008-08-30 03:10:00
41.5401,9.3323,8.3022,0.0191,10.5761,3.093,3.515,0.0,2.2431,532.5646,0.8385,2.5113,1.1475,0.0846,3.4632,0.1017,2.7395,1.138,8.6706,3.193,20.0445,0.1318,2.3378,0.5172,3.5779,0.7884,77.84,56.705,0.3883,12.4824,47.1204,617.7045,17.463,14.8109,13.35,86.4589,43.0959,0.1608,0.9969,2.5067,9.4461,0.9295,0.9501,0.4189,0.2996,0.4189,65.8977,2.1115,4.0485,102.1322,-1,2008-08-30 04:20:00
41.5401,5.5329999999999995,8.3022,0.0141,10.5761,3.093,3.515,0.0,2.2431,532.5646,0.8385,2.5113,1.1475,0.0846,3.4632,0.0764,2.7395,1.138,8.6706,3.193,28.1985,0.1322,2.3378,0.5172,3.5779,0.7884,77.84,50.053,0.3883,12.4824,72.2222,620.9682,17.463,14.8109,13.35,86.4589,43.0959,0.1608,0.9969,2.5067,9.4461,0.9357,0.9501,0.4189,0.2996,0.4189,65.8977,2.1115,4.0485,102.1322,-1,2008-08-30 04:24:00
7.0781,15.0008,13.3877,0.0155,11.6371,3.0189999999999997,5.52,0.0,2.0764,532.6046,0.8241,2.0978,1.8206,0.2542,2.2308,0.0855,2.11,0.1493,8.7283,4.567,28.4793,0.1274,2.2728,0.6982,5.223,0.7287,14.88,68.7057,0.0429,12.5218,45.7338,638.6918,21.1755,32.9353,9.92,130.2914,39.0136,0.1701,0.9959,1.8625,19.7192,0.9217,0.846,0.4111,0.2378,0.4111,66.2469,3.1239999999999997,3.3781,109.7611,-1,2008-08-30 04:55:00
13.7278,6.0071,9.4593,0.0105,9.1571,2.92,0.5441,0.0,3.1992,529.8882,0.4253,2.1735,1.2545,0.2771,2.8979,0.0643,1.9955,0.2739,8.7932,4.585,32.7516,0.131,2.2937,0.6903,4.0608,0.7591,2.126,68.7057,0.0745,12.5031,36.715,633.7809,21.6792,20.7785,8.88,131.3065,42.9293,0.0908,0.9967,1.6758,6.0568,0.9276,0.2136,0.214,0.2887,0.214,66.1703,2.7233,3.1371,100.3633,-1,2008-08-30 05:05:00
15.9361,6.4234,11.5631,0.0288,10.5767,3.062,3.074,0.0,1.9186,531.4073,0.682,4.4515,1.3543,0.3575,3.6815,0.0599,2.0161,0.3213,9.0425,4.92,27.3069,0.1284,2.3063,0.7857,4.5258,0.7436,78.29,68.7057,0.1038,12.5094,18.1303,625.5182,23.4755,12.5736,8.05,401.8832,39.14,0.1324,0.9971,1.5148,9.9562,0.9313,0.1809,0.3461,0.3155,0.3461,67.1943,3.1423,2.8487,94.26,-1,2008-08-30 05:05:00
17.5289,2.3095,8.9839,0.0165,12.3207,3.878,3.182,0.0,2.8173,533.5555,0.7964,2.1317,1.2009,0.4435,3.2064,0.087,2.0417,0.3579,8.5288,4.254,25.426,0.124,2.3495,0.9233,4.079,0.6627,78.52,68.7057,0.1153,12.4231,62.3288,612.5955,21.1302,8.3522,6.08,80.6074,45.4033,0.152,0.9989,1.1395,12.4432,0.9258,0.3236,0.402,0.2928,0.4021,66.0973,2.8045,2.0909999999999997,106.21,-1,2008-08-30 05:38:00
23.4142,4.7606,7.2038,0.0136,11.4372,3.1180000000000003,2.607,0.0,2.8782,534.7282,0.6297,2.5498,0.8707,0.1809,4.0107,0.0944,1.6257,0.3806,8.5232,4.41,17.1276,0.1252,2.2771,0.6809,2.7649,0.7232,78.95,45.9641,0.0994,12.508,76.8769,614.0973,18.9786,9.3697,7.0,125.7819,38.3809,0.1223,0.9961,1.3091,22.8359,0.9335,0.3248,0.3177,0.3011,0.3177,66.2289,2.0957,2.3357,98.9367,-1,2008-08-30 05:51:00
12.2165,3.4077,10.3597,0.0129,13.4011,2.91,2.957,0.0,2.2401,532.8245,0.7595,4.4515,1.3131,0.354,3.6815,0.0868,1.9063,0.2329,8.4896,4.3919999999999995,24.9604,0.1353,2.2967,0.6586,4.0302,0.7586,78.04,45.9641,0.0745,12.4996,61.9718,623.5655,23.4755,54.3883,10.0099,401.8832,38.9026,0.1509,0.9981,1.8787,9.9562,0.923,0.3041,0.3824,0.3505,0.3824,65.5737,3.1423,3.4941,94.26,-1,2008-08-30 07:50:00
14.4492,5.1866,8.3022,0.0116,10.5761,3.093,2.8089999999999997,0.0,2.8825,531.6773,0.6692,2.1317,1.1475,0.252,3.2064,0.0929,1.9737,0.2852,8.5855,3.193,22.83,0.1291,2.3378,0.5172,3.5779,0.7884,78.33,71.778,0.0855,12.4892,55.376999999999995,617.51,21.1302,11.6115,7.58,80.6074,43.0959,0.1458,0.9969,1.4257,12.4432,0.9314,0.3289999999999999,0.3367,0.2387,0.3367,66.0928,2.8045,2.6042,106.21,-1,2008-08-30 07:54:00
12.124,6.11,9.4593,0.022,9.1571,2.92,2.915,0.0,2.0764,531.8827,0.9083,2.2908,1.2545,0.2246,5.3660000000000005,0.0652,2.0572,0.2494,8.5891,4.585,30.4914,0.1351,2.2937,0.6903,4.0608,0.7591,78.4,71.778,0.0771,12.5218,33.2449,629.2227,14.6265,10.9099,8.31,134.0559,42.9293,0.1776,0.9967,1.5624,53.1435,0.934,0.1645,0.4582,0.2742,0.4581,66.0981,2.0446,3.0,107.6856,-1,2008-08-30 08:10:00
9.8005,7.0302,8.9839,0.0097,12.3207,3.878,3.341,0.0,2.2401,534.0555,0.6258,2.1317,1.2009,0.1493,3.2064,0.0811,2.0153,0.1975,8.7568,4.254,25.3734,0.1211,2.3495,0.9233,4.079,0.6627,76.76,71.778,0.071,12.4996,45.8732,615.8836,21.1302,10.8507,8.58,80.6074,45.4033,0.1233,0.9989,1.6066,12.4432,0.9305,0.8488,0.3131,0.2656,0.3131,66.3915,2.8045,3.0459,106.21,-1,2008-08-30 08:29:00
11.4947,5.4374,11.5631,0.0198,10.5767,3.062,3.2430000000000003,0.0,2.0742,534.3355,0.429,1.2819,1.3543,0.2801,3.4864,0.0775,2.2662,0.2605,8.9635,4.92,23.229,0.139,2.3063,0.7857,4.5258,0.7436,77.84,71.778,0.0777,12.5351,69.7051,629.4591,19.1529,44.8745,9.03,66.5739,39.14,0.0901,0.9971,1.69,26.7732,0.928,0.1552,0.2169,0.3216,0.2169,66.2774,2.4047,3.3888,105.1111,-1,2008-08-30 08:42:00
17.6407,6.4813,10.3597,0.0121,13.4011,2.91,3.385,0.0,2.2359,536.48,0.4691,2.0315,1.3131,0.2415,3.3921,0.0775,1.924,0.3394,8.3324,4.3919999999999995,21.7888,0.1309,2.2967,0.6586,4.0302,0.7586,77.63,71.778,0.0905,12.5227,29.4004,629.3836,21.9104,38.6727,8.98,121.4834,38.9026,0.1036,0.9981,1.6739,8.8091,0.928,0.244,0.2366,0.3089,0.2366,66.2381,2.8677,3.07,98.3344,-1,2008-08-30 08:53:00
41.5401,11.427,8.3022,0.0142,10.5761,3.093,3.515,0.0,1.3514,532.5646,0.8385,2.5113,1.1475,0.0846,3.4632,0.0624,2.7395,1.138,8.6706,3.193,26.8809,0.1326,2.3378,0.5172,3.5779,0.7884,77.84,42.7294,0.3883,12.58,40.0891,618.6027,17.463,14.8109,13.35,86.4589,43.0959,0.1608,0.9969,2.5067,9.4461,0.9356,0.9501,0.4189,0.2996,0.4189,65.8977,2.1115,4.0485,102.1322,-1,2008-08-30 09:13:00
12.4072,5.7586,7.2038,0.0104,11.4372,3.1180000000000003,3.342,0.0,2.8782,536.6973,0.6935,2.5903,0.8707,0.1629,3.8045,0.0909,1.5839,0.1965,8.5334,4.41,25.2115,0.1353,2.2771,0.6809,2.7649,0.7232,78.33,42.7294,0.0559999999999999,12.508,63.6872,611.0564,20.4963,35.3519,8.14,153.1415,38.3809,0.126,0.9961,1.5167,12.2969,0.9327,0.113,0.3487,0.3029,0.3488,66.1932,2.6887,2.5457,95.9789,-1,2008-08-30 09:37:00
10.9822,4.6417,13.3877,0.0275,11.6371,3.0189999999999997,2.013,0.0,2.651,534.72,0.7852,2.2388,1.8206,0.4188,2.6581,0.0932,2.3705,0.2603,8.5459,4.567,22.7319,0.1378,2.2728,0.6982,5.223,0.7287,77.72,76.6094,0.0868,12.448,54.9102,613.0645,20.3445,9.4814,7.04,116.5224,39.0136,0.1565,0.9959,1.3166,13.004,0.9338,0.1629,0.396,0.2619,0.396,66.2647,2.5607,2.6664,101.4333,1,2008-08-30 09:45:00
6.7561,9.2828,8.9839,0.0156,12.3207,3.878,3.408,0.0,1.6840000000000002,531.2927,0.6743,1.9144,1.2009,0.2169,2.7145,0.0871,1.9943,0.1347,8.7662,4.254,25.7623,0.1368,2.3495,0.9233,4.079,0.6627,75.71,76.6094,0.0415,12.4706,48.9152,623.1245,22.3395,35.1945,11.33,76.9801,45.4033,0.1268,0.9989,2.1325,36.3498,0.9265,0.7722,0.3386,0.2642,0.3386,66.4953,3.1906,4.0086,106.2756,-1,2008-08-30 10:15:00
11.3389,7.9214,8.9839,0.015,12.3207,3.878,0.5441,0.0,1.9186,531.1664,0.4253,2.2086,1.2009,0.2771,4.4048,0.0855,2.0013,0.2269,8.7932,4.254,30.1818,0.1386,2.3495,0.9233,4.079,0.6627,2.126,76.6094,0.0705,12.5094,25.3968,631.5455,19.9681,32.9353,11.17,107.7105,45.4033,0.0908,0.9989,2.1029,12.8744,0.9217,0.2136,0.214,0.2887,0.214,66.1703,2.3343,3.7252,100.7056,-1,2008-08-30 10:16:00
9.932,6.6471,7.2038,0.0143,11.4372,3.1180000000000003,5.52,0.0,2.4029,531.5855,0.8241,2.5067,0.8707,0.2542,2.9429,0.0848,2.346,0.233,8.7283,4.41,24.4754,0.1351,2.2771,0.6809,2.7649,0.7232,14.88,76.6094,0.0758,12.4849,37.7104,619.3682,22.0891,17.045,9.01,170.3666,38.3809,0.1701,0.9961,1.6949,14.1805,0.927,0.846,0.4111,0.2378,0.4111,66.2469,2.7014,3.1072,100.7978,-1,2008-08-30 11:12:00
17.6233,5.1701,9.4593,0.01,9.1571,2.92,3.4339999999999997,0.0,1.36,533.3591,0.5892,1.4279,1.2545,0.5085,3.3968,0.0796,2.3759,0.4187,8.4092,4.585,22.2294,0.1357,2.2937,0.6903,4.0608,0.7591,77.83,65.1043,0.1197,12.4998,451.4851,625.87,22.5256,33.8642,9.75,74.2734,42.9293,0.1213,0.9967,1.828,8.9121,0.9243,0.2228,0.2973,0.3192,0.2973,66.2249,2.7893,3.3423,97.5311,-1,2008-08-30 11:14:00
10.0209,6.6432,8.9839,0.0195,12.3207,3.878,3.2430000000000003,0.0,2.7186,532.4464,0.429,2.2086,1.2009,0.2801,4.4048,0.0806,2.3405,0.2345,8.9635,4.254,26.0425,0.1275,2.3495,0.9233,4.079,0.6627,77.84,65.1043,0.0663,12.5065,63.8498,624.8355,19.9681,54.5601,9.27,107.7105,45.4033,0.0901,0.9989,1.741,12.8744,0.9236,0.1552,0.2169,0.3216,0.2169,66.2774,2.3343,3.4091,100.7056,-1,2008-08-30 11:18:00
14.7455,3.3903,7.2038,0.0152,11.4372,3.1180000000000003,3.2430000000000003,0.0,2.8872,533.3945,0.429,2.3371,0.8707,0.2801,2.9352,0.0775,2.3192,0.342,8.9635,4.41,29.011999999999997,0.1241,2.2771,0.6809,2.7649,0.7232,77.84,65.1043,0.1065,12.1227,62.7615,621.4336,14.9241,13.0712,8.19,126.3265,38.3809,0.0901,0.9961,1.5354,33.8649,0.928,0.1552,0.2169,0.3216,0.2169,66.2774,1.854,3.0021,99.33,-1,2008-08-30 11:57:00
10.5902,10.7271,7.6118,0.0185,12.8334,2.824,0.9273,0.0,1.5930000000000002,535.8155,0.6788,1.6246,0.9343,0.2984,2.3289,0.0925,2.3326,0.247,8.7994,4.062,13.8957,0.134,2.2697,0.6128,3.2172,0.6802,2.332,65.1043,0.0854,12.5553,39.5062,631.4182,18.7418,17.5662,7.58,50.6681,42.266000000000005,0.1415,0.9971,1.4147,19.1426,0.9332,0.2977,0.3421,0.2867,0.3421,66.1349,2.4155,2.5583,110.5422,1,2008-08-30 14:10:00
16.4231,9.1321,9.7247,0.0096,9.1065,3.199,3.515,0.0,4.3793,538.54,0.8385,3.3316,1.2164,0.0846,2.8293,0.0639,2.0768,0.3411,8.6706,3.879,27.0214,0.1273,2.3406,0.6295,3.634,0.8270000000000001,77.84,84.3454,0.0939,12.5592,55.0169,618.26,20.2876,12.6436,5.3,114.7489,37.3689,0.1608,0.9997,0.9842,6.6752,0.9346,0.9501,0.4189,0.2996,0.4189,65.8977,2.5002,1.7213,103.6356,-1,2008-08-30 14:23:00
41.5401,7.8704,9.7247,0.0125,9.1065,3.199,3.515,0.0,2.2431,532.5646,0.8385,1.1187,1.2164,0.0846,3.5303,0.0764,2.7395,1.138,8.6706,3.879,28.0456,0.1291,2.3406,0.6295,3.634,0.8270000000000001,77.84,84.3454,0.3883,12.4824,107.0994,618.6555,21.0015,14.8109,13.35,74.30199999999999,37.3689,0.1608,0.9997,2.5067,14.0801,0.9357,0.9501,0.4189,0.2996,0.4189,65.8977,2.6243,4.0485,98.7122,-1,2008-08-30 14:37:00
9.6108,3.8097,8.0028,0.0096,12.1852,3.1180000000000003,3.194,0.0,1.6844,534.2982,0.7055,2.2086,1.0482,0.2354,4.4048,0.0613,1.97,0.1893,8.5135,3.23,29.5895,0.1348,2.3503,0.511,2.8805,0.7677,78.79,84.3454,0.0617,12.4673,35.0168,642.9791,19.9681,17.5662,5.79,107.7105,35.9936,0.1379,0.9992,1.0837,12.8744,0.9343,0.1132,0.3555,0.2451,0.3555,66.2242,2.3343,2.1265,100.7056,-1,2008-08-30 15:06:00
9.8005,4.3162,8.0028,0.0223,12.1852,3.1180000000000003,2.013,0.0,5.2962,534.0555,0.7852,1.3536,1.0482,0.4188,4.5015,0.0817,2.0153,0.1975,8.5459,3.23,28.2141,0.136,2.3503,0.511,2.8805,0.7677,77.72,86.9681,0.071,12.4618,49.0934,619.8982,18.2913,16.9402,8.58,112.4821,35.9936,0.1565,0.9992,1.6066,29.1868,0.929,0.1629,0.396,0.2619,0.396,66.2647,2.2069,3.0459,103.2589,-1,2008-08-30 15:16:00
15.0738,5.3996,9.4593,0.0144,9.1571,2.92,3.21,0.0,1.6844,534.6764,0.6186,2.1317,1.2545,0.1739,3.2064,0.0855,2.0007,0.3016,8.77,4.585,26.9312,0.1298,2.2937,0.6903,4.0608,0.7591,76.89,73.8657,0.0819,12.4673,29.0909,636.4473,21.1302,63.4313,8.09,80.6074,42.9293,0.1199,0.9967,1.5131,12.4432,0.9217,0.7963,0.3098,0.2535,0.3098,66.4683,2.8045,2.8562,106.21,-1,2008-08-30 15:37:00
15.0738,5.6318,8.0028,0.0214,12.1852,3.1180000000000003,3.103,0.0,1.6844,534.6764,0.7073,2.2086,1.0482,0.2833,4.4048,0.0852,2.0007,0.3016,8.7812,3.23,25.0675,0.1283,2.3503,0.511,2.8805,0.7677,79.07,73.8657,0.0819,12.4673,49.6614,640.9773,19.9681,20.7785,8.09,107.7105,35.9936,0.173,0.9992,1.5131,12.8744,0.9142,0.208,0.356,0.2935,0.3561,66.1006,2.3343,2.8562,100.7056,-1,2008-08-30 15:50:00
10.1292,7.0695,9.7247,0.0173,9.1065,3.199,2.013,0.0,5.0497,532.9764,0.7852,2.2086,1.2164,0.4188,4.4048,0.0765,2.3909,0.2422,8.5459,3.879,20.1964,0.1275,2.3406,0.6295,3.634,0.8270000000000001,77.72,73.8657,0.0833,12.4759,87.2521,620.2973,19.9681,14.7029,10.98,107.7105,37.3689,0.1565,0.9997,2.0601,12.8744,0.9217,0.1629,0.396,0.2619,0.396,66.2647,2.3343,3.6929,100.7056,-1,2008-08-30 15:57:00
15.9361,5.3451,10.3597,0.0106,13.4011,2.91,2.244,0.0,1.6840000000000002,531.4073,0.8651,4.4515,1.3131,0.1095,3.6815,0.065,2.0161,0.3213,8.8132,4.3919999999999995,29.7075,0.13,2.2967,0.6586,4.0302,0.7586,77.26,73.8657,0.1038,12.4706,59.5136,616.4055,23.4755,16.633,8.05,401.8832,38.9026,0.1659,0.9981,1.5148,9.9562,0.9362,0.8872,0.4311,0.222,0.4311,66.3674,3.1423,2.8487,94.26,-1,2008-08-30 16:24:00
16.5929,6.4924,8.0028,0.0233,12.1852,3.1180000000000003,3.552,0.0,2.0764,536.0,0.2771,2.2086,1.0482,0.3477,4.4048,0.0652,2.0571,0.3413,23.1583,3.23,29.2332,0.131,2.3503,0.511,2.8805,0.7677,77.9,73.8657,0.0928,12.5218,70.8688,622.8064,19.9681,10.9099,7.91,107.7105,35.9936,0.0645,0.9992,1.4758,12.8744,0.934,0.1641,0.16,0.2957,0.16,67.199,2.3343,2.4419999999999997,100.7056,-1,2008-08-30 17:05:00
10.439,10.1458,11.2988,0.0179,5.8755,3.4,3.515,0.0,1.3514,532.5336,0.8385,1.1187,1.8627,0.0846,3.5303,0.0954,2.2723,0.2372,8.6706,4.406000000000001,21.7095,0.1346,2.3146,0.7675,5.2144,0.657,77.84,73.8657,0.0892,12.58,42.0202,611.3055,21.0015,14.8109,8.0,74.30199999999999,46.1502,0.1608,0.9974,1.5023,14.0801,0.9295,0.9501,0.4189,0.2996,0.4189,65.8977,2.6243,2.7908,98.7122,-1,2008-08-30 17:49:00
15.9361,3.6395,10.3597,0.0153,13.4011,2.91,2.9560000000000004,0.0,3.0402,531.4073,0.6727,2.1317,1.3131,0.1399,3.2064,0.0858,2.0161,0.3213,8.7867,4.3919999999999995,24.1852,0.1297,2.2967,0.6586,4.0302,0.7586,76.15,73.8657,0.1038,12.499,37.2712,620.8036,21.1302,46.6919,8.05,80.6074,38.9026,0.1268,0.9981,1.5148,12.4432,0.9302,0.8122,0.3377,0.2106,0.3376,66.3724,2.8045,2.8487,106.21,-1,2008-08-30 19:21:00
15.9899,4.4764,7.2038,0.0151,11.4372,3.1180000000000003,6.215,0.0,2.9666,532.7527,0.6774,2.3371,0.8707,0.3228,2.9352,0.0921,2.4554,0.3926,9.7324,4.41,22.9594,0.1327,2.2771,0.6809,2.7649,0.7232,16.64,73.8657,0.1139,12.4722,28.18,607.7191,14.9241,13.6884,8.69,126.3265,38.3809,0.1417,0.9961,1.6312,33.8649,0.9361,0.1169,0.3412,0.3534,0.3412,66.6973,1.854,3.1316,99.33,-1,2008-08-30 19:27:00
11.4941,7.5564,7.2038,0.0157,11.4372,3.1180000000000003,3.4589999999999996,0.0,4.2464,536.0573,0.8091,2.5067,0.8707,0.258,2.9429,0.1019,1.8813,0.2162,9.2047,4.41,23.4612,0.1293,2.2771,0.6809,2.7649,0.7232,65.01,73.8657,0.066,12.481,26.8108,608.5464,22.0891,13.6884,8.42,170.3666,38.3809,0.1636,0.9961,1.5707,14.1805,0.9378,0.1932,0.4061,0.3398,0.4061,66.4854,2.7014,2.8159,100.7978,-1,2008-08-30 20:11:00
15.9361,5.8937,9.7247,0.0155,9.1065,3.199,3.552,0.0,2.7933,531.4073,0.2771,2.2086,1.2164,0.3477,4.4048,0.0623,2.0161,0.3213,23.1583,3.879,26.3334,0.1319,2.3406,0.6295,3.634,0.8270000000000001,77.9,73.8657,0.1038,12.5302,67.7249,619.8764,19.9681,8.3522,8.05,107.7105,37.3689,0.0645,0.9997,1.5148,12.8744,0.9329,0.1641,0.16,0.2957,0.16,67.199,2.3343,2.8487,100.7056,-1,2008-08-30 20:53:00
11.9549,12.6757,7.2038,0.0082,11.4372,3.1180000000000003,3.242,0.0,1.36,533.9782,0.6176,2.5067,0.8707,0.2797,2.9429,0.0775,2.3725,0.2836,9.7836,4.41,23.8157,0.1337,2.2771,0.6809,2.7649,0.7232,66.12,73.8657,0.1052,12.4998,28.3333,632.8255,22.0891,15.2751,7.79,170.3666,38.3809,0.122,0.9961,1.4589,14.1805,0.928,0.1628,0.3105,0.2973,0.3105,66.5667,2.7014,2.7729,100.7978,-1,2008-08-30 21:53:00
12.6428,6.7658,10.3597,0.0101,13.4011,2.91,2.508,0.0,1.6734,535.0918,0.5874,1.6178,1.3131,0.2384,2.4633,0.105,2.0927,0.2646,8.7418,4.3919999999999995,23.9262,0.13,2.2967,0.6586,4.0302,0.7586,78.11,73.8657,0.0753,12.5494,43.5233,615.8309,19.0958,47.815,6.36,86.9801,38.9026,0.1146,0.9981,1.1886,20.3935,0.9265,0.7905,0.2949,0.2231,0.2949,66.3572,2.4981,2.3244,101.5667,-1,2008-08-30 23:51:00
13.1687,3.6244,8.0028,0.0324,12.1852,3.1180000000000003,0.5442,0.0,1.6844,533.5309,0.5728,2.5113,1.0482,0.3092,3.4632,0.0263,1.994,0.2626,8.6005,3.23,21.6739,0.1264,2.3503,0.511,2.8805,0.7677,77.69,85.7175,0.0772,12.4673,48.4441,626.8518,17.463,20.7785,8.01,86.4589,35.9936,0.1115,0.9992,1.5013,9.4461,0.9194,0.1803,0.2887,0.2979,0.2887,66.1606,2.1115,2.8603,102.1322,-1,2008-08-31 02:57:00
24.2733,5.9828,7.2038,0.0101,11.4372,3.1180000000000003,2.9139999999999997,0.0,3.9367,529.7309,0.5717,2.5903,0.8707,0.3395,3.8045,0.0823,2.2346,0.5424,8.6527,4.41,33.4962,0.1291,2.2771,0.6809,2.7649,0.7232,77.24,85.7175,0.1565,12.4469,69.8851,611.8673,20.4963,29.3353,7.52,153.1415,38.3809,0.1094,0.9961,1.4196,12.2969,0.9227,0.1964,0.2871,0.3229,0.2871,66.1517,2.6887,2.7061,95.9789,1,2008-08-31 04:46:00
13.7972,4.2849,13.3877,0.015,11.6371,3.0189999999999997,0.9273,0.0,1.5930000000000002,538.0664,0.6788,2.7579,1.8206,0.2984,3.6045,0.0807,2.1359,0.2947,8.7994,4.567,17.5921,0.1287,2.2728,0.6982,5.223,0.7287,2.332,85.7175,0.0861,12.5553,50.1253,626.4636,20.9075,72.9703,8.23,177.4546,39.0136,0.1415,0.9959,1.5295,12.4168,0.9261,0.2977,0.3421,0.2867,0.3421,66.1349,2.6798,2.7525,94.1256,-1,2008-08-31 05:05:00
14.3355,7.3262,10.3972,0.0128,8.9689,3.2460000000000004,2.4730000000000003,0.0,2.1622,528.7891,0.6638,2.5731,1.3096,0.2577,4.4537,0.065,2.0351,0.2917,8.6427,2.951,25.2563,0.1343,2.3289,0.4559,3.8882,0.8079999999999999,78.0,79.7752,0.0862,12.4871,249.711,612.9009,16.5205,10.8294,11.15,94.6441,37.3966,0.1446,0.9989,2.1086,18.2747,0.9362,0.8121,0.3331,0.2343,0.3331,66.3237,2.1590000000000003,3.9746,103.0644,-1,2008-08-31 09:11:00
10.2843,4.2918,10.3972,0.0146,8.9689,3.2460000000000004,5.431,0.0,5.2962,533.1082,0.7041,2.5731,1.3096,0.2378,4.4537,0.087,2.1742,0.2236,8.6895,2.951,31.4439,0.1305,2.3289,0.4559,3.8882,0.8079999999999999,14.67,79.7752,0.0827,12.4618,66.2144,619.9627,16.5205,32.7151,9.65,94.6441,37.3966,0.1536,0.9989,1.8101,18.2747,0.9258,0.746,0.3543,0.1809,0.3543,66.243,2.1590000000000003,3.2382,103.0644,-1,2008-08-31 10:36:00
9.7315,3.4949,13.3877,0.0145,11.6371,3.0189999999999997,2.501,0.0,5.1301,532.2382,0.7564,1.6246,1.8206,0.2376,2.3289,0.0848,1.7897,0.1742,9.5713,4.567,24.3905,0.131,2.2728,0.6982,5.223,0.7287,64.39,79.7752,0.0557,12.4753,50.7439,613.7745,18.7418,23.3263,10.51,50.6681,39.0136,0.1579,0.9959,1.9747,19.1426,0.9278,0.2093,0.3812,0.3151,0.3812,66.437,2.4155,3.7497,110.5422,1,2008-08-31 10:59:00
20.5797,3.3645,10.3972,0.0152,8.9689,3.2460000000000004,2.4730000000000003,0.0,5.2962,535.1145,0.6638,2.5731,1.3096,0.2577,4.4537,0.0619,2.1058,0.4334,8.6427,2.951,29.5723,0.1348,2.3289,0.4559,3.8882,0.8079999999999999,78.0,79.7752,0.1311,12.4618,69.12,624.3609,16.5205,19.2616,8.9,94.6441,37.3966,0.1446,0.9989,1.6632,18.2747,0.9334,0.8121,0.3331,0.2343,0.3331,66.3237,2.1590000000000003,2.9554,103.0644,-1,2008-08-31 10:59:00
11.9584,11.9817,10.3972,0.0243,8.9689,3.2460000000000004,3.629,0.0,3.6823,532.06,0.6055,1.9275,1.3096,0.172,3.1789,0.0868,2.1892,0.2618,8.7219,2.951,30.4891,0.1283,2.3289,0.4559,3.8882,0.8079999999999999,76.78,79.7752,0.0879,12.4922,73.0077,631.1409,19.8664,15.7758,7.88,82.9934,37.3966,0.1362,0.9989,1.481,21.1352,0.923,0.8462,0.3036,0.2493,0.3036,66.1097,2.3016,2.6968,102.4522,-1,2008-08-31 11:03:00
17.0702,5.2008,10.3972,0.0194,8.9689,3.2460000000000004,3.478,0.0,3.6823,532.9918,0.6734,2.5731,1.3096,0.2931,4.4537,0.0664,2.0121,0.3435,8.5615,2.951,28.2022,0.1389,2.3289,0.4559,3.8882,0.8079999999999999,79.0,62.3881,0.103,12.4922,55.0206,630.9964,16.5205,61.233,9.2599,94.6441,37.3966,0.1294,0.9989,1.7374,18.2747,0.9296,0.2509,0.34,0.2429,0.3401,66.1344,2.1590000000000003,3.2396,103.0644,-1,2008-08-31 15:09:00
7.7724,5.7327,5.5315,0.0154,12.7224,3.278,2.864,0.0,6.7745,532.7609,0.4452,1.7179,0.6890000000000001,0.45,2.6086,0.0848,1.9518,0.1517,8.658999999999999,5.261,27.7146,0.1264,2.2773,0.8522,2.2571,0.6786,77.74,62.3881,0.042,12.5471,42.6117,621.8645,20.1353,48.9647,7.9901,89.9889,40.8046,0.1032,0.9984,1.4997,16.6165,0.9289,0.2514,0.2244,0.2913,0.2244,66.2245,2.5366,2.8686,97.92,-1,2008-08-31 15:13:00
23.2761,2.9332,10.3972,0.0137,8.9689,3.2460000000000004,3.478,0.0,2.7933,533.0873,0.6734,1.9275,1.3096,0.2931,3.1789,0.0652,2.0606,0.4796,8.5615,2.951,25.5921,0.1373,2.3289,0.4559,3.8882,0.8079999999999999,79.0,62.3881,0.1288,12.5302,68.7831,626.9073,19.8664,45.6897,8.67,82.9934,37.3966,0.1294,0.9989,1.6264,21.1352,0.934,0.2509,0.34,0.2429,0.3401,66.1344,2.3016,3.0859,102.4522,-1,2008-08-31 16:32:00
14.1723,8.4692,9.7247,0.0129,9.1065,3.199,3.134,0.0,2.8173,531.0854,0.3961,1.1187,1.2164,0.3148,3.5303,0.0887,2.0685,0.2932,8.441,3.879,29.3191,0.1403,2.3406,0.6295,3.634,0.8270000000000001,78.63,62.3881,0.0858,12.4231,64.5341,625.4764,21.0015,8.3522,9.93,74.30199999999999,37.3689,0.0844,0.9997,1.8698,14.0801,0.9238,0.1976,0.1995,0.2616,0.1995,65.5794,2.6243,3.3856,98.7122,-1,2008-08-31 20:24:00
11.3995,4.8856,7.1593,0.0438,11.6523,3.0639999999999996,3.4619999999999997,0.0,3.6823,531.4291,0.7492,2.0414,0.9118,0.2593,4.7816,0.0623,2.1392,0.2439,9.754,3.446,26.7098,0.1404,2.3306,0.5424,2.5647,0.7908,65.11,62.3881,0.0899,12.4922,57.971,621.7755,17.7781,48.3013,9.32,56.9252,35.8235,0.147,0.9989,1.7538,8.9517,0.9329,0.1407,0.3767,0.358,0.3767,66.5687,2.0443,2.987,103.4733,-1,2008-08-31 21:04:00
18.1228,5.2289,7.1593,0.0193,11.6523,3.0639999999999996,3.758,0.0,2.8825,530.0355,0.6911,2.0414,0.9118,0.327,4.7816,0.0643,2.0373,0.3692,9.0776,3.446,27.456,0.1313,2.3306,0.5424,2.5647,0.7908,77.92,62.3881,0.1101,12.4892,41.8733,629.4336,17.7781,20.7785,7.85,56.9252,35.8235,0.1524,0.9989,1.481,8.9517,0.9276,0.2787,0.3488,0.3197,0.3488,66.995,2.0443,2.6747,103.4733,-1,2008-08-31 21:46:00
16.2491,8.0986,14.4719,0.0154,9.9911,3.167,5.019,0.0,3.6823,533.4727,0.7329,2.0414,1.9946,0.3365,4.7816,0.0623,2.0774,0.3376,8.5779,3.102,31.4605,0.1353,2.3257,0.5213,6.3485,0.7975,13.83,62.3881,0.1026,12.4922,35.6627,620.3591,17.7781,16.8093,10.63,56.9252,43.8677,0.1523,0.9991,1.9926,8.9517,0.9329,0.1852,0.3693,0.295,0.3693,66.183,2.0443,3.5812,103.4733,-1,2008-08-31 21:58:00
19.0059,7.4055,11.735,0.01,7.1857,3.177,3.629,0.0,3.6823,529.1382,0.6055,2.0414,1.4652,0.172,4.7816,0.0619,2.1146,0.4019,8.7219,4.332,26.3116,0.1357,2.2793,0.7001,4.3562,0.7159,76.78,40.2536,0.1101,12.4922,38.143,623.5282,17.7781,41.2733,8.83,56.9252,37.1214,0.1362,0.998,1.6688,8.9517,0.9334,0.8462,0.3036,0.2493,0.3036,66.1097,2.0443,3.11,103.4733,-1,2008-08-31 22:32:00
5.4377,9.2986,14.4719,0.0136,9.9911,3.167,3.103,0.0,1.7631,534.9636,0.7073,2.0414,1.9946,0.2833,4.7816,0.0855,2.1236,0.1155,8.7812,3.102,25.7025,0.1275,2.3257,0.5213,6.3485,0.7975,79.07,40.2536,0.0377,12.4784,79.8859,639.1845,17.7781,32.9353,7.54,56.9252,43.8677,0.173,0.9991,1.4094,8.9517,0.9217,0.208,0.356,0.2935,0.3561,66.1006,2.0443,2.6335,103.4733,-1,2008-08-31 22:48:00
11.7087,9.3679,7.1593,0.0102,11.6523,3.0639999999999996,3.758,0.0,3.0402,530.8864,0.6911,2.0414,0.9118,0.327,4.7816,0.0664,2.0458,0.2395,9.0776,3.446,34.9236,0.1373,2.3306,0.5424,2.5647,0.7908,77.92,40.2536,0.0808,12.499,48.5584,629.9627,17.7781,10.8294,8.46,56.9252,35.8235,0.1524,0.9989,1.5936,8.9517,0.9296,0.2787,0.3488,0.3197,0.3488,66.995,2.0443,2.5319,103.4733,-1,2008-08-31 22:57:00
14.0761,9.2809,14.4719,0.0126,9.9911,3.167,3.342,0.0,2.0764,533.5636,0.6935,2.0414,1.9946,0.1629,4.7816,0.0868,2.0273,0.2854,8.5334,3.102,24.6273,0.1385,2.3257,0.5213,6.3485,0.7975,78.33,65.4831,0.0818,12.5218,36.6791,630.2418,17.7781,44.8745,7.33,56.9252,43.8677,0.126,0.9991,1.3738,8.9517,0.923,0.113,0.3487,0.3029,0.3488,66.1932,2.0443,2.4497,103.4733,-1,2008-01-09 00:01:00
13.0969,9.4501,14.4719,0.0118,9.9911,3.167,2.915,0.0,5.2962,534.9282,0.9083,2.7493,1.9946,0.2246,4.7539,0.0623,2.0004,0.262,8.5891,3.102,29.4926,0.1277,2.3257,0.5213,6.3485,0.7975,78.4,65.4831,0.0814,12.4618,70.7368,625.8764,16.3274,11.6115,8.17,113.8179,43.8677,0.1776,0.9991,1.5273,12.2234,0.9329,0.1645,0.4582,0.2742,0.4581,66.0981,1.896,2.9558,104.4156,-1,2008-01-09 00:39:00
65.3231,4.6249,14.4719,0.012,9.9911,3.167,3.629,0.0,1.6840000000000002,510.2891,0.6055,1.7522,1.9946,0.172,3.4157,0.0623,2.0217,1.3206,8.7219,3.102,25.9809,0.1306,2.3257,0.5213,6.3485,0.7975,76.78,65.4831,0.3764,12.4706,43.7856,622.1527,16.1369,13.7543,435.57,78.3914,43.8677,0.1362,0.9991,85.3575,24.7664,0.9329,0.8462,0.3036,0.2493,0.3036,66.1097,2.1011,139.1348,105.2933,-1,2008-01-09 00:45:00
9.2649,3.1585,14.4719,0.0086,9.9911,3.167,3.552,0.0,3.6823,532.8618,0.2771,2.0414,1.9946,0.3477,4.7816,0.0688,1.9972,0.185,23.1583,3.102,28.7966,0.1353,2.3257,0.5213,6.3485,0.7975,77.9,65.4831,0.0671,12.4922,47.7612,624.5273,17.7781,35.3519,9.06,56.9252,43.8677,0.0645,0.9991,1.7003,8.9517,0.9331,0.1641,0.16,0.2957,0.16,67.199,2.0443,3.0312,103.4733,-1,2008-01-09 00:53:00
16.8636,5.4606,11.3553,0.0462,9.8814,3.07,3.3169999999999997,0.0,2.0019,532.21,0.3184,1.9148,1.3987,0.2454,4.2939,0.0849,2.2089,0.3725,8.7696,3.511,22.8177,0.126,2.3301,0.5848,4.0746,0.8261,76.61,65.4831,0.1226,12.488,28.0193,610.0327,17.2911,66.8955,8.22,53.4243,35.8829,0.0669,0.9985,1.5445,11.6558,0.9312,0.7468,0.1596,0.2088,0.1596,66.4353,2.0263,2.9957,106.5478,-1,2008-01-09 05:29:00
61.5596,10.0272,11.735,0.0127,7.1857,3.177,3.074,0.0,2.7933,533.4755,0.682,2.5731,1.4652,0.3575,4.4537,0.065,2.1902,1.3483,9.0425,4.332,28.9871,0.128,2.2793,0.7001,4.3562,0.7159,78.29,65.4831,0.3829999999999999,12.5302,45.9096,622.7636,16.5205,14.8109,9.08,94.6441,37.1214,0.1324,0.998,1.702,18.2747,0.9362,0.1809,0.3461,0.3155,0.3461,67.1943,2.1590000000000003,2.8292,103.0644,-1,2008-01-09 05:32:00
16.4231,4.4464,11.3553,0.0126,9.8814,3.07,3.478,0.0,2.7227,538.54,0.6734,1.9148,1.3987,0.2931,4.2939,0.0252,2.0768,0.3411,8.5615,3.511,25.8665,0.133,2.3301,0.5848,4.0746,0.8261,79.0,65.4831,0.0939,12.4876,32.57,629.1618,17.2911,15.2466,5.3,53.4243,35.8829,0.1294,0.9985,0.9842,11.6558,0.925,0.2509,0.34,0.2429,0.3401,66.1344,2.0263,1.7213,106.5478,-1,2008-01-09 06:12:00
16.0712,8.0824,10.2782,0.0123,10.0448,3.1489999999999996,3.395,0.0,2.3996,531.3891,0.7161,1.7522,1.3373,0.326,3.4157,0.0833,2.0882,0.3356,9.0121,3.099,25.849,0.1388,2.3297,0.508,4.0323,0.8222,79.05,65.4831,0.0923,12.5018,129.0807,623.5809,16.1369,12.6436,8.08,78.3914,39.2314,0.1414,0.9993,1.5205,24.7664,0.9288,0.1852,0.3622,0.2497,0.3622,67.1173,2.1011,2.5986,105.2933,-1,2008-01-09 06:21:00
12.593,4.8187,11.3553,0.013,9.8814,3.07,3.21,0.0,2.0019,535.4364,0.6186,2.2662,1.3987,0.1739,5.5489999999999995,0.0278,2.0862,0.2627,8.77,3.511,24.25,0.1343,2.3301,0.5848,4.0746,0.8261,76.89,65.4831,0.0738,12.488,41.6851,612.2945,23.6129,12.6465,6.23,51.3009,35.8829,0.1199,0.9985,1.1635,15.6198,0.9238,0.7963,0.3098,0.2535,0.3098,66.4683,2.989,2.2294,106.6033,-1,2008-01-09 06:52:00
15.9361,5.7219,5.6896,0.0073,12.6744,3.255,3.408,0.0,3.0402,531.4073,0.6743,1.6772,0.7079,0.2169,3.928,0.0858,2.0161,0.3213,8.7662,3.267,26.7697,0.1368,2.3341,0.5660000000000001,2.1794,0.8258,75.71,108.6076,0.1038,12.499,70.4545,620.2836,17.4355,46.6919,8.05,69.6241,38.3052,0.1268,0.9991,1.5148,17.36,0.9302,0.7722,0.3386,0.2642,0.3386,66.4953,2.4606,2.8487,100.4456,-1,2008-01-09 08:18:00
14.5294,3.6904,7.1573,0.0068,9.3532,3.5210000000000004,3.692,0.0,2.6273,533.7309,0.7609,2.2662,1.0814,0.3926,5.5489999999999995,0.0639,2.1724,0.3156,8.8384,3.673,30.3892,0.1292,2.3375,0.6479,2.8397,0.7987,78.29,108.6076,0.1189,12.5602,47.3804,615.0209,23.6129,13.6884,8.35,51.3009,39.6757,0.1532,0.9988,1.5645,15.6198,0.9346,0.1869,0.3829999999999999,0.2791,0.3829999999999999,66.3401,2.989,2.8652,106.6033,-1,2008-01-09 09:06:00
15.2948,2.5089,11.3553,0.009,9.8814,3.07,2.013,0.0,2.0764,531.2355,0.7852,2.7493,1.3987,0.4188,4.7539,0.0688,2.0715,0.3168,8.5459,3.511,30.9658,0.1439,2.3301,0.5848,4.0746,0.8261,77.72,108.6076,0.0847,12.5218,53.406000000000006,624.5591,16.3274,34.2197,9.72,113.8179,35.8829,0.1565,0.9985,1.8297,12.2234,0.9331,0.1629,0.396,0.2619,0.396,66.2647,1.896,3.5144,104.4156,-1,2008-01-09 09:19:00
11.1656,2.2394,5.6896,0.0209,12.6744,3.255,3.408,0.0,1.3514,539.2554,0.6743,2.2662,0.7079,0.2169,5.5489999999999995,0.0877,1.6494,0.1842,8.7662,3.267,28.539,0.1211,2.3341,0.5660000000000001,2.1794,0.8258,75.71,108.6076,0.062,12.58,67.9245,609.7055,23.6129,12.6465,5.22,51.3009,38.3052,0.1268,0.9991,0.968,15.6198,0.929,0.7722,0.3386,0.2642,0.3386,66.4953,2.989,1.8815,106.6033,-1,2008-01-09 09:54:00
15.2171,7.3063,6.4203,0.0406,4.0686,3.2739999999999996,3.103,0.0,3.6823,535.2109,0.7073,2.0414,0.8583,0.2833,4.7816,0.0623,2.0871,0.3176,8.7812,4.997,24.6557,0.1383,2.3631,0.8215,2.2899,0.736,79.07,108.6076,0.1034,12.4922,39.3273,617.5736,17.7781,11.6115,7.45,56.9252,35.6663,0.173,0.9952,1.392,8.9517,0.9329,0.208,0.356,0.2935,0.3561,66.1006,2.0443,2.5451,103.4733,-1,2008-01-09 10:57:00
20.1086,5.2194,5.6896,0.013,12.6744,3.255,3.21,0.0,1.3514,533.69,0.6186,2.3862,0.7079,0.1739,4.9747,0.0822,2.0464,0.4115,8.77,3.267,28.121,0.1388,2.3341,0.5660000000000001,2.1794,0.8258,76.89,108.6076,0.108,12.58,77.193,609.3154,21.2604,35.1945,8.89,59.4227,38.3052,0.1199,0.9991,1.6658,16.7956,0.9306,0.7963,0.3098,0.2535,0.3098,66.4683,2.3891,2.9168,106.69,-1,2008-01-09 11:40:00
9.6361,5.2597,5.6896,0.0141,12.6744,3.255,2.915,0.0,3.0402,532.9591,0.9083,1.7522,0.7079,0.2246,3.4157,0.0868,2.0687,0.1993,8.5891,3.267,31.0771,0.1275,2.3341,0.5660000000000001,2.1794,0.8258,78.4,50.7912,0.063,12.499,52.8833,628.0245,16.1369,15.2895,7.17,78.3914,38.3052,0.1776,0.9991,1.3453,24.7664,0.923,0.1645,0.4582,0.2742,0.4581,66.0981,2.1011,2.6214,105.2933,-1,2008-01-09 16:20:00
22.1989,173.3631,14.1809,0.0364,9.8853,3.285,3.552,0.0,2.8782,535.2009,0.2771,2.8396,1.7,0.3477,4.0586,0.0944,1.692,0.3756,23.1583,3.927,56.8964,0.1395,2.3312,0.6538,5.4189,0.6849,77.9,71.5333,0.1171,12.508,217.1429,617.3736,17.315,47.843,8.9,126.7165,38.2126,0.0645,0.9978,1.6629,10.1033,0.9335,0.1641,0.16,0.2957,0.16,67.199,2.0571,3.0585,104.7189,1,2008-01-09 19:54:00
17.2719,8.6246,5.6896,0.0097,12.6744,3.255,3.483,0.0,2.1622,534.1891,0.523,1.9148,0.7079,0.2673,4.2939,0.087,2.0627,0.3563,8.5788,3.267,26.4123,0.133,2.3341,0.5660000000000001,2.1794,0.8258,78.0,71.5333,0.1052,12.4871,58.4927,621.0364,17.2911,82.0961,7.72,53.4243,38.3052,0.1204,0.9991,1.4452,11.6558,0.9258,0.1508,0.2635,0.2938,0.2635,66.2428,2.0263,2.78,106.5478,-1,2008-01-09 20:51:00
18.9182,3.4182,5.6896,0.0186,12.6744,3.255,3.692,0.0,2.0006,535.8736,0.7609,2.2662,0.7079,0.3926,5.5489999999999995,0.0849,1.5932,0.3014,8.8384,3.267,28.4192,0.131,2.3341,0.5660000000000001,2.1794,0.8258,78.29,71.5333,0.0852,12.4965,47.4674,615.5964,23.6129,17.5662,8.85,51.3009,38.3052,0.1532,0.9991,1.6515,15.6198,0.9312,0.1869,0.3829999999999999,0.2791,0.3829999999999999,66.3401,2.989,3.2479,106.6033,-1,2008-01-09 22:05:00
15.0358,4.1344,9.7755,0.013,8.854,3.1910000000000003,2.8089999999999997,0.0,4.0215,536.44,0.6692,2.3862,1.3974,0.252,4.9747,0.0887,2.0978,0.3154,8.5855,3.438,28.8009,0.1389,2.3323,0.5944,4.1347,0.8162,78.33,71.5333,0.0944,12.4333,55.1432,625.4464,21.2604,8.3522,6.78,59.4227,42.2967,0.1458,0.9998,1.2639,16.7956,0.9238,0.3289999999999999,0.3367,0.2387,0.3367,66.0928,2.3891,2.4335,106.69,-1,2008-01-09 23:05:00
7.6681,6.8827,7.1573,0.0091,9.3532,3.5210000000000004,3.385,0.0,2.0006,536.6582,0.4691,2.2662,1.0814,0.2415,5.5489999999999995,0.0786,2.139,0.1639999999999999,8.3324,3.673,24.9563,0.132,2.3375,0.6479,2.8397,0.7987,77.63,71.5333,0.0497,12.4965,32.6975,614.3482,23.6129,61.233,5.93,51.3009,39.6757,0.1036,0.9988,1.105,15.6198,0.9295,0.244,0.2366,0.3089,0.2366,66.2381,2.989,1.9173,106.6033,-1,2008-01-09 23:19:00
12.566,5.678,9.7755,0.0178,8.854,3.1910000000000003,0.5441,0.0,2.6273,533.9782,0.4253,2.2548,1.3974,0.2771,5.0735,0.0639,2.3449,0.2947,8.7932,3.438,29.1285,0.1406,2.3323,0.5944,4.1347,0.8162,2.126,264.1507,0.0825,12.5602,68.0628,608.5064,22.5488,71.0573,6.0,74.89399999999999,42.2967,0.0908,0.9998,1.1236,12.7253,0.9346,0.2136,0.214,0.2887,0.214,66.1703,2.7633,2.2157,107.17,-1,2008-01-09 23:24:00
10.5119,8.9009,9.7755,0.0135,8.854,3.1910000000000003,5.019,0.0,2.1622,532.5291,0.7329,1.9275,1.3974,0.3365,3.1789,0.0652,2.0436,0.2148,8.5779,3.438,28.2487,0.1351,2.3323,0.5944,4.1347,0.8162,13.83,264.1507,0.0761,12.4871,61.8847,621.1009,19.8664,17.045,6.81,82.9934,42.2967,0.1523,0.9998,1.2788,21.1352,0.934,0.1852,0.3693,0.295,0.3693,66.183,2.3016,2.4342,102.4522,-1,2008-01-09 23:28:00
10.3164,7.0359,9.9265,0.0151,11.4499,3.264,5.044,0.0,2.4029,533.1246,0.8857,1.4749,1.1147,0.3145,2.5382,0.0929,2.1672,0.2236,8.8043,3.523,22.3647,0.1368,2.3323,0.5781,3.8256,0.7527,13.69,262.1302,0.0726,12.4849,54.6154,612.4227,17.6109,84.7564,9.43,82.97399999999999,38.5391,0.1714,0.9983,1.7688,24.5801,0.9314,0.1527,0.4457,0.305,0.4456,66.2008,2.2495,3.2845,98.6889,-1,2008-01-09 23:39:00
10.0313,8.4684,9.7755,0.0114,8.854,3.1910000000000003,5.019,0.0,2.7933,535.91,0.7329,2.1585,1.3974,0.3365,3.1572,0.0817,2.0366,0.2043,8.5779,3.438,23.5326,0.1406,2.3323,0.5944,4.1347,0.8162,13.83,262.1302,0.0758,12.5302,40.4669,621.1827,17.8681,84.391,7.38,63.9998,42.2967,0.1523,0.9998,1.3771,14.2082,0.929,0.1852,0.3693,0.295,0.3693,66.183,2.5614,2.5395,102.6611,-1,2008-01-09 23:45:00
16.4111,6.6127,7.1573,0.0155,9.3532,3.5210000000000004,3.395,0.0,3.177,529.3191,0.7161,2.7493,1.0814,0.326,4.7539,0.0911,2.0905,0.3431,9.0121,3.673,70.0879,0.1308,2.3375,0.6479,2.8397,0.7987,79.05,262.1302,0.1043,12.5906,58.9474,626.2764,16.3274,12.6436,11.25,113.8179,39.6757,0.1414,0.9988,2.1254,12.2234,0.9288,0.1852,0.3622,0.2497,0.3622,67.1173,1.896,3.6888,104.4156,-1,2008-01-09 23:59:00
17.0534,7.3841,9.9265,0.0139,11.4499,3.264,2.483,0.0,3.633,537.1036,0.7794,1.6772,1.1147,0.2082,3.928,0.0283,1.9971,0.3406,9.2016,3.523,29.085,0.132,2.3323,0.5781,3.8256,0.7527,76.88,50.065,0.1139,12.3865,77.6014,622.13,17.4355,43.8076,7.0,69.6241,38.5391,0.1582,0.9983,1.3033,17.36,0.9261,0.2709,0.3938,0.2917,0.3938,67.0499,2.4606,2.1819,100.4456,-1,2008-02-09 00:26:00
6.9274,6.0536,7.1573,0.0101,9.3532,3.5210000000000004,3.395,0.0,2.3996,533.0691,0.7161,1.7522,1.0814,0.326,3.4157,0.0833,1.9841,0.1374,9.0121,3.673,23.5578,0.1388,2.3375,0.6479,2.8397,0.7987,79.05,50.065,0.0414,12.5018,46.2312,619.0773,16.1369,43.8076,8.49,78.3914,39.6757,0.1414,0.9988,1.5927,24.7664,0.9288,0.1852,0.3622,0.2497,0.3622,67.1173,2.1011,2.995,105.2933,-1,2008-02-09 00:31:00
14.1281,5.4442,9.7755,0.0103,8.854,3.1910000000000003,3.1860000000000004,0.0,2.166,534.8727,0.8001,2.3862,1.3974,0.3333,4.9747,0.0985,2.3094,0.3263,8.5687,3.438,20.5007,0.1389,2.3323,0.5944,4.1347,0.8162,79.03,50.065,0.089,12.4655,28.7179,608.9627,21.2604,19.4765,6.16,59.4227,42.2967,0.1496,0.9998,1.1517,16.7956,0.9354,0.2039,0.4023,0.2878,0.4023,66.3241,2.3891,2.1682,106.69,-1,2008-02-09 00:46:00
6.2639,2.8374,10.5371,0.013,6.5206,3.138,5.52,0.0,1.6840000000000002,530.5964,0.8241,2.2548,1.1477,0.2542,5.0735,0.087,2.0289,0.1271,8.7283,3.529,25.252,0.1274,2.3453,0.5709,3.6529,0.7713,14.88,50.065,0.0469,12.4706,53.092,615.8336,22.5488,8.3522,12.06,74.89399999999999,34.6672,0.1701,0.9991,2.2729,12.7253,0.9258,0.846,0.4111,0.2378,0.4111,66.2469,2.7633,3.9632,107.17,-1,2008-02-09 01:09:00
13.981,14.977,6.9376,0.0152,8.7276,3.195,3.103,0.0,2.0764,531.0918,0.7073,2.2548,0.9224,0.2833,5.0735,0.0855,2.0267,0.2834,8.7812,3.208,31.016,0.1274,2.3414,0.5451,2.4614,0.8207,79.07,50.065,0.1207,12.5218,65.9039,638.8982,22.5488,50.2702,10.63,74.89399999999999,35.4792,0.173,0.9978,2.0015,12.7253,0.9217,0.208,0.356,0.2935,0.3561,66.1006,2.7633,3.8436,107.17,-1,2008-02-09 01:10:00
15.2829,6.7676,9.9265,0.0169,11.4499,3.264,0.5442,0.0,4.0215,534.8518,0.5728,1.6772,1.1147,0.3092,3.928,0.0786,2.199,0.3361,8.6005,3.523,22.7395,0.1366,2.3323,0.5781,3.8256,0.7527,77.69,75.27,0.0966,12.4333,46.473,614.6582,17.4355,46.86600000000001,8.52,69.6241,38.5391,0.1115,0.9983,1.5930000000000002,17.36,0.9295,0.1803,0.2887,0.2979,0.2887,66.1606,2.4606,2.997,100.4456,-1,2008-02-09 01:10:00
14.1723,4.5494,9.7755,0.0215,8.854,3.1910000000000003,3.285,0.0,2.2401,531.0854,0.5895,1.4749,1.3974,0.266,2.5382,0.0887,2.0685,0.2932,9.4257,3.438,27.8586,0.1348,2.3323,0.5944,4.1347,0.8162,65.43,38.7106,0.0858,12.4996,33.0579,624.8482,17.6109,19.2616,9.93,82.97399999999999,42.2967,0.1178,0.9998,1.8698,24.5801,0.9238,0.2864,0.2969,0.3521,0.2968,66.0304,2.2495,3.3856,98.6889,-1,2008-02-09 01:36:00
7.6125,7.5804,9.7755,0.0121,8.854,3.1910000000000003,5.019,0.0,2.7933,532.5764,0.7329,1.4749,1.3974,0.3365,2.5382,0.0623,2.0424,0.1555,8.5779,3.438,28.057,0.1348,2.3323,0.5944,4.1347,0.8162,13.83,38.7106,0.0507,12.5302,39.7516,620.9536,17.6109,11.483,11.1,82.97399999999999,42.2967,0.1523,0.9998,2.0842,24.5801,0.9329,0.1852,0.3693,0.295,0.3693,66.183,2.2495,3.8501,98.6889,-1,2008-02-09 01:50:00
14.1723,4.4649,6.9376,0.0097,8.7276,3.195,3.182,0.0,2.1622,531.0854,0.7964,1.9148,0.9224,0.4435,4.2939,0.0887,2.0685,0.2932,8.5288,3.208,29.1518,0.1398,2.3414,0.5451,2.4614,0.8207,78.52,92.7605,0.0858,12.4871,97.8304,629.52,17.2911,41.2704,9.93,53.4243,35.4792,0.152,0.9978,1.8698,11.6558,0.9238,0.3236,0.402,0.2928,0.4021,66.0973,2.0263,3.3856,106.5478,-1,2008-02-09 02:02:00
12.593,4.2038,6.9376,0.0134,8.7276,3.195,3.3169999999999997,0.0,2.0019,535.4364,0.3184,2.1585,0.9224,0.2454,3.1572,0.0278,2.0862,0.2627,8.7696,3.208,24.5728,0.1313,2.3414,0.5451,2.4614,0.8207,76.61,92.7605,0.0738,12.488,56.445,617.8582,17.8681,19.2616,6.23,63.9998,35.4792,0.0669,0.9978,1.1635,14.2082,0.9238,0.7468,0.1596,0.2088,0.1596,66.4353,2.5614,2.2294,102.6611,-1,2008-02-09 02:11:00
12.4566,5.4108,9.7755,0.0161,8.854,3.1910000000000003,2.915,0.0,2.7933,534.1318,0.9083,2.2767,1.3974,0.2246,3.2383,0.0868,2.0039,0.2496,8.5891,3.438,26.0093,0.1332,2.3323,0.5944,4.1347,0.8162,78.4,80.4663,0.0689,12.5302,27.154,624.3673,21.1985,34.6592,8.29,52.9834,42.2967,0.1776,0.9998,1.5519999999999998,20.3964,0.923,0.1645,0.4582,0.2742,0.4581,66.0981,3.3867,2.8098,102.78,-1,2008-02-09 02:50:00
6.9274,6.528,8.7754,0.0131,9.6105,3.1180000000000003,3.074,0.0,1.6053,533.0691,0.682,2.0414,1.0611,0.3575,4.7816,0.0833,1.9841,0.1374,9.0425,3.486,25.9589,0.1322,2.3308,0.5761,3.8599,0.7923,78.29,80.4663,0.0414,12.459,54.7579,621.1573,17.7781,12.6436,8.49,56.9252,43.9856,0.1324,1.0,1.5927,8.9517,0.9288,0.1809,0.3461,0.3155,0.3461,67.1943,2.0443,2.995,103.4733,-1,2008-02-09 02:52:00
10.9042,4.7047,9.7755,0.0123,8.854,3.1910000000000003,3.242,0.0,2.2359,534.9473,0.6176,2.1585,1.3974,0.2797,3.1572,0.0806,2.3269,0.2537,9.7836,3.438,25.2303,0.1274,2.3323,0.5944,4.1347,0.8162,66.12,80.4663,0.0777,12.5227,61.4458,624.1364,17.8681,50.2702,7.35,63.9998,42.2967,0.122,0.9998,1.374,14.2082,0.9236,0.1628,0.3105,0.2973,0.3105,66.5667,2.5614,2.5732,102.6611,-1,2008-02-09 03:33:00
12.3904,3.0029,10.3609,0.0156,7.6124,3.392,3.142,0.0,2.7933,532.0036,0.8548,2.2341,1.3698,0.4231,3.8846,0.0887,2.0531,0.2544,9.3335,3.383,25.9351,0.1389,2.3401,0.6119,3.8497,0.7611,66.55,80.4663,0.0801,12.5302,32.0388,628.5682,20.3909,44.8745,8.14,25.8495,37.1562,0.1628,0.9971,1.5301,17.8304,0.9238,0.2593,0.4311,0.3192,0.4311,66.5362,2.6039999999999996,2.963,108.6589,-1,2008-02-09 03:35:00
15.0738,5.8362,10.5371,0.0134,6.5206,3.138,2.4730000000000003,0.0,2.2401,534.6764,0.6638,2.1585,1.1477,0.2577,3.1572,0.0855,2.0007,0.3016,8.6427,3.529,29.1971,0.1306,2.3453,0.5709,3.6529,0.7713,78.0,80.4663,0.0819,12.4996,38.4088,637.7273,17.8681,10.9099,8.09,63.9998,34.6672,0.1446,0.9991,1.5131,14.2082,0.9217,0.8121,0.3331,0.2343,0.3331,66.3237,2.5614,2.8562,102.6611,-1,2008-02-09 03:35:00
16.8636,5.3635,14.1809,0.0149,9.8853,3.285,3.21,0.0,2.0019,532.21,0.6186,2.2341,1.7,0.1739,3.8846,0.0822,2.2089,0.3725,8.77,3.927,26.3692,0.126,2.3312,0.6538,5.4189,0.6849,76.89,80.4663,0.1226,12.488,67.9452,617.0864,20.3909,46.86600000000001,8.22,25.8495,38.2126,0.1199,0.9978,1.5445,17.8304,0.9306,0.7963,0.3098,0.2535,0.3098,66.4683,2.6039999999999996,2.9957,108.6589,-1,2008-02-09 04:19:00
10.4125,11.8879,10.5371,0.0104,6.5206,3.138,3.483,0.0,2.1522,536.5882,0.523,2.2767,1.1477,0.2673,3.2383,0.0856,2.0221,0.2106,8.5788,3.529,28.6915,0.131,2.3453,0.5709,3.6529,0.7713,78.0,80.4663,0.0728,12.5451,59.2255,616.3455,21.1985,17.5662,6.95,52.9834,34.6672,0.1204,0.9991,1.2952,20.3964,0.9257,0.1508,0.2635,0.2938,0.2635,66.2428,3.3867,2.4598,102.78,-1,2008-02-09 04:22:00
9.6604,10.6183,10.5371,0.0125,6.5206,3.138,3.2430000000000003,0.0,2.0742,533.7327,0.429,2.2767,1.1477,0.2801,3.2383,0.0806,2.2848,0.2207,8.9635,3.529,28.674,0.1389,2.3453,0.5709,3.6529,0.7713,77.84,68.9871,0.0823,12.5351,60.6357,631.2273,21.1985,54.5601,6.87,52.9834,34.6672,0.0901,0.9991,1.2872,20.3964,0.9236,0.1552,0.2169,0.3216,0.2169,66.2774,3.3867,2.4785,102.78,-1,2008-02-09 05:46:00
13.121,7.4828,10.3609,0.0147,7.6124,3.392,2.915,0.0,5.2962,534.8336,0.9083,1.3298,1.3698,0.2246,3.4488,0.0817,2.1127,0.2772,8.5891,3.383,24.3057,0.1378,2.3401,0.6119,3.8497,0.7611,78.4,68.9871,0.0788,12.4618,36.2869,619.0509,17.7796,9.4814,6.38,75.0458,37.1562,0.1776,0.9971,1.1929,24.5156,0.929,0.1645,0.4582,0.2742,0.4581,66.0981,2.4529,2.4093,100.1789,-1,2008-02-09 06:03:00
18.2374,4.646,14.1809,0.0155,9.8853,3.285,2.8089999999999997,0.0,2.6273,536.0336,0.6692,2.2662,1.7,0.252,5.5489999999999995,0.0639,2.2003,0.4013,8.5855,3.927,26.3006,0.1288,2.3312,0.6538,5.4189,0.6849,78.33,44.3686,0.1132,12.5602,103.1289,616.9518,23.6129,37.5266,7.39,51.3009,38.2126,0.1458,0.9978,1.3786,15.6198,0.9346,0.3289999999999999,0.3367,0.2387,0.3367,66.0928,2.989,2.6867,106.6033,-1,2008-02-09 06:19:00
16.1032,4.7656,11.1691,0.0115,8.7679,3.17,3.194,0.0,3.633,538.9091,0.7055,1.3298,1.5275,0.2354,3.4488,0.1036,2.0618,0.332,8.5135,3.884,22.9785,0.1293,2.3654,0.6779,4.6747,0.7833,78.79,44.3686,0.108,12.3865,48.1532,612.9909,17.7796,25.3822,5.41,75.0458,41.8539,0.1379,0.9958,1.0039,24.5156,0.9306,0.1132,0.3555,0.2451,0.3555,66.2242,2.4529,1.8927,100.1789,-1,2008-02-09 06:32:00
14.5292,5.4338,10.5371,0.0165,6.5206,3.138,5.019,0.0,6.7745,533.9636,0.7329,1.4749,1.1477,0.3365,2.5382,0.0856,2.0317,0.2952,8.5779,3.529,22.1925,0.1283,2.3453,0.5709,3.6529,0.7713,13.83,44.3686,0.1071,12.5471,35.518,623.0164,17.6109,23.0054,8.65,82.97399999999999,34.6672,0.1523,0.9991,1.62,24.5801,0.9257,0.1852,0.3693,0.295,0.3693,66.183,2.2495,2.8943,98.6889,-1,2008-02-09 06:48:00
10.439,6.2851,8.7754,0.0191,9.6105,3.1180000000000003,3.408,0.0,1.9194,532.5336,0.6743,1.7522,1.0611,0.2169,3.4157,0.085,2.2723,0.2372,8.7662,3.486,21.3934,0.1404,2.3308,0.5761,3.8599,0.7923,75.71,44.3686,0.0892,12.5041,75.5245,604.2909,16.1369,37.5266,8.0,78.3914,43.9856,0.1268,1.0,1.5023,24.7664,0.93,0.7722,0.3386,0.2642,0.3386,66.4953,2.1011,2.7908,105.2933,-1,2008-02-09 07:22:00
16.1032,13.4068,10.5371,0.0216,6.5206,3.138,3.3169999999999997,0.0,3.633,538.9091,0.3184,2.1585,1.1477,0.2454,3.1572,0.0639,2.0618,0.332,8.7696,3.529,27.1747,0.1211,2.3453,0.5709,3.6529,0.7713,76.61,44.3686,0.108,12.3865,60.1367,614.9545,17.8681,10.8507,5.41,63.9998,34.6672,0.0669,0.9991,1.0039,14.2082,0.9346,0.7468,0.1596,0.2088,0.1596,66.4353,2.5614,1.8927,102.6611,-1,2008-02-09 07:32:00
10.1404,10.2046,10.3609,0.0137,7.6124,3.392,3.342,0.0,2.1622,532.4936,0.6935,2.2548,1.3698,0.1629,5.0735,0.0688,2.1201,0.215,8.5334,3.383,26.565,0.135,2.3401,0.6119,3.8497,0.7611,78.33,44.3686,0.0563,12.4871,52.2003,622.3454,22.5488,36.9618,8.02,74.89399999999999,37.1562,0.126,0.9971,1.5061,12.7253,0.9331,0.113,0.3487,0.3029,0.3488,66.1932,2.7633,2.5875,107.17,-1,2008-02-09 08:15:00
9.9246,4.638999999999999,9.9265,0.0175,11.4499,3.264,2.719,0.0,2.2431,530.7118,0.6136,1.6772,1.1147,0.2632,3.928,0.1017,2.0223,0.2007,9.1156,3.523,21.2894,0.1308,2.3323,0.5781,3.8256,0.7527,79.16,44.3686,0.0801,12.4824,52.9323,615.5391,17.4355,43.8076,9.29,69.6241,38.5391,0.1183,0.9983,1.7505,17.36,0.9295,0.2269999999999999,0.3099,0.3376,0.3099,67.0354,2.4606,3.2513,100.4456,-1,2008-02-09 08:54:00
12.593,6.9538,6.9376,0.0128,8.7276,3.195,3.341,0.0,2.0019,535.4364,0.6258,2.2767,0.9224,0.1493,3.2383,0.0877,2.0862,0.2627,8.7568,3.208,23.4325,0.1388,2.3414,0.5451,2.4614,0.8207,76.76,44.3686,0.0738,12.488,90.2486,617.2527,21.1985,31.8804,6.23,52.9834,35.4792,0.1233,0.9978,1.1635,20.3964,0.929,0.8488,0.3131,0.2656,0.3131,66.3915,3.3867,2.2294,102.78,-1,2008-02-09 09:36:00
17.9202,4.7158,9.7247,0.0124,9.1065,3.199,3.478,0.0,2.1622,532.6964,0.6734,2.2086,1.2164,0.2931,4.4048,0.0817,2.0363,0.3649,8.5615,3.879,25.6003,0.1439,2.3406,0.6295,3.634,0.8270000000000001,79.0,44.3686,0.1132,12.4871,88.2521,620.3482,19.9681,34.2197,9.32,107.7105,37.3689,0.1294,0.9997,1.7496,12.8744,0.929,0.2509,0.34,0.2429,0.3401,66.1344,2.3343,3.3176,100.7056,-1,2008-02-09 09:37:00
41.5401,6.3461,9.7755,0.0313,8.854,3.1910000000000003,2.719,0.0,2.2431,532.5646,0.6136,1.9148,1.3974,0.2632,4.2939,0.1062,2.7395,1.138,9.1156,3.438,24.5833,0.1284,2.3323,0.5944,4.1347,0.8162,79.16,200.1816,0.3883,12.4824,46.3054,616.0609,17.2911,12.6436,13.35,53.4243,42.2967,0.1183,0.9998,2.5067,11.6558,0.9299,0.2269999999999999,0.3099,0.3376,0.3099,67.0354,2.0263,4.0485,106.5478,-1,2008-02-09 10:13:00
16.3417,2.6206,11.1691,0.0146,8.7679,3.17,3.103,0.0,3.0402,536.76,0.7073,1.3298,1.5275,0.2833,3.4488,0.0652,2.1073,0.3444,8.7812,3.884,25.3772,0.1319,2.3654,0.6779,4.6747,0.7833,79.07,200.1816,0.0937,12.499,43.6236,620.5609,17.7796,82.0961,6.83,75.0458,41.8539,0.173,0.9958,1.2725,24.5156,0.934,0.208,0.356,0.2935,0.3561,66.1006,2.4529,2.3248,100.1789,-1,2008-02-09 10:21:00
17.0534,6.3005,6.9376,0.0142,8.7276,3.195,2.903,0.0,3.633,537.1036,0.6061,1.6772,0.9224,0.3004,3.928,0.0283,1.9971,0.3406,8.3331,3.208,23.1487,0.1343,2.3414,0.5451,2.4614,0.8207,80.71,200.1816,0.1139,12.3865,74.277,626.5382,17.4355,43.8076,7.0,69.6241,35.4792,0.1253,0.9978,1.3033,17.36,0.9261,0.1986,0.3052,0.2923,0.3052,65.8599,2.4606,2.1819,100.4456,-1,2008-02-09 10:25:00
12.593,4.7142,11.1691,0.0128,8.7679,3.17,3.3169999999999997,0.0,3.2567,535.4364,0.3184,2.3862,1.5275,0.2454,4.9747,0.0278,2.0862,0.2627,8.7696,3.884,27.2715,0.126,2.3654,0.6779,4.6747,0.7833,76.61,200.1816,0.0738,12.5896,41.5045,616.8555,21.2604,12.6465,6.23,59.4227,41.8539,0.0669,0.9958,1.1635,16.7956,0.9238,0.7468,0.1596,0.2088,0.1596,66.4353,2.3891,2.2294,106.69,-1,2008-02-09 10:33:00
20.1086,7.9562,10.5371,0.0125,6.5206,3.138,3.342,0.0,2.0019,533.69,0.6935,2.2767,1.1477,0.1629,3.2383,0.0786,2.0464,0.4115,8.5334,3.529,27.5945,0.1337,2.3453,0.5709,3.6529,0.7713,78.33,200.1816,0.108,12.488,26.2009,623.5209,21.1985,46.86600000000001,8.89,52.9834,34.6672,0.126,0.9991,1.6658,20.3964,0.9295,0.113,0.3487,0.3029,0.3488,66.1932,3.3867,2.9168,102.78,-1,2008-02-09 11:08:00
9.2055,4.2433,9.8569,0.0167,8.7842,3.21,2.8089999999999997,0.0,5.2962,534.0618,0.6692,2.1585,1.0427,0.252,3.1572,0.0887,2.1214,0.1953,8.5855,3.5410000000000004,22.9589,0.1348,2.3604,0.5873,3.7892,0.7747,78.33,26.143,0.0567,12.4618,82.3848,625.6173,17.8681,11.483,7.94,63.9998,38.4421,0.1458,0.9999,1.4867,14.2082,0.9238,0.3289999999999999,0.3367,0.2387,0.3367,66.0928,2.5614,2.9632,102.6611,-1,2008-02-09 11:22:00
11.0948,7.5994,10.3609,0.0097,7.6124,3.392,3.616,0.0,2.7933,530.9555,0.6306,2.1585,1.3698,0.2849,3.1572,0.0929,2.1422,0.2377,9.308,3.383,24.4119,0.1414,2.3401,0.6119,3.8497,0.7611,67.38,26.143,0.0761,12.5302,48.1807,615.54,17.8681,20.7785,8.21,63.9998,37.1562,0.1247,0.9971,1.5463,14.2082,0.9314,0.1211,0.3173,0.2973,0.3174,66.5635,2.5614,3.0013,102.6611,-1,2008-02-09 11:47:00
55.0978,6.2216,11.1691,0.0164,8.7679,3.17,3.08,0.0,1.5145,487.6227,0.631,2.1585,1.5275,0.2408,3.1572,0.0813,2.3371,1.2877,9.6938,3.884,20.9109,0.1348,2.3654,0.6779,4.6747,0.7833,65.74,26.143,0.4096,12.5455,23.2558,623.1227,17.8681,23.0054,435.26,63.9998,41.8539,0.1231,0.9958,89.2616,14.2082,0.9251,0.2626,0.3178,0.3067,0.3178,66.5811,2.5614,156.8581,102.6611,-1,2008-02-09 11:49:00
13.8179,11.0059,11.1691,0.0126,8.7679,3.17,5.52,0.0,2.8173,532.4227,0.8241,2.3862,1.5275,0.2542,4.9747,0.0652,2.2358,0.3089,8.7283,3.884,25.7896,0.1267,2.3654,0.6779,4.6747,0.7833,14.88,26.143,0.1176,12.4231,36.773,620.6073,21.2604,10.9099,8.1,59.4227,41.8539,0.1701,0.9958,1.5213,16.7956,0.934,0.846,0.4111,0.2378,0.4111,66.2469,2.3891,2.7176,106.69,-1,2008-02-09 12:01:00
11.1656,4.0014,11.1691,0.0148,8.7679,3.17,3.692,0.0,1.9307,539.2554,0.7609,1.3298,1.5275,0.3926,3.4488,0.0849,1.6494,0.1842,8.8384,3.884,28.0135,0.1254,2.3654,0.6779,4.6747,0.7833,78.29,26.143,0.062,12.431,67.2897,609.9518,17.7796,34.8875,5.22,75.0458,41.8539,0.1532,0.9958,0.968,24.5156,0.9312,0.1869,0.3829999999999999,0.2791,0.3829999999999999,66.3401,2.4529,1.8815,100.1789,-1,2008-02-09 12:17:00
10.7416,4.9308,11.1691,0.0147,8.7679,3.17,1.831,0.0,2.0006,535.2718,0.7999,2.1585,1.5275,0.308,3.1572,0.0849,1.6985,0.1824,8.9546,3.884,29.3803,0.1375,2.3654,0.6779,4.6747,0.7833,78.38,26.143,0.0624,12.4965,66.4962,616.0982,17.8681,76.4208,7.36,63.9998,41.8539,0.153,0.9958,1.375,14.2082,0.9312,0.1188,0.4036,0.2787,0.4036,66.2016,2.5614,2.6955,102.6611,-1,2008-02-09 12:26:00
11.84,5.2867,11.1691,0.0104,8.7679,3.17,3.342,0.0,2.6273,536.1436,0.6935,2.2548,1.5275,0.1629,5.0735,0.108,2.2328,0.2644,8.5334,3.884,25.3135,0.1402,2.3654,0.6779,4.6747,0.7833,78.33,26.143,0.084,12.5602,32.9412,611.1618,22.5488,37.5266,7.15,74.89399999999999,41.8539,0.126,0.9958,1.3336,12.7253,0.9306,0.113,0.3487,0.3029,0.3488,66.1932,2.7633,2.5265,107.17,-1,2008-02-09 12:30:00
9.1166,5.1901,9.7247,0.0123,9.1065,3.199,3.483,0.0,2.0764,535.4846,0.523,2.2086,1.2164,0.2673,4.4048,0.0652,2.1608,0.1969999999999999,8.5788,3.879,25.0919,0.1348,2.3406,0.6295,3.634,0.8270000000000001,78.0,26.143,0.0722,12.5218,64.455,623.8455,19.9681,17.5662,7.43,107.7105,37.3689,0.1204,0.9997,1.3875,12.8744,0.934,0.1508,0.2635,0.2938,0.2635,66.2428,2.3343,2.4935,100.7056,-1,2008-02-09 12:44:00
13.0173,8.846,11.1691,0.0161,8.7679,3.17,3.483,0.0,1.6844,529.5782,0.523,2.1043,1.5275,0.2673,3.2636,0.0625,2.05,0.2669,8.5788,3.884,34.6714,0.1342,2.3654,0.6779,4.6747,0.7833,78.0,26.143,0.0735,12.4673,93.3333,626.1136,18.6694,17.5662,11.3,59.2057,41.8539,0.1204,0.9958,2.1338,19.4094,0.9298,0.1508,0.2635,0.2938,0.2635,66.2428,2.7354,3.7554,101.2178,-1,2008-02-09 13:05:00
16.4111,7.8401,10.3609,0.0121,7.6124,3.392,5.52,0.0,3.6823,529.3191,0.8241,2.2341,1.3698,0.2542,3.8846,0.0871,2.0905,0.3431,8.7283,3.383,22.5685,0.1252,2.3401,0.6119,3.8497,0.7611,14.88,23.9629,0.1043,12.4922,45.4756,619.2455,20.3909,46.6919,11.25,25.8495,37.1562,0.1701,0.9971,2.1254,17.8304,0.9265,0.846,0.4111,0.2378,0.4111,66.2469,2.6039999999999996,3.6888,108.6589,-1,2008-02-09 13:08:00
11.3951,4.8653,10.3609,0.0108,7.6124,3.392,3.341,0.0,5.2962,534.3236,0.6258,2.1043,1.3698,0.1493,3.2636,0.0804,1.9533,0.2226,8.7568,3.383,23.4308,0.1353,2.3401,0.6119,3.8497,0.7611,76.76,23.9629,0.0642,12.4618,35.6627,622.3291,18.6694,46.86600000000001,9.1,59.2057,37.1562,0.1233,0.9971,1.7031,19.4094,0.9293,0.8488,0.3131,0.2656,0.3131,66.3915,2.7354,3.25,101.2178,-1,2008-02-09 13:27:00
16.4274,5.3217,11.1691,0.0182,8.7679,3.17,3.478,0.0,1.3514,533.7836,0.6734,2.2341,1.5275,0.2931,3.8846,0.0263,2.06,0.3384,8.5615,3.884,26.9974,0.1298,2.3654,0.6779,4.6747,0.7833,79.0,23.9629,0.1035,12.58,37.4846,627.6891,20.3909,39.043,8.78,25.8495,41.8539,0.1294,0.9958,1.6449,17.8304,0.9208,0.2509,0.34,0.2429,0.3401,66.1344,2.6039999999999996,3.0754,108.6589,-1,2008-02-09 13:40:00
17.3695,6.8674,9.8569,0.0116,8.7842,3.21,3.4619999999999997,0.0,7.4462,532.1318,0.7492,1.6608,1.0427,0.2593,3.463,0.1012,2.3355,0.4057,9.754,3.5410000000000004,23.2157,0.131,2.3604,0.5873,3.7892,0.7747,65.11,73.6411,0.13,12.4896,20.6769,611.5064,16.5459,47.843,9.3701,75.9057,38.4421,0.147,0.9999,1.7609,24.3307,0.9337,0.1407,0.3767,0.358,0.3767,66.5687,2.2715,3.3101,106.96,-1,2008-02-09 14:09:00
16.8636,4.4489,10.3609,0.0091,7.6124,3.392,3.134,0.0,3.2567,532.21,0.3961,2.1043,1.3698,0.3148,3.2636,0.0849,2.2089,0.3725,8.441,3.383,25.9403,0.1298,2.3401,0.6119,3.8497,0.7611,78.63,73.6411,0.1226,12.5896,68.8047,622.6064,18.6694,15.3056,8.22,59.2057,37.1562,0.0844,0.9971,1.5445,19.4094,0.9312,0.1976,0.1995,0.2616,0.1995,65.5794,2.7354,2.9957,101.2178,-1,2008-02-09 14:21:00
10.1098,4.7047,9.8569,0.0095,8.7842,3.21,3.3169999999999997,0.0,1.9194,532.7591,0.3184,2.1585,1.0427,0.2454,3.1572,0.0786,2.18,0.2204,8.7696,3.5410000000000004,25.8855,0.1397,2.3604,0.5873,3.7892,0.7747,76.61,73.6411,0.065,12.5041,22.6221,615.1736,17.8681,64.8513,8.98,63.9998,38.4421,0.0669,0.9999,1.6856,14.2082,0.9295,0.7468,0.1596,0.2088,0.1596,66.4353,2.5614,3.0988,102.6611,-1,2008-02-09 14:34:00
10.5987,6.0387,5.9979,0.0119,7.557,3.123,3.21,0.0,2.5341,530.7909,0.6186,2.1043,0.8208,0.1739,3.2636,0.1017,2.0698,0.2194,8.77,3.358,22.4125,0.1314,2.3402,0.5719,2.3874,0.8318,76.89,73.6411,0.0673,12.4996,65.0177,621.0655,18.6694,15.2751,10.55,59.2057,39.8039,0.1199,0.9986,1.9876,19.4094,0.9295,0.7963,0.3098,0.2535,0.3098,66.4683,2.7354,3.764,101.2178,-1,2008-02-09 15:29:00
17.0534,2.9266,9.8569,0.0122,8.7842,3.21,2.719,0.0,1.9307,537.1036,0.6136,2.0934,1.0427,0.2632,4.2578,0.0283,1.9971,0.3406,9.1156,3.5410000000000004,34.3644,0.1284,2.3604,0.5873,3.7892,0.7747,79.16,104.7519,0.1139,12.431,89.1365,621.0409,18.3072,51.6636,7.0,162.5871,38.4421,0.1183,0.9999,1.3033,16.5463,0.9261,0.2269999999999999,0.3099,0.3376,0.3099,67.0354,2.2557,2.1819,105.7633,-1,2008-02-09 16:10:00
41.5401,3.6629,10.5371,0.0214,6.5206,3.138,2.957,0.0,2.2431,532.5646,0.7595,2.3862,1.1477,0.354,4.9747,0.1017,2.7395,1.138,8.4896,3.529,22.2242,0.1446,2.3453,0.5709,3.6529,0.7713,78.04,104.7519,0.3883,12.4824,48.5584,616.5555,21.2604,12.6436,13.35,59.4227,34.6672,0.1509,0.9991,2.5067,16.7956,0.9295,0.3041,0.3824,0.3505,0.3824,65.5737,2.3891,4.0485,106.69,-1,2008-02-09 16:50:00
15.9361,4.533,5.9979,0.0112,7.557,3.123,2.244,0.0,3.0402,531.4073,0.8651,1.9148,0.8208,0.1095,4.2939,0.0871,2.0161,0.3213,8.8132,3.358,24.7337,0.1313,2.3402,0.5719,2.3874,0.8318,77.26,104.7519,0.1038,12.499,45.5516,619.4191,17.2911,41.2704,8.05,53.4243,39.8039,0.1659,0.9986,1.5148,11.6558,0.9265,0.8872,0.4311,0.222,0.4311,66.3674,2.0263,2.8487,106.5478,-1,2008-02-09 16:54:00
15.0738,4.5548,6.9376,0.012,8.7276,3.195,2.508,0.0,1.6844,534.6764,0.5874,1.6772,0.9224,0.2384,3.928,0.0855,2.0007,0.3016,8.7418,3.208,29.6185,0.1319,2.3414,0.5451,2.4614,0.8207,78.11,104.7519,0.0819,12.4673,39.3327,635.27,17.4355,32.9353,8.09,69.6241,35.4792,0.1146,0.9978,1.5131,17.36,0.9217,0.7905,0.2949,0.2231,0.2949,66.3572,2.4606,2.8562,100.4456,-1,2008-02-09 16:58:00
10.1098,6.0599,9.8569,0.0095,8.7842,3.21,3.341,0.0,1.9194,532.7591,0.6258,2.0557,1.0427,0.1493,4.0224,0.085,2.18,0.2204,8.7568,3.5410000000000004,22.698,0.1348,2.3604,0.5873,3.7892,0.7747,76.76,104.7519,0.065,12.5041,36.1991,603.1609,19.4891,37.5266,8.98,107.4022,38.4421,0.1233,0.9999,1.6856,30.7547,0.93,0.8488,0.3131,0.2656,0.3131,66.3915,2.4036,3.0988,98.1133,-1,2008-02-09 17:10:00
6.9274,6.8368,6.9376,0.0133,8.7276,3.195,2.244,0.0,1.7631,533.0691,0.8651,2.0604,0.9224,0.1095,5.4228,0.0911,1.9841,0.1374,8.8132,3.208,21.1961,0.13,2.3414,0.5451,2.4614,0.8207,77.26,104.7519,0.0414,12.4784,42.3707,620.6755,23.9057,16.633,8.49,57.8478,35.4792,0.1659,0.9978,1.5927,13.1382,0.9288,0.8872,0.4311,0.222,0.4311,66.3674,3.0736,2.995,105.6089,-1,2008-02-09 17:18:00
16.0712,5.3882,5.9979,0.0105,7.557,3.123,3.21,0.0,4.0215,531.3891,0.6186,1.8807,0.8208,0.1739,4.0007,0.0786,2.0882,0.3356,8.77,3.358,24.4746,0.1298,2.3402,0.5719,2.3874,0.8318,76.89,104.7519,0.0923,12.4333,42.3174,616.8809,20.2972,15.3056,8.08,139.1175,39.8039,0.1199,0.9986,1.5205,15.93,0.9295,0.7963,0.3098,0.2535,0.3098,66.4683,2.4028,2.5986,105.66,-1,2008-02-09 18:38:00
8.539,4.471,14.118,0.0099,9.0871,3.1060000000000003,3.576,0.0,1.9222,530.8818,0.6435,1.5354,1.5339,0.3017,2.9509,0.0272,2.1238,0.1814,9.3851,3.483,24.4248,0.1318,2.3391,0.5642,5.3886,0.8057,78.68,104.7519,0.0606,12.4859,51.0638,621.7109,19.3647,41.2733,9.19,112.6014,38.1683,0.1335,0.9992,1.7311,28.2433,0.9242,0.1966,0.3247,0.297,0.3247,65.7258,2.3527,2.8996,107.8778,-1,2008-02-09 18:52:00
16.4231,6.9142,5.9979,0.0097,7.557,3.123,3.134,0.0,1.7574,538.54,0.3961,1.6608,0.8208,0.3148,3.463,0.0848,2.0768,0.3411,8.441,3.358,36.5743,0.121,2.3402,0.5719,2.3874,0.8318,78.63,104.7519,0.0939,12.5182,26.4059,635.0691,16.5459,19.2616,5.3,75.9057,39.8039,0.0844,0.9986,0.9842,24.3307,0.931,0.1976,0.1995,0.2616,0.1995,65.5794,2.2715,1.7213,106.96,-1,2008-02-09 19:18:00
17.5289,4.2557,5.9979,0.01,7.557,3.123,3.103,0.0,4.0215,533.5555,0.7073,1.8807,0.8208,0.2833,4.0007,0.0868,2.0417,0.3579,8.7812,3.358,29.1587,0.131,2.3402,0.5719,2.3874,0.8318,79.07,104.7519,0.1153,12.4333,196.0199,621.1236,20.2972,15.2895,6.08,139.1175,39.8039,0.173,0.9986,1.1395,15.93,0.923,0.208,0.356,0.2935,0.3561,66.1006,2.4028,2.0909999999999997,105.66,-1,2008-02-09 20:18:00
11.6871,8.6204,14.118,0.0132,9.0871,3.1060000000000003,2.607,0.0,3.633,538.0,0.6297,1.1629,1.5339,0.1809,3.8432,0.1036,2.003,0.2341,8.5232,3.483,22.3865,0.1252,2.3391,0.5642,5.3886,0.8057,78.95,217.1506,0.0767,12.3865,59.0164,612.6255,16.2732,9.3697,4.94,86.3607,38.1683,0.1223,0.9992,0.9182,26.6473,0.9306,0.3248,0.3177,0.3011,0.3177,66.2289,2.3419,1.6785,100.9711,-1,2008-02-09 20:52:00
15.9361,4.3536,5.9979,0.0112,7.557,3.123,3.182,0.0,1.6840000000000002,531.4073,0.7964,1.6772,0.8208,0.4435,3.928,0.0858,2.0161,0.3213,8.5288,3.358,20.187,0.124,2.3402,0.5719,2.3874,0.8318,78.52,217.1506,0.1038,12.4706,92.4623,615.5036,17.4355,40.2253,8.05,69.6241,39.8039,0.152,0.9986,1.5148,17.36,0.9302,0.3236,0.402,0.2928,0.4021,66.0973,2.4606,2.8487,100.4456,-1,2008-02-09 20:58:00
16.4231,4.3634,14.118,0.0133,9.0871,3.1060000000000003,3.3169999999999997,0.0,2.7227,538.54,0.3184,1.8807,1.5339,0.2454,4.0007,0.1036,2.0768,0.3411,8.7696,3.483,18.277,0.1374,2.3391,0.5642,5.3886,0.8057,76.61,217.1506,0.0939,12.4876,58.0357,618.6591,20.2972,35.1945,5.3,139.1175,38.1683,0.0669,0.9992,0.9842,15.93,0.9306,0.7468,0.1596,0.2088,0.1596,66.4353,2.4028,1.7213,105.66,-1,2008-02-09 20:59:00
17.0534,9.366,6.9376,0.0174,8.7276,3.195,3.408,0.0,3.633,537.1036,0.6743,2.2548,0.9224,0.2169,5.0735,0.0283,1.9971,0.3406,8.7662,3.208,27.5268,0.13,2.3414,0.5451,2.4614,0.8207,75.71,217.1506,0.1139,12.3865,120.603,622.9718,22.5488,37.5266,7.0,74.89399999999999,35.4792,0.1268,0.9978,1.3033,12.7253,0.9261,0.7722,0.3386,0.2642,0.3386,66.4953,2.7633,2.1819,107.17,-1,2008-03-09 00:18:00
6.9274,9.2907,9.8569,0.0115,8.7842,3.21,3.074,0.0,2.492,533.0691,0.682,2.2767,1.0427,0.3575,3.2383,0.0833,1.9841,0.1374,9.0425,3.5410000000000004,24.7459,0.1284,2.3604,0.5873,3.7892,0.7747,78.29,217.1506,0.0414,12.44,58.2659,621.5136,21.1985,12.6436,8.49,52.9834,38.4421,0.1324,0.9999,1.5927,20.3964,0.9288,0.1809,0.3461,0.3155,0.3461,67.1943,3.3867,2.995,102.78,-1,2008-03-09 00:45:00
15.9361,11.1753,10.5371,0.011,6.5206,3.138,3.074,0.0,1.9186,531.4073,0.682,2.2548,1.1477,0.3575,5.0735,0.065,2.0161,0.3213,9.0425,3.529,25.55,0.1351,2.3453,0.5709,3.6529,0.7713,78.29,217.1506,0.1038,12.5094,36.0106,616.2027,22.5488,24.2589,8.05,74.89399999999999,34.6672,0.1324,0.9991,1.5148,12.7253,0.9362,0.1809,0.3461,0.3155,0.3461,67.1943,2.7633,2.8487,107.17,-1,2008-03-09 00:58:00
16.4111,12.4472,14.118,0.0131,9.0871,3.1060000000000003,2.244,0.0,1.7631,529.3191,0.8651,1.8807,1.5339,0.1095,4.0007,0.0804,2.0905,0.3431,8.8132,3.483,21.9792,0.1382,2.3391,0.5642,5.3886,0.8057,77.26,217.1506,0.1043,12.4784,39.8754,624.4927,20.2972,46.86600000000001,11.25,139.1175,38.1683,0.1659,0.9992,2.1254,15.93,0.9293,0.8872,0.4311,0.222,0.4311,66.3674,2.4028,3.6888,105.66,1,2008-03-09 01:15:00
6.9274,6.0788,5.9979,0.015,7.557,3.123,3.395,0.0,1.6053,533.0691,0.7161,2.1043,0.8208,0.326,3.2636,0.0911,1.9841,0.1374,9.0121,3.358,23.1949,0.132,2.3402,0.5719,2.3874,0.8318,79.05,25.2223,0.0414,12.459,60.1093,622.0164,18.6694,43.8076,8.49,59.2057,39.8039,0.1414,0.9986,1.5927,19.4094,0.9288,0.1852,0.3622,0.2497,0.3622,67.1173,2.7354,2.995,101.2178,-1,2008-03-09 01:32:00
20.1086,5.2717,8.4477,0.0162,9.6639,3.168,2.957,0.0,3.2567,533.69,0.7595,1.8807,1.0245,0.354,4.0007,0.0822,2.0464,0.4115,8.4896,3.615,29.1464,0.1402,2.3708,0.5849,3.1641,0.7909999999999999,78.04,291.80400000000003,0.108,12.5896,42.6966,614.48,20.2972,35.1945,8.89,139.1175,37.4552,0.1509,0.9972,1.6658,15.93,0.9306,0.3041,0.3824,0.3505,0.3824,65.5737,2.4028,2.9168,105.66,-1,2008-03-09 04:18:00
14.1723,5.5797,14.118,0.0139,9.0871,3.1060000000000003,2.957,0.0,2.1576,531.0854,0.7595,1.9148,1.5339,0.354,4.2939,0.0652,2.0685,0.2932,8.4896,3.483,22.6667,0.1447,2.3391,0.5642,5.3886,0.8057,78.04,291.80400000000003,0.0858,12.5139,61.3861,624.2164,17.2911,12.6436,9.93,53.4243,38.1683,0.1509,0.9992,1.8698,11.6558,0.934,0.3041,0.3824,0.3505,0.3824,65.5737,2.0263,3.3856,106.5478,-1,2008-03-09 06:26:00
14.9177,3.9458,4.0088,0.0239,8.8645,3.2230000000000003,3.341,0.0,2.3996,530.9718,0.6258,1.8807,0.5382,0.1493,4.0007,0.0786,2.1158,0.3156,8.7568,3.5380000000000003,26.0554,0.1334,2.3593,0.5814,1.5672,0.7804,76.76,291.80400000000003,0.0898,12.5018,45.6345,612.2991,20.2972,54.3883,10.71,139.1175,39.094,0.1233,1.001,2.0171,15.93,0.9295,0.8488,0.3131,0.2656,0.3131,66.3915,2.4028,3.5321,105.66,-1,2008-03-09 09:38:00
8.5456,5.6919,12.0608,0.0109,7.6448,3.4139999999999997,0.5441,0.0,4.4606,535.5664,0.4253,2.2624,1.2836,0.2771,4.6885,0.085,1.9829,0.1694,8.7932,3.495,28.9557,0.1385,2.3625,0.6113,4.4894,0.7585,2.126,291.80400000000003,0.0549,12.5545,26.5089,611.4536,22.8457,44.8745,7.02,55.6676,37.2231,0.0908,0.9991,1.3108,17.4836,0.9342,0.2136,0.214,0.2887,0.214,66.1703,2.54,2.5787,107.4867,-1,2008-03-09 14:24:00
8.539,4.8659,12.0608,0.0153,7.6448,3.4139999999999997,3.07,0.0,2.2441,530.8818,0.6319,2.2624,1.2836,0.2996,4.6885,0.0868,2.1238,0.1814,8.3273,3.495,26.2905,0.1376,2.3625,0.6113,4.4894,0.7585,80.01,291.80400000000003,0.0606,12.4773,24.2424,610.2491,22.8457,13.3303,9.19,55.6676,37.2231,0.1218,0.9991,1.7311,17.4836,0.9296,0.1796,0.3182,0.2945,0.3182,66.0203,2.54,2.8996,107.4867,-1,2008-03-09 14:29:00
8.6736,13.0732,7.3671,0.0135,7.0805,3.154,3.408,0.0,1.4513,534.9391,0.6743,1.834,0.8229,0.2169,3.2578,0.1036,2.1006,0.1822,8.7662,3.4760000000000004,21.9399,0.126,2.3519,0.5736,2.8021,0.8297,75.71,291.80400000000003,0.0593,12.4027,62.5337,615.16,26.1,10.8294,10.46,68.8963,38.0355,0.1268,1.002,1.9554,35.3549,0.9306,0.7722,0.3386,0.2642,0.3386,66.4953,3.322,3.25,99.7633,-1,2008-03-09 17:22:00
13.1615,5.1698,9.8569,0.019,8.7842,3.21,3.692,0.0,2.7933,533.07,0.7609,1.4749,1.0427,0.3926,2.5382,0.0868,2.0591,0.271,8.8384,3.5410000000000004,30.1518,0.1348,2.3604,0.5873,3.7892,0.7747,78.29,49.9454,0.0745,12.5302,45.9016,626.5509,17.6109,11.483,7.58,82.97399999999999,38.4421,0.1532,0.9999,1.422,24.5801,0.923,0.1869,0.3829999999999999,0.2791,0.3829999999999999,66.3401,2.2495,2.7054,98.6889,-1,2008-03-09 18:16:00
14.1723,4.5331,12.0608,0.0136,7.6448,3.4139999999999997,2.957,0.0,1.6840000000000002,531.0854,0.7595,2.2767,1.2836,0.354,3.2383,0.0887,2.0685,0.2932,8.4896,3.495,24.4489,0.1343,2.3625,0.6113,4.4894,0.7585,78.04,100.3091,0.0858,12.4706,56.7089,625.9664,21.1985,8.3522,9.93,52.9834,37.2231,0.1509,0.9991,1.8698,20.3964,0.9238,0.3041,0.3824,0.3505,0.3824,65.5737,3.3867,3.3856,102.78,-1,2008-03-09 18:16:00
15.375,6.454,7.3671,0.0101,7.0805,3.154,2.957,0.0,5.2962,532.96,0.7595,1.8807,0.8229,0.354,4.0007,0.0652,1.928,0.2964,8.4896,3.4760000000000004,24.2367,0.1322,2.3519,0.5736,2.8021,0.8297,78.04,100.3091,0.0833,12.4618,63.0588,623.1118,20.2972,12.6436,10.23,139.1175,38.0355,0.1509,1.002,1.9195,15.93,0.934,0.3041,0.3824,0.3505,0.3824,65.5737,2.4028,3.6914,105.66,-1,2008-03-09 20:00:00
11.6871,6.8464,8.4477,0.0184,9.6639,3.168,4.886,0.0,1.6669,538.0,0.4401,1.5354,1.0245,0.2644,2.9509,0.108,2.003,0.2341,8.3436,3.615,26.1735,0.1291,2.3708,0.5849,3.1641,0.7909999999999999,12.19,100.3091,0.0767,12.5986,29.3333,611.07,19.3647,27.4366,4.94,112.6014,37.4552,0.096,0.9972,0.9182,28.2433,0.9306,0.2291,0.2218,0.3029,0.2218,65.8525,2.3527,1.6785,107.8778,-1,2008-03-09 20:10:00
8.5456,5.4846,11.011,0.0117,9.5754,3.2710000000000004,3.07,0.0,117.6844,535.5664,0.6319,1.8866,1.3897,0.2996,3.8881,0.0658,1.9829,0.1694,8.3273,3.4960000000000004,26.6224,0.1336,2.3991,0.6379,4.6983,0.7681,80.01,100.3091,0.0549,10.7151,66.941,610.1918,22.0865,15.0199,7.02,45.2155,42.6692,0.1218,0.9971,1.3108,9.6519,0.9348,0.1796,0.3182,0.2945,0.3182,66.0203,2.5884,2.5787,105.0589,-1,2008-04-09 08:01:00
17.0534,5.5131,12.0608,0.0151,7.6448,3.4139999999999997,4.886,0.0,1.6669,537.1036,0.4401,1.872,1.2836,0.2644,5.5072,0.108,1.9971,0.3406,8.3436,3.495,23.5304,0.1364,2.3625,0.6113,4.4894,0.7585,12.19,100.3091,0.1139,12.5986,45.6576,611.0745,31.1228,27.4366,7.0,77.6652,37.2231,0.096,0.9991,1.3033,17.6762,0.9306,0.2291,0.2218,0.3029,0.2218,65.8525,3.9795,2.1819,107.1889,-1,2008-04-09 08:22:00
8.539,6.2078,11.011,0.0182,9.5754,3.2710000000000004,3.07,0.0,2.1593,530.8818,0.6319,2.0324,1.3897,0.2996,3.0278,0.0263,2.1238,0.1814,8.3273,3.4960000000000004,23.5223,0.1404,2.3991,0.6379,4.6983,0.7681,80.01,100.3091,0.0606,12.5043,55.7769,622.0282,19.1952,35.1945,9.19,63.5737,42.6692,0.1218,0.9971,1.7311,20.9155,0.9277,0.1796,0.3182,0.2945,0.3182,66.0203,2.7544,2.8996,106.2089,-1,2008-04-09 08:33:00
18.6723,4.4621,11.011,0.017,9.5754,3.2710000000000004,2.833,0.0,2.7229,536.01,0.5776,2.0324,1.3897,0.2261,3.0278,0.0263,2.135,0.3986,9.22,3.4960000000000004,24.2706,0.1336,2.3991,0.6379,4.6983,0.7681,79.47,36.1626,0.1109,12.4867,42.0538,610.2209,19.1952,30.0546,9.5601,63.5737,42.6692,0.1177,0.9971,1.7836,20.9155,0.9277,0.2984,0.292,0.3181,0.292,67.1106,2.7544,3.3635,106.2089,-1,2008-04-09 08:41:00
15.6989,9.2499,11.011,0.0142,9.5754,3.2710000000000004,0.5441,0.0,2.0841,536.6173,0.4253,2.2624,1.3897,0.2771,4.6885,0.0272,1.9323,0.3033,8.7932,3.4960000000000004,26.0408,0.1389,2.3991,0.6379,4.6983,0.7681,2.126,85.1551,0.1047,12.4755,32.3497,627.37,22.8457,17.045,6.62,55.6676,42.6692,0.0908,0.9971,1.2337,17.4836,0.9242,0.2136,0.214,0.2887,0.214,66.1703,2.54,2.4994,107.4867,-1,2008-04-09 08:53:00
12.566,8.0345,10.3197,0.0118,5.8599,3.128,2.833,0.0,1.9222,533.9782,0.5776,2.0324,1.3682,0.2261,3.0278,0.0272,2.3449,0.2947,9.22,3.79,31.164,0.1313,2.3985,0.6225,3.945,0.8076,79.47,85.1551,0.0825,12.4859,36.8715,613.8673,19.1952,19.2616,6.0,63.5737,38.2279,0.1177,1.0,1.1236,20.9155,0.9242,0.2984,0.292,0.3181,0.292,67.1106,2.7544,2.2157,106.2089,-1,2008-04-09 11:50:00
12.566,15.532,11.011,0.0133,9.5754,3.2710000000000004,2.475,0.0,2.0789,533.9782,0.5006,2.6753,1.3897,0.2046,4.2669,0.085,2.3449,0.2947,8.7073,3.4960000000000004,28.1237,0.1308,2.3991,0.6379,4.6983,0.7681,77.76,85.1551,0.0825,12.5063,32.1142,614.7755,24.7231,27.4366,6.0,91.6458,42.6692,0.0941,0.9971,1.1236,7.9713,0.9342,0.8572,0.2517,0.2304,0.2517,66.1561,2.9501,2.2157,106.2956,-1,2008-04-09 14:09:00
41.5401,5.0804,11.011,0.0105,9.5754,3.2710000000000004,2.9560000000000004,0.0,2.2431,532.5646,0.6727,2.0557,1.3897,0.1399,4.0224,0.1017,2.7395,1.138,8.7867,3.4960000000000004,23.7193,0.1342,2.3991,0.6379,4.6983,0.7681,76.15,85.1551,0.3883,12.4824,44.5033,613.1891,19.4891,37.5266,13.35,107.4022,42.6692,0.1268,0.9971,2.5067,30.7547,0.9295,0.8122,0.3377,0.2106,0.3376,66.3724,2.4036,4.0485,98.1133,-1,2008-04-09 14:11:00
8.539,7.7836,11.011,0.0187,9.5754,3.2710000000000004,2.833,0.0,2.2441,530.8818,0.5776,2.8903,1.3897,0.2261,3.9038,0.0263,2.1238,0.1814,9.22,3.4960000000000004,26.8806,0.1356,2.3991,0.6379,4.6983,0.7681,79.47,85.1551,0.0606,12.4773,31.769,615.4427,18.3927,30.0546,9.19,89.3751,42.6692,0.1177,0.9971,1.7311,17.7081,0.9277,0.2984,0.292,0.3181,0.292,67.1106,2.6255,2.8996,96.5556,-1,2008-04-09 14:48:00
13.2632,5.4363,11.011,0.0173,9.5754,3.2710000000000004,2.475,0.0,2.0062,534.2818,0.5006,2.6753,1.3897,0.2046,4.2669,0.0658,2.2407,0.2972,8.7073,3.4960000000000004,26.3291,0.1363,2.3991,0.6379,4.6983,0.7681,77.76,25.1494,0.0828,12.4614,28.6674,609.5373,24.7231,60.9664,8.54,91.6458,42.6692,0.0941,0.9971,1.5984,7.9713,0.9348,0.8572,0.2517,0.2304,0.2517,66.1561,2.9501,2.9134,106.2956,-1,2008-04-09 16:30:00
13.7375,8.4926,8.2385,0.0103,6.6867,3.218,3.478,0.0,1.8438,534.99,0.6734,2.0324,0.9656,0.2931,3.0278,0.0626,2.0051,0.2754,8.5615,3.946,25.1884,0.1304,2.4044,0.6519,3.0317,0.7435,79.0,25.1494,0.0939,12.4743,53.076,613.0527,19.1952,10.2028,8.54,63.5737,36.799,0.1294,0.9962,1.5963,20.9155,0.933,0.2509,0.34,0.2429,0.3401,66.1344,2.7544,2.8058,106.2089,-1,2008-04-09 16:41:00
8.539,7.4351,8.2385,0.0106,6.6867,3.218,3.07,0.0,2.2441,530.8818,0.6319,2.0324,0.9656,0.2996,3.0278,0.0263,2.1238,0.1814,8.3273,3.946,31.5545,0.1404,2.4044,0.6519,3.0317,0.7435,80.01,25.1494,0.0606,12.4773,200.823,620.6318,19.1952,37.5266,9.19,63.5737,36.799,0.1218,0.9962,1.7311,20.9155,0.9277,0.1796,0.3182,0.2945,0.3182,66.0203,2.7544,2.8996,106.2089,-1,2008-04-09 16:56:00
12.5432,10.146,8.2385,0.0186,6.6867,3.218,3.4619999999999997,0.0,2.0841,534.5745,0.7492,2.0324,0.9656,0.2593,3.0278,0.085,1.9791,0.2482,9.754,3.946,23.6548,0.1348,2.4044,0.6519,3.0317,0.7435,65.11,25.1494,0.0901,12.4755,44.1454,616.2891,19.1952,37.5266,9.7,63.5737,36.799,0.147,0.9962,1.8145,20.9155,0.9342,0.1407,0.3767,0.358,0.3767,66.5687,2.7544,3.2591,106.2089,-1,2008-04-09 17:30:00
8.5456,6.2963,8.2385,0.0155,6.6867,3.218,2.7960000000000003,0.0,117.6844,535.5664,0.6033,2.6062,0.9656,0.2292,3.9342,0.0658,1.9829,0.1694,8.5889,3.946,24.3769,0.1336,2.4044,0.6519,3.0317,0.7435,80.28,25.1494,0.0549,10.7151,35.5556,613.65,23.2007,27.533,7.02,67.6241,36.799,0.1279,0.9962,1.3108,17.1239,0.9348,0.1501,0.3029,0.2977,0.3028,65.8399,2.9523,2.5787,106.9089,-1,2008-05-09 15:30:00
8.8255,6.3622,8.4481,0.0148,8.1206,3.347,3.08,0.0,2.0841,533.8954,0.631,1.8988,1.1358,0.2408,4.1424,0.0272,2.0083,0.1772,9.6938,3.927,28.3642,0.1432,2.2177,0.6851,3.2398,0.7067,65.74,101.1981,0.0643,12.4755,40.6936,625.1182,20.9007,13.6884,8.71,60.1456,38.3494,0.1231,0.9972,1.6314,11.822,0.9242,0.2626,0.3178,0.3067,0.3178,66.5811,2.7133,3.0513,103.5789,-1,2008-05-09 21:48:00
15.3241,5.6384,12.3488,0.0125,5.6419,3.357,3.395,0.0,1.9968,534.15,0.7532,2.7721,1.3506,0.4121,5.0622,0.0662,2.3534,0.3606,8.8889,3.905,23.6314,0.1361,2.3793,0.6792,4.8268,0.7537,80.31,59.9813,0.1164,12.5202,59.3438,607.6045,21.6445,64.5713,8.42,98.4369,39.0873,0.1509,0.9976,1.5763,21.2297,0.9344,0.0399,0.3783,0.3682,0.3783,65.9099,2.3731,2.9357,106.6633,-1,2008-07-09 00:08:00
15.3241,7.4639,12.3488,0.0115,5.6419,3.357,3.395,0.0,1.9968,534.15,0.7532,2.7721,1.3506,0.4121,5.0622,0.0662,2.3534,0.3606,8.8889,3.905,26.1124,0.1328,2.3793,0.6792,4.8268,0.7537,80.31,59.9813,0.1164,12.5202,60.0791,612.7727,21.6445,64.5713,8.42,98.4369,39.0873,0.1509,0.9976,1.5763,21.2297,0.9344,0.0399,0.3783,0.3682,0.3783,65.9099,2.3731,2.9357,106.6633,-1,2008-07-09 00:12:00
15.3241,13.3974,12.3488,0.0146,5.6419,3.357,3.395,0.0,1.9968,534.15,0.7532,1.702,1.3506,0.4121,2.4619,0.0662,2.3534,0.3606,8.8889,3.905,23.7055,0.1375,2.3793,0.6792,4.8268,0.7537,80.31,59.9813,0.1164,12.5202,34.2688,607.8655,16.2841,9.6113,8.42,136.5272,39.0873,0.1509,0.9976,1.5763,18.6031,0.9344,0.0399,0.3783,0.3682,0.3783,65.9099,2.0184,2.9357,107.82,-1,2008-07-09 00:49:00
16.1417,6.5694,6.2714,0.0177,6.006,3.304,3.809,0.0,2.9363,534.2327,0.3404,2.2754,0.8433,0.3043,3.3104,0.1071,2.2409,0.3617,8.4855,3.796,26.7765,0.1388,2.4201,0.6676,2.4849,0.7879,77.89,59.9813,0.1036,12.601,78.8235,620.9945,22.8225,35.1945,5.84,75.2114,39.6225,0.0802,1.001,1.0932,8.5739,0.9304,0.2797,0.1714,0.3435,0.1714,65.5921,2.8489,2.0694,102.6711,-1,2008-07-09 10:52:00
20.1886,7.231,15.4205,0.0097,4.0626,3.852,3.009,0.0,3.4342,535.8591,0.4743,2.7721,1.8921,0.3136,5.0622,0.0656,2.3048,0.4653,8.2638,4.756,27.6476,0.1336,2.4073,0.9558,6.2744,0.7639,80.91,59.9813,0.121,12.5212,37.3333,617.3827,21.6445,64.5713,8.55,98.4369,40.6886,0.0925,0.9965,1.5956,21.2297,0.9332,0.1429,0.2393,0.3349,0.2393,65.9266,2.3731,3.0639,106.6633,-1,2008-07-09 12:04:00
12.3942,3.596,15.4205,0.0116,4.0626,3.852,3.142,0.0,2.0062,530.8573,0.8548,2.2904,1.8921,0.4231,2.5244,0.0658,2.2566,0.2797,9.3335,4.756,24.2157,0.1337,2.4073,0.9558,6.2744,0.7639,66.55,59.9813,0.0822,12.4614,33.9703,614.98,17.7471,48.9498,9.11,82.5545,40.6886,0.1628,0.9965,1.7161,22.0164,0.9348,0.2593,0.4311,0.3192,0.4311,66.5362,2.6438,3.232,103.9978,-1,2008-07-09 12:20:00
20.1886,6.8985,15.4205,0.016,4.0626,3.852,3.409,0.0,2.9363,535.8591,0.4139,1.702,1.8921,0.3363,2.4619,0.1071,2.3048,0.4653,8.2823,4.756,23.0469,0.1308,2.4073,0.9558,6.2744,0.7639,81.27,59.9813,0.121,12.601,69.5103,624.3436,16.2841,48.4814,8.55,136.5272,40.6886,0.0908,0.9965,1.5956,18.6031,0.9304,0.2279,0.2079,0.2841,0.2079,65.9427,2.0184,3.0639,107.82,-1,2008-07-09 13:02:00
19.8852,5.3999,6.2714,0.0169,6.006,3.304,2.957,0.0,1.3556,532.1391,0.7595,1.6745,0.8433,0.354,4.341,0.061,2.3488,0.4671,8.4896,3.796,30.3824,0.1353,2.4201,0.6676,2.4849,0.7879,78.04,59.9813,0.1555,12.5406,63.5579,614.3364,22.851,37.5266,9.44,112.7594,39.6225,0.1509,1.001,1.774,11.1693,0.9339,0.3041,0.3824,0.3505,0.3824,65.5737,2.728,3.0702,107.2622,-1,2008-07-09 18:02:00
17.2229,5.6555,15.4205,0.0132,4.0626,3.852,2.475,0.0,2.0796,533.2609,0.5006,1.9958,1.8921,0.2046,3.6535,0.085,2.3318,0.4016,8.7073,4.756,28.6157,0.1336,2.4073,0.9558,6.2744,0.7639,77.76,27.7705,0.1182,12.5027,30.2895,605.1855,20.0938,30.0546,6.55,115.4873,40.6886,0.0941,0.9965,1.2283,33.4292,0.9342,0.8572,0.2517,0.2304,0.2517,66.1561,2.9272,2.2791,104.6767,-1,2008-07-09 18:24:00
11.0714,7.0760000000000005,15.4205,0.0197,4.0626,3.852,3.409,0.0,2.9363,535.0991,0.4139,2.7721,1.8921,0.3363,5.0622,0.1071,2.1541,0.2385,8.2823,4.756,26.254,0.1272,2.4073,0.9558,6.2744,0.7639,81.27,23.3852,0.0751,12.601,47.36,621.9918,21.6445,64.5713,9.05,98.4369,40.6886,0.0908,0.9965,1.6913,21.2297,0.9304,0.2279,0.2079,0.2841,0.2079,65.9427,2.3731,3.2177,106.6633,-1,2008-07-09 18:49:00
13.5155,4.8457,15.4205,0.0131,4.0626,3.852,3.009,0.0,1.9174,535.9764,0.4743,1.702,1.8921,0.3136,2.4619,0.1047,2.6756,0.3616,8.2638,4.756,21.0858,0.131,2.4073,0.9558,6.2744,0.7639,80.91,23.3852,0.1038,12.5169,60.1002,622.7709,16.2841,9.6113,8.53,136.5272,40.6886,0.0925,0.9965,1.5915,18.6031,0.9308,0.1429,0.2393,0.3349,0.2393,65.9266,2.0184,2.9955,107.82,-1,2008-07-09 19:29:00
24.3097,8.0418,6.2714,0.0144,6.006,3.304,0.5441,0.0,2.1838,534.9691,0.4253,1.9958,0.8433,0.2771,3.6535,0.0824,2.3278,0.5659,8.7932,3.796,20.2515,0.136,2.4201,0.6676,2.4849,0.7879,2.126,23.3852,0.1566,12.3639,36.8825,611.8291,20.0938,50.2702,9.1,115.4873,39.6225,0.0908,1.001,1.7009999999999998,33.4292,0.9305,0.2136,0.214,0.2887,0.214,66.1703,2.9272,2.9013,104.6767,-1,2008-07-09 19:31:00
14.4883,5.1585,6.2714,0.0104,6.006,3.304,3.08,0.0,2.0062,530.1873,0.631,1.9958,0.8433,0.2408,3.6535,0.0658,2.2967,0.3327,9.6938,3.796,27.4408,0.1401,2.4201,0.6676,2.4849,0.7879,65.74,23.3852,0.1276,12.4614,35.2941,608.5273,20.0938,16.0601,11.28,115.4873,39.6225,0.1231,1.001,2.1276,33.4292,0.9348,0.2626,0.3178,0.3067,0.3178,66.5811,2.9272,4.0422,104.6767,-1,2008-07-09 20:12:00
19.766,6.4118,5.1068,0.017,5.0845,3.134,3.409,0.0,3.4342,535.3618,0.4139,2.1658,0.8456,0.3363,4.7513,0.0656,2.3768,0.4698,8.2823,3.877,21.9064,0.1279,2.3881,0.6629,2.2053,0.7954,81.27,23.3852,0.1352,12.5212,32.491,616.8382,14.3808,64.5713,9.7,127.3882,43.1835,0.0908,1.0,1.8119,32.5896,0.9332,0.2279,0.2079,0.2841,0.2079,65.9427,1.951,3.2554,104.3867,-1,2008-07-09 20:50:00
11.768,6.2816,11.2384,0.0217,2.8939999999999997,3.313,3.409,0.0,1.9174,536.6882,0.4139,1.702,1.3697,0.3363,2.4619,0.0401,2.1806,0.2566,8.2823,4.171,20.0429,0.1336,2.4214,0.7377,4.3062,0.7697,81.27,23.3852,0.0884,12.5169,53.6082,620.9591,16.2841,9.6113,6.58,136.5272,38.3168,0.0908,1.0,1.226,18.6031,0.9001,0.2279,0.2079,0.2841,0.2079,65.9427,2.0184,2.3367,107.82,-1,2008-07-09 23:33:00
10.2177,8.2175,11.2384,0.0167,2.8939999999999997,3.313,2.7960000000000003,0.0,1.7507,534.5309,0.6033,2.943,1.3697,0.2292,4.9176,0.0865,2.2417,0.2291,8.5889,4.171,20.9393,0.1308,2.4214,0.7377,4.3062,0.7697,80.28,45.7004,0.0753,12.5663,62.7054,615.8945,25.1291,64.5713,6.37,167.3837,38.3168,0.1279,1.0,1.1917,15.9373,0.9307,0.1501,0.3029,0.2977,0.3028,65.8399,3.3476,2.2433,106.8744,-1,2008-08-09 00:32:00
14.1105,9.7437,11.2384,0.0135,2.8939999999999997,3.313,2.404,0.0,2.7165,531.0464,0.7002,2.7698,1.3697,0.3588,2.4878,0.0865,2.3151,0.3267,8.7144,4.171,20.4859,0.1369999999999999,2.4214,0.7377,4.3062,0.7697,85.4,45.7004,0.0899,12.5163,94.8454,610.31,20.2254,35.7939,5.55,157.1256,38.3168,0.1381,1.0,1.0451,33.0414,0.9307,0.3269,0.3537,0.2915,0.3537,66.9173,3.1752,2.0059,104.9456,-1,2008-08-09 00:40:00
41.5401,7.593,11.2384,0.0163,2.8939999999999997,3.313,2.719,0.0,2.2431,532.5646,0.6136,1.6576,1.3697,0.2632,3.1197,0.1062,2.7395,1.138,9.1156,4.171,24.6239,0.1299,2.4214,0.7377,4.3062,0.7697,79.16,45.7004,0.3883,12.4824,80.4829,619.9473,16.7711,35.7939,13.35,72.0853,38.3168,0.1183,1.0,2.5067,23.4118,0.9299,0.2269999999999999,0.3099,0.3376,0.3099,67.0354,2.0645,4.0485,102.96,-1,2008-08-09 01:24:00
7.6425,11.0193,11.2384,0.0116,2.8939999999999997,3.313,6.215,0.0,2.1838,531.9818,0.6774,3.0436,1.3697,0.3228,3.4895,0.0658,2.407,0.184,9.7324,4.171,27.9576,0.1401,2.4214,0.7377,4.3062,0.7697,16.64,125.5354,0.0597,12.3639,85.8991,608.9991,19.9175,13.6884,6.34,278.8861,38.3168,0.1417,1.0,1.1918,102.5783,0.9348,0.1169,0.3412,0.3534,0.3412,66.6973,2.4593,2.2737,104.3711,-1,2008-08-09 03:32:00
12.3363,6.1979,11.2384,0.0121,2.8939999999999997,3.313,2.8089999999999997,0.0,1.8438,532.3936,0.6692,1.9958,1.3697,0.252,3.6535,0.0658,2.2964,0.2833,8.5855,4.171,26.063,0.1348,2.4214,0.7377,4.3062,0.7697,78.33,163.9998,0.0755,12.4743,35.2423,607.7591,20.0938,39.043,10.06,115.4873,38.3168,0.1458,1.0,1.8896,33.4292,0.9348,0.3289999999999999,0.3367,0.2387,0.3367,66.0928,2.9272,3.2322,104.6767,-1,2008-08-09 03:48:00
18.6723,4.963,6.2714,0.0159,6.006,3.304,3.3169999999999997,0.0,2.1593,536.01,0.3184,2.0324,0.8433,0.2454,3.0278,0.0626,2.135,0.3986,8.7696,3.796,26.2575,0.1404,2.4201,0.6676,2.4849,0.7879,76.61,163.9998,0.1109,12.5043,18.929,609.7955,19.1952,19.2616,9.5601,63.5737,39.6225,0.0669,1.001,1.7836,20.9155,0.933,0.7468,0.1596,0.2088,0.1596,66.4353,2.7544,3.3635,106.2089,-1,2008-08-09 04:21:00
8.539,6.3771,6.2714,0.0141,6.006,3.304,2.7960000000000003,0.0,2.7229,530.8818,0.6033,2.0324,0.8433,0.2292,3.0278,0.0868,2.1238,0.1814,8.5889,3.796,25.8083,0.1351,2.4201,0.6676,2.4849,0.7879,80.28,163.9998,0.0606,12.4867,31.7386,614.6836,19.1952,30.0546,9.19,63.5737,39.6225,0.1279,1.001,1.7311,20.9155,0.9296,0.1501,0.3029,0.2977,0.3028,65.8399,2.7544,2.8996,106.2089,-1,2008-08-09 06:37:00
10.8757,6.2891,11.2384,0.0164,2.8939999999999997,3.313,3.182,0.0,2.1596,531.2564,0.4453,2.2754,1.3697,0.1275,3.3104,0.1071,2.3999,0.261,8.8519,4.171,27.0478,0.1298,2.4214,0.7377,4.3062,0.7697,77.44,163.9998,0.072,12.502,48.1283,621.0273,22.8225,19.2616,11.93,75.2114,38.3168,0.1058,1.0,2.2456,8.5739,0.9304,0.8599,0.2235,0.2438,0.2235,66.1883,2.8489,4.0468,102.6711,-1,2008-08-09 07:14:00
15.0173,4.6772,6.2714,0.009,6.006,3.304,2.833,0.0,1.9156,537.86,0.5776,2.943,0.8433,0.2261,4.9176,0.1039,2.4783,0.3722,9.22,3.796,27.1912,0.1353,2.4201,0.6676,2.4849,0.7879,79.47,163.9998,0.121,12.5286,14.1113,619.1118,25.1291,10.8294,5.77,167.3837,39.6225,0.1177,1.001,1.0728,15.9373,0.9297,0.2984,0.292,0.3181,0.292,67.1106,3.3476,1.9771,106.8744,-1,2008-08-09 07:41:00
7.8563,4.8218,13.0775,0.0199,5.9201,3.359,3.147,0.0,2.0807,532.5973,0.6063,1.7714,1.2844,0.3002,4.8102,0.1071,2.3271,0.1828,8.3006,3.703,27.2716,0.1335,2.3805,0.6754,4.7882,0.8291,81.55,163.9998,0.0581,12.4959,25.2308,619.2855,25.0761,20.2987,9.02,99.4348,36.6141,0.1178,1.0,1.6936,11.9761,0.9304,0.2629,0.3051,0.3099,0.3051,65.9546,3.1921,3.1887,105.0478,-1,2008-08-09 18:46:00
13.5155,5.7716,13.0775,0.0145,5.9201,3.359,3.08,0.0,2.1596,535.9764,0.631,2.2754,1.2844,0.2408,3.3104,0.1039,2.6756,0.3616,9.6938,3.703,24.1465,0.1287,2.3805,0.6754,4.7882,0.8291,65.74,163.9998,0.1038,12.502,61.4439,621.7627,22.8225,72.9703,8.53,75.2114,36.6141,0.1231,1.0,1.5915,8.5739,0.9297,0.2626,0.3178,0.3067,0.3178,66.5811,2.8489,2.9955,102.6711,-1,2008-08-09 19:14:00
12.7505,4.49,13.0775,0.0109,5.9201,3.359,3.147,0.0,1.9965,536.6509,0.6063,1.7714,1.2844,0.3002,4.8102,0.0819,2.4087,0.3071,8.3006,3.703,26.0435,0.1328,2.3805,0.6754,4.7882,0.8291,81.55,163.9998,0.0862,12.522,37.7358,629.2245,25.0761,16.496,5.86,99.4348,36.6141,0.1178,1.0,1.092,11.9761,0.9267,0.2629,0.3051,0.3099,0.3051,65.9546,3.1921,2.1212,105.0478,-1,2008-08-09 19:15:00
15.3404,9.9278,13.0775,0.0194,5.9201,3.359,3.147,0.0,1.9177,535.3036,0.6063,2.9833,1.2844,0.3002,6.7512,0.1071,2.3086,0.3541,8.3006,3.703,28.1555,0.1272,2.3805,0.6754,4.7882,0.8291,81.55,163.9998,0.1137,12.5153,59.97,621.6682,36.4941,9.6113,8.3,161.67700000000002,36.6141,0.1178,1.0,1.5505,84.4272,0.9304,0.2629,0.3051,0.3099,0.3051,65.9546,4.4792,2.7097,103.7878,-1,2008-08-09 19:25:00
13.7963,5.8414,13.0775,0.0167,5.9201,3.359,3.147,0.0,2.0686,533.9909,0.6063,1.7714,1.2844,0.3002,4.8102,0.0819,2.2169,0.3058,8.3006,3.703,22.8899,0.1336,2.3805,0.6754,4.7882,0.8291,81.55,19.0852,0.1087,12.5688,43.1206,633.63,25.0761,29.6822,8.91,99.4348,36.6141,0.1178,1.0,1.6686,11.9761,0.9267,0.2629,0.3051,0.3099,0.3051,65.9546,3.1921,3.0269999999999997,105.0478,-1,2008-08-09 19:33:00
18.6723,6.9587,11.2384,0.0086,2.8939999999999997,3.313,2.475,0.0,2.3861,536.01,0.5006,2.0324,1.3697,0.2046,3.0278,0.0868,2.135,0.3986,8.7073,4.171,24.7587,0.1332,2.4214,0.7377,4.3062,0.7697,77.76,51.5472,0.1109,12.5731,57.7947,609.1327,19.1952,30.0546,9.5601,63.5737,38.3168,0.0941,1.0,1.7836,20.9155,0.9296,0.8572,0.2517,0.2304,0.2517,66.1561,2.7544,3.3635,106.2089,-1,2008-08-09 20:00:00
10.8757,4.3599,10.5391,0.0119,7.4085,3.247,3.674,0.0,1.9174,531.2564,0.6002,1.7714,1.3999,0.3283,4.8102,0.1047,2.3999,0.261,8.5407,3.797,28.7752,0.1415,2.4284,0.6779999999999999,4.3066,0.7488,80.93,51.5472,0.072,12.5169,103.2609,620.2036,25.0761,20.2987,11.93,99.4348,40.8631,0.115,1.001,2.2456,11.9761,0.9308,0.2217,0.3023,0.305,0.3023,65.9873,3.1921,4.0468,105.0478,-1,2008-08-09 21:36:00
11.768,4.8576,10.5391,0.0151,7.4085,3.247,3.009,0.0,3.2709,536.6882,0.4743,1.8271,1.3999,0.3136,3.9098,0.0685,2.1806,0.2566,8.2638,3.797,28.2203,0.131,2.4284,0.6779999999999999,4.3066,0.7488,80.91,51.5472,0.0884,12.5347,57.8313,602.7573,21.8805,67.3027,6.58,53.7682,40.8631,0.0925,1.001,1.226,10.6665,0.9353,0.1429,0.2393,0.3349,0.2393,65.9266,2.7579,2.3367,106.4944,-1,2008-08-09 21:53:00
15.3241,7.1603,13.0775,0.0176,5.9201,3.359,3.287,0.0,4.3206,534.15,0.8568,1.7714,1.2844,0.3873,4.8102,0.0662,2.3534,0.3606,8.3006,3.703,26.0194,0.1448,2.3805,0.6754,4.7882,0.8291,80.55,51.5472,0.1164,12.4982,87.7583,603.6964,25.0761,9.6113,8.42,99.4348,36.6141,0.1865,1.0,1.5763,11.9761,0.9344,0.1712,0.4315,0.3307,0.4315,65.9432,3.1921,2.9357,105.0478,-1,2008-08-09 22:17:00
16.1391,7.2471,6.2714,0.0128,6.006,3.304,3.4619999999999997,0.0,2.7165,533.2545,0.7492,3.0436,0.8433,0.2593,3.4895,0.0865,2.3218,0.3747,9.754,3.796,21.4549,0.1256,2.4201,0.6676,2.4849,0.7879,65.11,51.5472,0.1121,12.5163,206.2222,609.5964,19.9175,12.6939,7.0699,278.8861,39.6225,0.147,1.001,1.3258,102.5783,0.9307,0.1407,0.3767,0.358,0.3767,66.5687,2.4593,2.2791,104.3711,-1,2008-09-09 00:25:00
10.8757,4.879,13.0775,0.0118,5.9201,3.359,4.022,0.0,2.1596,531.2564,0.4172,2.7721,1.2844,0.2381,5.0622,0.1047,2.3999,0.261,8.5003,3.703,26.3681,0.1348,2.3805,0.6754,4.7882,0.8291,79.53,51.5472,0.072,12.502,52.5469,621.2945,21.6445,19.2616,11.93,98.4369,36.6141,0.0927,1.0,2.2456,21.2297,0.9308,0.1522,0.2104,0.3131,0.2104,65.8981,2.3731,4.0468,106.6633,-1,2008-09-09 03:53:00
8.5456,6.41,11.2384,0.0146,2.8939999999999997,3.313,2.7960000000000003,0.0,2.1838,535.5664,0.6033,1.5519999999999998,1.3697,0.2292,1.7349,0.0658,1.9829,0.1694,8.5889,4.171,25.8412,0.1388,2.4214,0.7377,4.3062,0.7697,80.28,51.5472,0.0549,12.3639,31.5789,612.0836,15.5954,35.7939,7.02,95.3212,38.3168,0.1279,1.0,1.3108,25.0895,0.9348,0.1501,0.3029,0.2977,0.3028,65.8399,1.7814,2.5787,102.4089,-1,2008-09-09 08:44:00
12.7505,4.4853,10.6182,0.0181,3.8469,3.215,3.147,0.0,1.9965,536.6509,0.6063,2.3103,1.3047,0.3002,3.5413,0.0615,2.4087,0.3071,8.3006,4.666,23.9437,0.1336,2.3207,0.7879999999999999,4.1829,0.8216,81.55,46.1016,0.0862,12.522,35.1931,607.9973,17.5607,65.7472,5.86,136.0083,39.3938,0.1178,0.997,1.092,40.8872,0.9339,0.2629,0.3051,0.3099,0.3051,65.9546,2.4473,2.1212,105.7411,-1,2008-10-09 07:26:00
14.0763,7.4204,10.6182,0.0082,3.8469,3.215,2.849,0.0,2.3984,533.64,0.4515,2.1101,1.3047,0.407,4.5208,0.0656,2.3592,0.3321,8.5596,4.666,23.9136,0.1448,2.3207,0.7879999999999999,4.1829,0.8216,79.71,21.0599,0.0963,12.5084,65.7224,615.3527,20.9062,22.5198,10.52,237.2668,39.3938,0.0921,0.997,1.9714,56.5322,0.9332,0.098,0.2275,0.2756,0.2275,66.0405,2.5705,3.9085,107.1522,-1,2008-10-09 09:21:00
16.6894,6.1799,10.6182,0.0111,3.8469,3.215,2.653,0.0,1.6761,535.0509,0.821,2.9261,1.3047,0.2179,4.0694,0.0622,1.6984,0.2835,8.6074,4.666,23.5298,0.127,2.3207,0.7879999999999999,4.1829,0.8216,78.49,21.0599,0.0854,12.5288,59.2593,602.5245,20.2182,33.5395,7.71,171.8291,39.3938,0.168,0.997,1.4409999999999998,47.8035,0.935,0.2577,0.4131,0.2965,0.4131,65.8516,2.5117,2.7384,105.9011,-1,2008-10-09 20:52:00
24.5216,8.5892,4.5757,0.0136,7.6461,3.238,3.147,0.0,1.9965,533.6536,0.6063,1.7311,0.6262,0.3002,3.3775,0.0819,2.1648,0.5308,8.3006,4.796,30.9212,0.1326,2.3275,0.7833,1.7356,0.7447,81.55,21.0599,0.1414,12.522,69.4476,626.0473,19.0307,17.2789,10.37,85.0393,37.9309,0.1178,0.9957,1.9432,8.0907,0.9267,0.2629,0.3051,0.3099,0.3051,65.9546,2.3521,3.5821,104.0133,-1,2008-10-09 20:53:00
13.3368,6.421,10.6182,0.0181,3.8469,3.215,3.3310000000000004,0.0,1.9965,535.7755,0.5651,2.1101,1.3047,0.2401,4.5208,0.0685,2.2816,0.3043,8.5801,4.666,29.2883,0.1322,2.3207,0.7879999999999999,4.1829,0.8216,79.31,21.0599,0.098,12.522,64.4362,600.9945,20.9062,17.8464,10.58,237.2668,39.3938,0.1036,0.997,1.9747,56.5322,0.9353,0.203,0.2842,0.3668,0.2843,65.8602,2.5705,3.806,107.1522,-1,2008-10-09 21:56:00
10.6737,6.8579,10.6182,0.0144,3.8469,3.215,3.074,0.0,2.1774,538.4991,0.6884,2.3103,1.3047,0.2805,3.5413,0.0622,2.2135,0.2363,8.3179,4.666,26.6104,0.1291,2.3207,0.7879999999999999,4.1829,0.8216,81.06,21.0599,0.0788,12.4002,48.0874,597.5827,17.5607,29.0041,8.72,136.0083,39.3938,0.1335,0.997,1.6193,40.8872,0.935,0.2365,0.3462,0.2688,0.3463,66.0583,2.4473,3.1199,105.7411,-1,2008-10-09 23:30:00
10.6737,8.6037,10.6182,0.0086,3.8469,3.215,2.7960000000000003,0.0,2.1774,538.4991,0.6033,3.0985,1.3047,0.2292,2.487,0.1044,2.2135,0.2363,8.5889,4.666,26.1208,0.1308,2.3207,0.7879999999999999,4.1829,0.8216,80.28,21.0599,0.0788,12.4002,37.0861,608.2536,14.3746,62.8508,8.72,107.473,39.3938,0.1279,0.997,1.6193,26.3684,0.9327,0.1501,0.3029,0.2977,0.3028,65.8399,1.7105,3.1199,104.2622,-1,2008-10-09 23:43:00
12.7505,5.9375,4.5757,0.0143,7.6461,3.238,3.074,0.0,1.4451,536.6509,0.6884,2.3103,0.6262,0.2805,3.5413,0.0621,2.4087,0.3071,8.3179,4.796,22.8282,0.1415,2.3275,0.7833,1.7356,0.7447,81.06,21.0599,0.0862,12.4561,27.0833,607.2564,17.5607,11.2186,5.86,136.0083,37.9309,0.1335,0.9957,1.092,40.8872,0.9336,0.2365,0.3462,0.2688,0.3463,66.0583,2.4473,2.1212,105.7411,-1,2008-11-09 00:17:00
18.8079,5.801,10.9625,0.0222,4.8927,3.6010000000000004,3.009,0.0,2.3243,534.0891,0.4743,0.9766,1.6235,0.3136,4.0577,0.0685,2.1926,0.4124,8.2638,5.244,25.4759,0.13,2.3481,0.9524,4.5759,0.7308,80.91,21.0599,0.1095,12.4769,46.0028,603.1855,17.0119,8.4661,9.81,87.0504,41.7414,0.0925,0.9973,1.8368,30.38,0.9353,0.1429,0.2393,0.3349,0.2393,65.9266,1.9623,3.5109,100.9256,-1,2008-11-09 05:20:00
12.1186,5.2906,4.5757,0.0208,7.6461,3.238,3.3310000000000004,0.0,1.7587,532.5573,0.5651,2.3103,0.6262,0.2401,3.5413,0.0633,2.1761,0.2637,8.5801,4.796,25.7696,0.1289,2.3275,0.7833,1.7356,0.7447,79.31,21.0599,0.0772,12.5096,56.4516,614.7909,17.5607,11.2186,13.35,136.0083,37.9309,0.1036,0.9957,2.5068,40.8872,0.9311,0.203,0.2842,0.3668,0.2843,65.8602,2.4473,4.874,105.7411,-1,2008-11-09 06:04:00
14.3891,3.8475,10.6182,0.0172,3.8469,3.215,3.147,0.0,1.9177,535.4918,0.6063,1.8271,1.3047,0.3002,3.9098,0.1047,2.2717,0.3269,8.3006,4.666,29.0083,0.1453,2.3207,0.7879999999999999,4.1829,0.8216,81.55,21.0599,0.0901,12.5153,73.2943,622.94,21.8805,15.5386,6.56,53.7682,39.3938,0.1178,0.997,1.225,10.6665,0.9308,0.2629,0.3051,0.3099,0.3051,65.9546,2.7579,2.0663,106.4944,-1,2008-11-09 07:43:00
12.7505,6.0985,4.5757,0.0158,7.6461,3.238,3.5269999999999997,0.0,1.9965,536.6509,0.5244,2.3103,0.6262,0.2739,3.5413,0.0615,2.4087,0.3071,8.2395,4.796,20.8541,0.1307,2.3275,0.7833,1.7356,0.7447,80.93,21.0599,0.0862,12.522,52.3364,603.3855,17.5607,13.7196,5.86,136.0083,37.9309,0.1148,0.9957,1.092,40.8872,0.9339,0.2008,0.264,0.3116,0.264,65.9946,2.4473,2.1212,105.7411,-1,2008-11-09 08:06:00
18.4445,7.6915,4.5757,0.0095,7.6461,3.238,2.653,0.0,1.6761,533.3882,0.821,2.9261,0.6262,0.2179,4.0694,0.0631,2.3461,0.4327,8.6074,4.796,31.3776,0.1286,2.3275,0.7833,1.7356,0.7447,78.49,21.0599,0.1285,12.5288,37.1553,609.0964,20.2182,18.4161,8.63,171.8291,37.9309,0.168,0.9957,1.618,47.8035,0.9353,0.2577,0.4131,0.2965,0.4131,65.8516,2.5117,3.0837,105.9011,-1,2008-11-09 08:58:00
10.8262,6.5857,10.6182,0.0121,3.8469,3.215,3.074,0.0,1.4451,535.6282,0.6884,1.7311,1.3047,0.2805,3.3775,0.0621,2.2411,0.2426,8.3179,4.666,26.114,0.1272,2.3207,0.7879999999999999,4.1829,0.8216,81.06,21.0599,0.0689,12.4561,47.5034,607.8209,19.0307,20.1929,9.11,85.0393,39.3938,0.1335,0.997,1.7008,8.0907,0.9336,0.2365,0.3462,0.2688,0.3463,66.0583,2.3521,3.0971,104.0133,-1,2008-11-09 09:24:00
15.3241,6.4754,10.9625,0.0125,4.8927,3.6010000000000004,3.287,0.0,4.3206,534.15,0.8568,1.7311,1.6235,0.3873,3.3775,0.0662,2.3534,0.3606,8.3006,5.244,23.7598,0.1328,2.3481,0.9524,4.5759,0.7308,80.55,21.0599,0.1164,12.4982,41.8919,604.4609,19.0307,64.7578,8.42,85.0393,41.7414,0.1865,0.9973,1.5763,8.0907,0.9344,0.1712,0.4315,0.3307,0.4315,65.9432,2.3521,2.9357,104.0133,-1,2008-11-09 12:47:00
10.8262,7.8219,10.9625,0.0194,4.8927,3.6010000000000004,2.133,0.0,2.3243,535.6282,0.5875,2.6022,1.6235,0.1698,2.6363,0.0621,2.2411,0.2426,8.8424,5.244,21.725,0.131,2.3481,0.9524,4.5759,0.7308,3.625,21.0599,0.0689,12.4769,44.1219,607.15,16.4241,46.7185,9.11,187.0482,41.7414,0.1131,0.9973,1.7008,25.2106,0.9336,0.8808,0.2942,0.2332,0.2941,66.1354,2.3235,3.0971,100.1744,-1,2008-11-09 13:36:00
9.617,9.243,17.4192,0.0141,3.2514,3.2769999999999997,4.022,0.0,2.8960000000000004,532.8364,0.4172,2.6762,2.4282,0.2381,3.8274,0.0653,1.6423,0.1579,8.5003,4.024,26.0981,0.1348,2.3907,0.6766,7.1243,0.8692,79.53,25.99,0.0485,12.4308,59.9034,621.6736,16.5469,10.8507,11.81,106.4054,40.8991,0.0927,1.003,2.2164,23.3882,0.9348,0.1522,0.2104,0.3131,0.2104,65.8981,2.2978,3.9963,98.5822,-1,2008-11-09 14:20:00
17.6552,3.2727,17.4192,0.0153,3.2514,3.2769999999999997,3.33,0.0,1.7692,534.1482,0.5875,2.6762,2.4282,0.3289999999999999,3.8274,0.0871,1.6633,0.2937,8.8836,4.024,21.7593,0.1368,2.3907,0.6766,7.1243,0.8692,79.35,25.99,0.0853,12.4349,24.101999999999997,614.2282,16.5469,56.0228,10.92,106.4054,40.8991,0.1225,1.003,2.0444,23.3882,0.9215,0.1162,0.2943,0.3564,0.2943,65.9357,2.2978,3.7983,98.5822,-1,2008-11-09 14:24:00
10.9358,6.5354,10.6182,0.0252,3.8469,3.215,3.074,0.0,1.4451,537.52,0.6884,1.7311,1.3047,0.2805,3.3775,0.0621,1.7312,0.1893,8.3179,4.666,19.545,0.1282,2.3207,0.7879999999999999,4.1829,0.8216,81.06,25.99,0.0653,12.4561,43.3018,614.4182,19.0307,13.9135,10.44,85.0393,39.3938,0.1335,0.997,1.9423,8.0907,0.9336,0.2365,0.3462,0.2688,0.3463,66.0583,2.3521,3.7662,104.0133,-1,2008-11-09 14:31:00
16.9748,6.7805,10.9625,0.0142,4.8927,3.6010000000000004,3.009,0.0,1.4451,540.1218,0.4743,2.3243,1.6235,0.3136,4.1949,0.0751,1.7997,0.3055,8.2638,5.244,22.5295,0.131,2.3481,0.9524,4.5759,0.7308,80.91,25.99,0.0839,12.4561,72.0627,608.7455,14.8748,79.1805,6.87,150.9729,41.7414,0.0925,0.9973,1.2719,32.2042,0.933,0.1429,0.2393,0.3349,0.2393,65.9266,1.7884,2.4142,106.0733,-1,2008-11-09 15:05:00
16.9748,8.2318,17.4192,0.0115,3.2514,3.2769999999999997,2.849,0.0,2.3243,540.1218,0.4515,2.3243,2.4282,0.407,4.1949,0.0751,1.7997,0.3055,8.5596,4.024,24.9344,0.1279,2.3907,0.6766,7.1243,0.8692,79.71,33.109,0.0839,12.4769,49.8778,605.6191,14.8748,12.7743,6.87,150.9729,40.8991,0.0921,1.003,1.2719,32.2042,0.933,0.098,0.2275,0.2756,0.2275,66.0405,1.7884,2.4142,106.0733,-1,2008-11-09 15:08:00
15.3241,9.1554,10.9625,0.0144,4.8927,3.6010000000000004,3.287,0.0,1.4451,534.15,0.8568,2.3243,1.6235,0.3873,4.1949,0.0662,2.3534,0.3606,8.3006,5.244,22.7626,0.1284,2.3481,0.9524,4.5759,0.7308,80.55,33.109,0.1164,12.4561,33.9223,602.2455,14.8748,13.9095,8.42,150.9729,41.7414,0.1865,0.9973,1.5763,32.2042,0.9344,0.1712,0.4315,0.3307,0.4315,65.9432,1.7884,2.9357,106.0733,-1,2008-11-09 16:28:00
11.768,5.2171,4.5757,0.0124,7.6461,3.238,3.3310000000000004,0.0,1.5916,536.6882,0.5651,2.1101,0.6262,0.2401,4.5208,0.0685,2.1806,0.2566,8.5801,4.796,29.6525,0.1448,2.3275,0.7833,1.7356,0.7447,79.31,33.109,0.0884,12.5657,70.9141,599.4918,20.9062,17.0256,6.58,237.2668,37.9309,0.1036,0.9957,1.226,56.5322,0.9353,0.203,0.2842,0.3668,0.2843,65.8602,2.5705,2.3367,107.1522,-1,2008-11-09 21:13:00
23.3488,4.3655,10.6182,0.0099,3.8469,3.215,2.653,0.0,2.3899,533.3382,0.821,3.0985,1.3047,0.2179,2.487,0.1044,2.4033,0.5611,8.6074,4.666,25.9831,0.127,2.3207,0.7879999999999999,4.1829,0.8216,78.49,66.1687,0.1642,12.5531,37.1184,616.6045,14.3746,14.6843,9.43,107.473,39.3938,0.168,0.997,1.7681,26.3684,0.9327,0.2577,0.4131,0.2965,0.4131,65.8516,1.7105,3.4173,104.2622,1,2008-11-09 22:07:00
16.6009,4.1612,17.4192,0.0097,3.2514,3.2769999999999997,3.4619999999999997,0.0,1.9965,529.9273,0.7492,2.6022,2.4282,0.2593,2.6363,0.0819,2.3342,0.3875,9.754,4.024,28.9348,0.1404,2.3907,0.6766,7.1243,0.8692,65.11,66.1687,0.1178,12.522,35.1852,629.2173,16.4241,30.8742,9.5,187.0482,40.8991,0.147,1.003,1.7927,25.2106,0.9267,0.1407,0.3767,0.358,0.3767,66.5687,2.3235,3.4972,100.1744,-1,2008-11-09 23:10:00
23.3488,5.6009,4.5757,0.0346,7.6461,3.238,2.475,0.0,2.1774,533.3382,0.5006,2.3103,0.6262,0.2046,3.5413,0.1044,2.4033,0.5611,8.7073,4.796,25.4819,0.1448,2.3275,0.7833,1.7356,0.7447,77.76,66.1687,0.1642,12.4002,45.4545,613.2036,17.5607,11.2186,9.43,136.0083,37.9309,0.0941,0.9957,1.7681,40.8872,0.9327,0.8572,0.2517,0.2304,0.2517,66.1561,2.4473,3.4173,105.7411,1,2008-11-09 23:48:00
23.3488,6.1374,10.7691,0.0095,5.545,3.232,2.475,0.0,2.7676,533.3382,0.5006,2.4688,1.3004,0.2046,3.61,0.1044,2.4033,0.5611,8.7073,4.44,25.0963,0.1364,2.3499,0.7635,4.2578,0.6847,77.76,187.0796,0.1642,12.6465,73.9181,614.1945,18.2048,14.4661,9.43,238.0805,39.537,0.0941,0.9988,1.7681,34.7727,0.9327,0.8572,0.2517,0.2304,0.2517,66.1561,2.1188,3.4173,97.7622,-1,2008-12-09 05:11:00
12.6164,5.6564,5.7115,0.0098,4.3765,3.3110000000000004,2.8169999999999997,0.0,2.1563,532.2855,0.6709,2.4688,0.8649,0.2298,3.61,0.0615,2.2181,0.2798,8.5862,4.633,23.8478,0.1282,2.3331,0.7892,2.3264,0.6879,80.26,187.0796,0.0887,12.5216,41.7391,604.56,18.2048,34.3026,6.86,238.0805,40.732,0.1464,0.9983,1.2888,34.7727,0.9339,0.3795,0.3387,0.4159,0.3387,66.2443,2.1188,2.3387,97.7622,-1,2008-12-09 05:55:00
16.6894,9.9444,10.7691,0.0135,5.545,3.232,3.134,0.0,1.5317,535.0509,0.3961,2.514,1.3004,0.3148,4.3082,0.0622,1.6984,0.2835,8.441,4.44,22.1659,0.1398,2.3499,0.7635,4.2578,0.6847,78.63,187.0796,0.0854,12.4049,48.32899999999999,612.88,28.0614,15.9183,7.71,152.7782,39.537,0.0844,0.9988,1.4409999999999998,9.9768,0.935,0.1976,0.1995,0.2616,0.1995,65.5794,3.5575,2.7384,96.77,-1,2008-12-09 06:38:00
15.9851,7.6829,5.7115,0.0193,4.3765,3.3110000000000004,0.5441,0.0,2.0841,536.4418,0.4253,2.6062,0.8649,0.2771,3.9342,0.0868,1.9814,0.3167,8.7932,4.633,22.7283,0.1274,2.3331,0.7892,2.3264,0.6879,2.126,187.0796,0.0844,12.4755,45.9372,619.8009,23.2007,37.5266,7.6801,67.6241,40.732,0.0908,0.9983,1.4317,17.1239,0.9296,0.2136,0.214,0.2887,0.214,66.1703,2.9523,2.8315,106.9089,-1,2008-12-09 06:41:00
17.6552,4.7399,10.7691,0.015,5.545,3.232,2.951,0.0,1.7692,534.1482,0.8492,2.4688,1.3004,0.2872,3.61,0.086,1.6633,0.2937,8.572000000000001,4.44,24.3304,0.1322,2.3499,0.7635,4.2578,0.6847,79.38,187.0796,0.0853,12.4349,46.9861,625.2027,18.2048,42.8218,10.92,238.0805,39.537,0.1615,0.9988,2.0444,34.7727,0.9242,0.172,0.4274,0.31,0.4273,65.8501,2.1188,3.7983,97.7622,-1,2008-12-09 06:45:00
17.6552,4.3922,7.2132,0.011,3.7342,3.215,2.903,0.0,1.7692,534.1482,0.6061,2.6762,0.9095,0.3004,3.8274,0.086,1.6633,0.2937,8.3331,4.754,23.6041,0.1356,2.349,0.8069,2.7299,0.6697,80.71,22.7661,0.0853,12.4349,41.9175,620.8736,16.5469,26.2581,10.92,106.4054,37.8457,0.1253,0.996,2.0444,23.3882,0.9242,0.1986,0.3052,0.2923,0.3052,65.8599,2.2978,3.7983,98.5822,-1,2008-12-09 07:21:00
12.7505,5.0629,7.2132,0.0117,3.7342,3.215,3.287,0.0,1.4451,536.6509,0.8568,3.7392,0.9095,0.3873,3.6781,0.0615,2.4087,0.3071,8.3006,4.754,21.2935,0.1362,2.349,0.8069,2.7299,0.6697,80.55,22.7661,0.0862,12.4561,44.0461,612.1618,23.3246,20.9548,5.86,348.041,37.8457,0.1865,0.996,1.092,44.0828,0.9339,0.1712,0.4315,0.3307,0.4315,65.9432,3.1117,2.1212,95.9222,-1,2008-12-09 07:29:00
16.6976,4.6652,10.7691,0.0155,5.545,3.232,2.8169999999999997,0.0,1.9965,529.6845,0.6709,2.6085,1.3004,0.2298,4.3985,0.0819,2.35,0.3924,8.5862,4.44,31.4849,0.1332,2.3499,0.7635,4.2578,0.6847,80.26,22.7661,0.1306,12.522,45.9459,629.0055,15.8432,79.1805,9.03,146.3067,39.537,0.1464,0.9988,1.7048,24.7672,0.9267,0.3795,0.3387,0.4159,0.3387,66.2443,1.9463,3.1569,105.17,-1,2008-12-09 07:38:00
17.6552,5.9842,10.7691,0.0124,5.545,3.232,3.675,0.0,5.4411,534.1482,0.4241,3.7392,1.3004,0.2591,3.6781,0.086,1.6633,0.2937,8.2981,4.44,14.0352,0.1299,2.3499,0.7635,4.2578,0.6847,80.57,22.7661,0.0853,12.1298,62.5938,628.4936,23.3246,37.3218,10.92,348.041,39.537,0.0862,0.9988,2.0444,44.0828,0.9242,0.1184,0.2147,0.3233,0.2148,65.9373,3.1117,3.7983,95.9222,-1,2008-12-09 11:57:00
10.6737,6.7038,7.2132,0.0154,3.7342,3.215,3.674,0.0,2.8960000000000004,538.4991,0.6002,1.3562,0.9095,0.3283,2.9209,0.0662,2.2135,0.2363,8.5407,4.754,22.1064,0.1403,2.349,0.8069,2.7299,0.6697,80.93,22.7661,0.0788,12.4308,68.2667,605.2627,18.7895,39.4945,8.72,104.4346,37.8457,0.115,0.996,1.6193,12.017,0.9344,0.2217,0.3023,0.305,0.3023,65.9873,2.4011,3.1199,99.0344,-1,2008-12-09 13:08:00
10.6737,5.772,5.7115,0.0096,4.3765,3.3110000000000004,2.903,0.0,1.5317,538.4991,0.6061,2.4688,0.8649,0.3004,3.61,0.1141,2.2135,0.2363,8.3331,4.633,24.6507,0.1308,2.3331,0.7892,2.3264,0.6879,80.71,59.2045,0.0788,12.4049,57.2263,616.6082,18.2048,17.4932,8.72,238.0805,40.732,0.1253,0.9983,1.6193,34.7727,0.9327,0.1986,0.3052,0.2923,0.3052,65.8599,2.1188,3.1199,97.7622,-1,2008-12-09 14:52:00
17.6552,4.1934,7.2132,0.0114,3.7342,3.215,3.009,0.0,1.7692,534.1482,0.4743,1.3562,0.9095,0.3136,2.9209,0.1038,1.6633,0.2937,8.2638,4.754,23.0962,0.1289,2.349,0.8069,2.7299,0.6697,80.91,59.2045,0.0853,12.4349,59.1133,628.8145,18.7895,39.4945,10.92,104.4346,37.8457,0.0925,0.996,2.0444,12.017,0.9295,0.1429,0.2393,0.3349,0.2393,65.9266,2.4011,3.7983,99.0344,-1,2008-12-09 15:40:00
23.3488,4.672,7.2132,0.016,3.7342,3.215,3.074,0.0,2.3899,533.3382,0.6541,3.7392,0.9095,0.17,3.6781,0.1044,2.4033,0.5611,8.897,4.754,27.8925,0.1328,2.349,0.8069,2.7299,0.6697,78.29,59.2045,0.1642,12.5531,42.6288,620.2036,23.3246,28.8302,9.43,348.041,37.8457,0.1295,0.996,1.7681,44.0828,0.9327,0.8123,0.3279999999999999,0.2903,0.3279999999999999,66.2412,3.1117,3.4173,95.9222,-1,2008-12-09 16:23:00
12.7505,5.5958,5.7115,0.0128,4.3765,3.3110000000000004,3.5269999999999997,0.0,1.4451,536.6509,0.5244,3.7392,0.8649,0.2739,3.6781,0.0621,2.4087,0.3071,8.2395,4.633,23.1136,0.1317,2.3331,0.7892,2.3264,0.6879,80.93,62.3602,0.0862,12.4561,58.5366,606.3127,23.3246,11.8946,5.86,348.041,40.732,0.1148,0.9983,1.092,44.0828,0.9336,0.2008,0.264,0.3116,0.264,65.9946,3.1117,2.1212,95.9222,-1,2008-12-09 18:01:00
10.8262,5.1379,5.7115,0.0119,4.3765,3.3110000000000004,3.5269999999999997,0.0,1.4451,535.6282,0.5244,2.8257,0.8649,0.2739,2.7421,0.0621,2.2411,0.2426,8.2395,4.633,23.4987,0.1307,2.3331,0.7892,2.3264,0.6879,80.93,62.3602,0.0689,12.4561,19.6721,610.4427,17.4233,14.546,9.11,539.0096,40.732,0.1148,0.9983,1.7008,40.5482,0.9336,0.2008,0.264,0.3116,0.264,65.9946,2.2945,3.0971,90.4933,-1,2008-12-09 18:52:00
10.6739,4.8167,14.2688,0.0093,6.4202,3.222,3.5269999999999997,0.0,1.7525,534.8373,0.5244,1.1262,1.8643,0.2739,2.782,0.0621,2.4114,0.2574,8.2395,4.853,20.8256,0.141,2.3124,0.7699,5.6792,0.7402,80.93,62.3602,0.0809,12.5535,29.6984,606.7773,16.6597,24.7203,9.91,80.0542,39.8014,0.1148,0.9992,1.8529,26.3461,0.9336,0.2008,0.264,0.3116,0.264,65.9946,2.0269999999999997,3.5688,88.0444,-1,2008-12-09 19:36:00
12.7241,5.2422,14.2688,0.0073,6.4202,3.222,3.515,0.0,2.536,533.6364,0.8385,1.9866,1.8643,0.0846,3.3812,0.0909,2.2904,0.2914,8.6706,4.853,26.26145,0.1335,2.3124,0.7699,5.6792,0.7402,77.84,62.3602,0.1056,12.6184,50.8235,619.0327,21.3926,14.896,13.09,308.498,39.8014,0.1608,0.9992,2.4530000000000003,26.436,0.9272,0.9501,0.4189,0.2996,0.4189,65.8977,2.9999,4.4838,97.5822,-1,2008-12-09 20:28:00
14.0116,4.282,5.7115,0.0129,4.3765,3.3110000000000004,3.074,0.0,2.1563,534.6691,0.6884,2.6085,0.8649,0.2805,4.3985,0.087,2.1795,0.3054,8.3179,4.633,27.2003,0.1308,2.3331,0.7892,2.3264,0.6879,81.06,17.3775,0.0952,12.5216,75.2656,624.4691,15.8432,13.4294,9.5099,146.3067,40.732,0.1335,0.9983,1.7787,24.7672,0.9288,0.2365,0.3462,0.2688,0.3463,66.0583,1.9463,3.4888,105.17,-1,2008-12-09 21:12:00
12.7505,6.6146,5.7115,0.0392,4.3765,3.3110000000000004,3.5269999999999997,0.0,1.4451,536.6509,0.5244,2.8257,0.8649,0.2739,2.7421,0.0621,2.4087,0.3071,8.2395,4.633,23.6254,0.1334,2.3331,0.7892,2.3264,0.6879,80.93,17.3775,0.0862,12.4561,37.3464,604.5945,17.4233,11.8946,5.86,539.0096,40.732,0.1148,0.9983,1.092,40.5482,0.9336,0.2008,0.264,0.3116,0.264,65.9946,2.2945,2.1212,90.4933,-1,2008-12-09 22:25:00
15.6008,5.6037,7.2132,0.0124,3.7342,3.215,3.287,0.0,1.4451,532.6945,0.8568,3.2263,0.9095,0.3873,4.4042,0.0662,2.2425,0.3498,8.3006,4.754,21.7752,0.1448,2.349,0.8069,2.7299,0.6697,80.55,35.5725,0.1165,12.4561,38.9294,603.3536,30.2958,43.0733,11.15,458.5061,37.8457,0.1865,0.996,2.0931,45.9396,0.9344,0.1712,0.4315,0.3307,0.4315,65.9432,3.9724,3.8734,99.5133,-1,2008-12-09 22:45:00
17.6552,4.5947,7.2132,0.0169,3.7342,3.215,4.022,0.0,1.6821,534.1482,0.4172,3.2751,0.9095,0.2381,3.6661,0.0866,1.6633,0.2937,8.5003,4.754,27.0709,0.1339,2.349,0.8069,2.7299,0.6697,79.53,78.1199,0.0853,12.4845,26.0465,628.6691,18.4134,66.8955,10.92,404.5439,37.8457,0.0927,0.996,2.0444,29.4871,0.9219,0.1522,0.2104,0.3131,0.2104,65.8981,2.1292,3.7983,93.1656,-1,2008-12-09 23:28:00
17.6552,7.0742,14.2688,0.0108,6.4202,3.222,3.07,0.0,2.9014,534.1482,0.6319,1.9866,1.8643,0.2996,3.3812,0.0871,1.6633,0.2937,8.3273,4.853,20.6151,0.1211,2.3124,0.7699,5.6792,0.7402,80.01,78.1199,0.0853,12.4078,53.7659,615.24,21.3926,54.3883,10.92,308.498,39.8014,0.1218,0.9992,2.0444,26.436,0.9215,0.1796,0.3182,0.2945,0.3182,66.0203,2.9999,3.7983,97.5822,-1,2008-12-09 23:40:00
10.8262,5.2964,10.7691,0.015,5.545,3.232,3.051,0.0,2.1563,535.6282,0.7116,2.8257,1.3004,0.2405,2.7421,0.0615,2.2411,0.2426,8.3542,4.44,19.4357,0.1332,2.3499,0.7635,4.2578,0.6847,81.66,78.1199,0.0689,12.5216,70.2635,610.1827,17.4233,37.7497,9.11,539.0096,39.537,0.1473,0.9988,1.7008,40.5482,0.9339,0.192,0.3573,0.3289999999999999,0.3574,66.0026,2.2945,3.0971,90.4933,-1,2008-09-13 00:25:00
14.8682,6.6739999999999995,9.5742,0.0078,3.684,3.272,2.97,0.0,1.5166,532.5954,0.4589999999999999,1.9283,1.4148,0.2735,2.7308,0.085,2.1606,0.3212,8.4278,4.817,21.3048,0.1286,2.2989,0.7743,3.628,0.7217,80.18,78.1199,0.0944,12.528,34.8964,602.4882,19.3278,36.9328,10.59,59.5384,37.8933,0.1089,0.9968,1.9884,23.7274,0.9314,0.1757,0.2308,0.2919,0.2308,66.0827,2.3149,3.4596,101.1333,-1,2008-09-13 02:57:00
18.4445,3.3622,14.2688,0.0103,6.4202,3.222,3.075,0.0,2.8960000000000004,533.3882,0.7653,2.4688,1.8643,0.16,3.61,0.0631,2.3461,0.4327,9.0145,4.853,30.9661,0.1357,2.3124,0.7699,5.6792,0.7402,78.27,78.1199,0.1285,12.4308,39.8293,609.8382,18.2048,42.8218,8.63,238.0805,39.8014,0.1528,0.9992,1.618,34.7727,0.9353,0.9369,0.3829999999999999,0.244,0.3829999999999999,66.1433,2.1188,3.0837,97.7622,-1,2008-09-13 03:14:00
9.617,10.9203,7.2132,0.0086,3.7342,3.215,3.051,0.0,2.8960000000000004,532.8364,0.7116,3.7392,0.9095,0.2405,3.6781,0.0622,1.6423,0.1579,8.3542,4.754,21.2711,0.1338,2.349,0.8069,2.7299,0.6697,81.66,78.1199,0.0485,12.4308,36.8758,612.0,23.3246,42.8218,11.81,348.041,37.8457,0.1473,0.996,2.2164,44.0828,0.935,0.192,0.3573,0.3289999999999999,0.3574,66.0026,3.1117,3.9963,95.9222,-1,2008-09-13 09:19:00
7.5875,3.2839,9.5742,0.0135,3.684,3.272,2.955,0.0,1.7598,534.1245,0.4105,2.8081,1.4148,0.2111,2.858,0.0896,2.1586,0.1638,8.3588,4.817,16.8961,0.1206,2.2989,0.7743,3.628,0.7217,81.27,78.1199,0.047,12.5012,75.9193,615.4,17.9498,11.0253,9.97,129.0974,37.8933,0.0787,0.9968,1.8666,4.0416,0.9284,0.1703,0.2068,0.315,0.2068,66.2366,2.0149,3.514,102.0011,-1,2008-09-13 10:55:00
16.6894,3.8241,9.5742,0.0131,3.684,3.272,3.075,0.0,1.8405,535.0509,0.7653,1.8295,1.4148,0.16,3.141,0.0622,1.6984,0.2835,9.0145,4.817,22.2081,0.1448,2.2989,0.7743,3.628,0.7217,78.27,78.1199,0.0854,12.4969,73.4247,601.0855,18.35,12.0588,7.71,92.1164,37.8933,0.1528,0.9968,1.4409999999999998,14.595999999999998,0.935,0.9369,0.3829999999999999,0.244,0.3829999999999999,66.1433,2.0235,2.7384,96.4389,-1,2008-09-13 11:42:00
7.9159,6.132000000000001,5.7115,0.0169,4.3765,3.3110000000000004,3.673,0.0,4.3206,535.2482,0.831,2.514,0.8649,0.2687,4.3082,0.0751,1.8813,0.1489,8.6068,4.633,21.9494,0.1284,2.3331,0.7892,2.3264,0.6879,82.25,78.1199,0.0527,12.4982,87.4172,613.7491,28.0614,42.8218,6.84,152.7782,40.732,0.1683,0.9983,1.2779,9.9768,0.933,0.3508,0.4208,0.3836,0.4209,66.337,3.5575,2.2582,96.77,1,2008-09-13 11:56:00
17.6552,5.5553,9.5742,0.0157,3.684,3.272,2.951,0.0,1.7692,534.1482,0.8492,4.3108,1.4148,0.2872,2.8055,0.0871,1.6633,0.2937,8.572000000000001,4.817,19.9232,0.1296,2.2989,0.7743,3.628,0.7217,79.38,33.7876,0.0853,12.4349,59.4059,612.6782,20.2271,37.2523,10.92,396.9184,37.8933,0.1615,0.9968,2.0444,21.3224,0.9215,0.172,0.4274,0.31,0.4273,65.8501,2.5779,3.7983,100.9444,-1,2008-09-13 12:48:00
13.6214,4.3419,9.5742,0.0122,3.684,3.272,4.165,0.0,1.5317,532.9891,0.6381,2.4688,1.4148,0.3286,3.61,0.0857,1.7784,0.2423,9.9964,4.817,33.7771,0.1404,2.2989,0.7743,3.628,0.7217,63.98,33.7876,0.0783,12.4049,42.6036,626.1364,18.2048,37.3218,7.5,238.0805,37.8933,0.1175,0.9968,1.4072,34.7727,0.9241,0.0873,0.3221,0.2474,0.3221,66.5514,2.1188,2.6046,97.7622,-1,2008-09-13 14:07:00
18.4445,6.0911,14.2688,0.0071,6.4202,3.222,3.312,0.0,1.7692,533.3882,0.6813,2.7728,1.8643,0.3293,9.5826,0.0622,2.3461,0.4327,9.131,4.853,24.9991,0.1286,2.3124,0.7699,5.6792,0.7402,76.72,33.7876,0.1285,12.4349,32.6316,608.4891,22.6643,11.0253,8.63,131.0253,39.8014,0.1366,0.9992,1.618,29.8083,0.935,0.8804,0.3413,0.257,0.3413,65.9561,2.9472,3.0837,95.85,-1,2008-09-13 16:04:00
17.6552,5.0925,9.5742,0.012,3.684,3.272,2.849,0.0,1.7692,534.1482,0.4515,1.9866,1.4148,0.407,3.3812,0.0871,1.6633,0.2937,8.5596,4.817,24.3727,0.1448,2.2989,0.7743,3.628,0.7217,79.71,33.7876,0.0853,12.4349,43.0108,615.0336,21.3926,52.1953,10.92,308.498,37.8933,0.0921,0.9968,2.0444,26.436,0.9215,0.098,0.2275,0.2756,0.2275,66.0405,2.9999,3.7983,97.5822,-1,2008-09-13 16:04:00
11.8075,5.9706,10.7691,0.0115,5.545,3.232,3.3310000000000004,0.0,2.3899,535.9527,0.5651,2.514,1.3004,0.2401,4.3082,0.0848,2.2638,0.2673,8.5801,4.44,22.4441,0.1284,2.3499,0.7635,4.2578,0.6847,79.31,33.7876,0.075,12.5531,49.5289,611.2636,28.0614,42.8218,9.62,152.7782,39.537,0.1036,0.9988,1.7949,9.9768,0.931,0.203,0.2842,0.3668,0.2843,65.8602,3.5575,3.2966,96.77,1,2008-09-13 20:06:00
17.6552,3.9954,14.0981,0.0118,6.3801,3.3939999999999997,3.675,0.0,2.6137,534.1482,0.4241,3.4613,1.6082,0.2591,2.2947,0.0834,1.6633,0.2937,8.2981,3.816,20.5025,0.1356,2.3817,0.6956,5.2328,0.8536,80.57,33.7876,0.0853,12.6257,49.8094,620.2727,18.8084,24.7203,10.92,186.6624,37.117,0.0862,1.002,2.0444,21.2293,0.9252,0.1184,0.2147,0.3233,0.2148,65.9373,2.2668,3.7983,101.8644,-1,2008-09-14 02:50:00
17.6552,4.0558,14.0981,0.0123,6.3801,3.3939999999999997,2.951,0.0,1.7692,534.1482,0.8492,3.4613,1.6082,0.2872,2.2947,0.0871,1.6633,0.2937,8.572000000000001,3.816,21.7926,0.1275,2.3817,0.6956,5.2328,0.8536,79.38,33.7876,0.0853,12.4349,37.3464,607.6118,18.8084,14.896,10.92,186.6624,37.117,0.1615,1.002,2.0444,21.2293,0.9215,0.172,0.4274,0.31,0.4273,65.8501,2.2668,3.7983,101.8644,-1,2008-09-14 02:59:00
15.1082,4.6034,14.0981,0.0145,6.3801,3.3939999999999997,3.395,0.0,1.5189,530.6746,0.7161,3.4133,1.6082,0.326,3.1616,0.0881,2.0193,0.3051,9.0121,3.816,26.247,0.1336,2.3817,0.6956,5.2328,0.8536,79.05,33.7876,0.086,12.5094,58.6982,606.64,19.0795,56.0174,10.8,224.3795,37.117,0.1414,1.002,2.0351,32.2044,0.9256,0.1852,0.3622,0.2497,0.3622,67.1173,2.2057,3.894,104.8856,-1,2008-09-14 15:02:00
10.5084,3.7146,14.0981,0.0154,6.3801,3.3939999999999997,2.673,0.0,1.5985,529.7436,0.6436,3.8503,1.6082,0.3797,6.2898,0.085,2.2313,0.2345,8.8624,3.816,16.5255,0.1334,2.3817,0.6956,5.2328,0.8536,81.74,114.2878,0.0792,12.512,25.4835,609.7309,24.809,65.8707,7.19,385.7061,37.117,0.1365,1.002,1.3573,31.3541,0.9314,0.2198,0.3272,0.3319,0.3272,66.2314,3.4151,2.4961,91.1078,-1,2008-09-14 15:46:00
15.1082,5.1912,11.0853,0.0156,11.7622,3.153,3.05,0.0,1.5189,530.6746,0.6958,1.9283,1.2469,0.3968,2.7308,0.0878,2.0193,0.3051,8.7932,3.235,25.5062,0.1364,2.2802,0.5653,4.1345,0.8543,79.27,114.2878,0.086,12.5094,33.871,615.3709,19.3278,30.0828,10.8,59.5384,37.2972,0.1512,0.9962,2.0351,23.7274,0.9258,0.2923,0.3487,0.3577,0.3487,66.2803,2.3149,3.894,101.1333,-1,2008-09-14 16:34:00
11.5777,3.7115,14.0981,0.0145,6.3801,3.3939999999999997,3.074,0.0,5.4411,534.6127,0.6884,1.4153,1.6082,0.2805,5.6233,0.0909,2.2455,0.26,8.3179,3.816,18.891,0.1273,2.3817,0.6956,5.2328,0.8536,81.06,114.2878,0.0943,12.1298,28.8462,622.3754,19.1199,47.0656,9.57,113.2711,37.117,0.1335,1.002,1.7901,20.6105,0.9272,0.2365,0.3462,0.2688,0.3463,66.0583,2.4408,3.3175,89.0356,-1,2008-09-14 17:40:00
10.5084,4.8707,11.0853,0.0129,11.7622,3.153,2.673,0.0,1.5985,529.7436,0.6436,1.9283,1.2469,0.3797,2.7308,0.085,2.2313,0.2345,8.8624,3.235,19.2834,0.1286,2.2802,0.5653,4.1345,0.8543,81.74,114.2878,0.0792,12.512,30.837,602.2764,19.3278,65.8707,7.19,59.5384,37.2972,0.1365,0.9962,1.3573,23.7274,0.9314,0.2198,0.3272,0.3319,0.3272,66.2314,2.3149,2.4961,101.1333,-1,2008-09-14 18:27:00
17.6552,2.9198,11.0853,0.0133,11.7622,3.153,4.022,0.0,1.9355,534.1482,0.4172,2.8455,1.2469,0.2381,6.8199,0.1009999999999999,1.6633,0.2937,8.5003,3.235,16.9553,0.1346,2.2802,0.5653,4.1345,0.8543,79.53,151.19299999999998,0.0853,12.3996,47.5728,621.4909,28.3859,43.572,10.92,73.1164,37.2972,0.0927,0.9962,2.0444,21.8936,0.9329,0.1522,0.2104,0.3131,0.2104,65.8981,3.4022,3.7983,98.5978,-1,2008-09-14 18:27:00
14.5146,2.9431,11.0853,0.0101,11.7622,3.153,3.675,0.0,2.9014,532.2636,0.4241,1.4153,1.2469,0.2591,5.6233,0.0909,2.2625,0.3284,8.2981,3.235,18.0095,0.127,2.2802,0.5653,4.1345,0.8543,80.57,151.19299999999998,0.1024,12.4078,54.5882,616.7427,19.1199,30.0828,8.32,113.2711,37.2972,0.0862,0.9962,1.5631,20.6105,0.9272,0.1184,0.2147,0.3233,0.2148,65.9373,2.4408,2.9485,89.0356,-1,2008-09-14 19:13:00
17.6552,4.7003,11.0853,0.0125,11.7622,3.153,2.955,0.0,2.6137,534.1482,0.4105,1.521,1.2469,0.2111,5.072,0.086,1.6633,0.2937,8.3588,3.235,14.8409,0.1308,2.2802,0.5653,4.1345,0.8543,81.27,151.19299999999998,0.0853,12.6257,51.358,632.4427,17.9486,82.9503,10.92,102.1894,37.2972,0.0787,0.9962,2.0444,19.3863,0.9242,0.1703,0.2068,0.315,0.2068,66.2366,1.998,3.7983,94.6922,-1,2008-09-14 20:00:00
11.251,5.8022,11.0853,0.0142,11.7622,3.153,3.312,0.0,2.9014,532.0164,0.6813,1.9283,1.2469,0.3293,2.7308,0.0897,2.3658,0.2662,9.131,3.235,21.9929,0.1364,2.2802,0.5653,4.1345,0.8543,76.72,151.19299999999998,0.0914,12.4078,30.7311,613.2691,19.3278,36.9328,13.49,59.5384,37.2972,0.1366,0.9962,2.5356,23.7274,0.9293,0.8804,0.3413,0.257,0.3413,65.9561,2.3149,4.6475,101.1333,-1,2008-09-14 20:43:00
14.985,2.0008,11.0853,0.0123,11.7622,3.153,2.955,0.0,2.536,536.4418,0.4105,1.1262,1.2469,0.2111,2.782,0.0834,2.3416,0.3509,8.3588,3.235,18.7066,0.1282,2.2802,0.5653,4.1345,0.8543,81.27,47.7832,0.1026,12.6184,35.5363,621.3818,16.6597,14.896,6.66,80.0542,37.2972,0.0787,0.9962,1.2415,26.3461,0.9252,0.1703,0.2068,0.315,0.2068,66.2366,2.0269999999999997,2.3039,88.0444,-1,2008-09-14 20:45:00
12.3627,5.2947,14.0981,0.0142,6.3801,3.3939999999999997,3.674,0.0,1.9933,536.6727,0.6002,1.9283,1.6082,0.3283,2.7308,0.0685,1.7324,0.2142,8.5407,3.816,21.0153,0.127,2.3817,0.6956,5.2328,0.8536,80.93,48.4818,0.0709,12.5418,30.3318,607.8527,19.3278,30.0828,7.46,59.5384,37.117,0.115,1.002,1.3901,23.7274,0.9353,0.2217,0.3023,0.305,0.3023,65.9873,2.3149,2.6771,101.1333,-1,2008-09-14 21:31:00
23.3488,3.9991,10.2615,0.0145,9.1197,3.3680000000000003,3.5269999999999997,0.0,5.4411,533.3382,0.5244,2.3735,1.0769,0.2739,4.7154,0.1044,2.4033,0.5611,8.2395,3.358,26.2833,0.1282,2.2808,0.5471,3.6124,0.7906,80.93,48.4818,0.1642,12.1298,34.4322,619.1218,23.1842,59.8451,9.43,293.4583,35.2034,0.1148,0.9962,1.7681,12.0612,0.9327,0.2008,0.264,0.3116,0.264,65.9946,2.8532,3.4173,96.7089,-1,2008-09-14 23:00:00
11.6852,5.2422,8.2043,0.0125,6.7241,2.988,3.312,0.0,5.4411,532.9764,0.6813,4.9181,1.1415,0.3293,3.0259,0.0909,2.4327,0.2843,9.131,3.52,26.26145,0.1364,2.2784,0.5683,2.9681,0.7865,76.72,48.4818,0.0903,12.1298,42.3963,619.0327,18.2471,56.1195,13.44,161.9791,36.1772,0.1366,0.9944,2.5217,32.624,0.9272,0.8804,0.3413,0.257,0.3413,65.9561,2.0996,4.5361,98.9844,-1,2008-09-15 02:04:00
15.1082,3.1241,17.6069,0.0155,6.5051,3.276,2.617,0.0,1.5189,530.6746,0.7637,2.5621,2.2254,0.2474,2.4667,0.0881,2.0193,0.3051,8.7015,3.225,25.2629,0.1317,2.2868,0.6185,7.0836,0.7914,80.86,66.5448,0.086,12.5094,51.2418,612.5791,17.2035,54.5968,10.8,153.6989,40.2319,0.1568,0.9969,2.0351,21.2547,0.9256,0.292,0.3866,0.3651,0.3867,66.2507,2.0311,3.894,100.8511,-1,2008-09-15 10:03:00
15.1082,4.8468,5.4395,0.0111,7.1108,3.4189999999999996,3.054,0.0,1.5189,530.6746,0.5782,2.2877,0.6796,0.3478,3.2198,0.0881,2.0193,0.3051,8.3591,5.151,18.9734,0.1318,2.3195,0.8539,2.0348,0.6659999999999999,79.94,106.1758,0.086,12.5094,46.3158,617.5227,17.3969,19.6702,10.8,95.0969,37.408,0.1119,0.9987,2.0351,15.42,0.9256,0.2154,0.2914,0.3253,0.2914,65.973,2.3679,3.894,101.6111,-1,2008-09-15 11:40:00
15.1082,3.9525,5.4395,0.0118,7.1108,3.4189999999999996,2.97,0.0,2.4651,530.6746,0.4589999999999999,1.6004,0.6796,0.2735,2.5632,0.0881,2.0193,0.3051,8.4278,5.151,27.9032,0.1318,2.3195,0.8539,2.0348,0.6659999999999999,80.18,47.2136,0.086,12.5757,50.6232,615.1355,17.7946,19.6702,10.8,122.1138,37.408,0.1089,0.9987,2.0351,10.994000000000002,0.9256,0.1757,0.2308,0.2919,0.2308,66.0827,2.0819,3.894,101.7044,-1,2008-09-15 12:27:00
14.8682,2.0193,10.8325,0.0122,5.5733,3.228,2.97,0.0,1.5189,532.5954,0.4589999999999999,2.5048,1.5432,0.2735,3.0767,0.0903,2.1606,0.3212,8.4278,5.185,22.3967,0.1278,2.3042,0.8165,4.105,0.6108,80.18,47.2136,0.0944,12.5094,38.7824,610.0209,19.4715,29.0984,10.59,123.5147,37.8951,0.1089,0.9977,1.9884,11.6394,0.9307,0.1757,0.2308,0.2919,0.2308,66.0827,2.7521,3.4596,101.6156,-1,2008-09-15 16:10:00
24.1504,6.2851,10.8325,0.0141,5.5733,3.228,4.515,0.0,2.3851,534.7818,0.3133,2.3447,1.5432,0.1833,2.4686,0.0895,2.0324,0.4908,8.2832,5.185,22.8211,0.1311,2.3042,0.8165,4.105,0.6108,10.11,47.2136,0.1337,12.5782,41.6912,614.8745,18.5809,26.8086,8.7,148.1868,37.8951,0.0616,0.9977,1.6268,8.9003,0.9314,0.2379,0.1581,0.2957,0.158,66.0304,2.5307,3.1112,100.37,-1,2008-09-15 16:59:00
17.6552,4.0468,10.0921,0.0098,3.1178,3.23,2.955,0.0,2.6137,534.1482,0.4105,4.3108,1.1078,0.2111,2.8055,0.1009999999999999,1.6633,0.2937,8.3588,5.165,21.6796,0.1299,2.3036,0.8436,3.7989,0.6717,81.27,93.5134,0.0853,12.6257,27.0205,623.8118,20.2271,22.5164,10.92,396.9184,37.6425,0.0787,0.995,2.0444,21.3224,0.9329,0.1703,0.2068,0.315,0.2068,66.2366,2.5779,3.7983,100.9444,-1,2008-09-15 19:54:00
9.0462,7.0153,10.8325,0.0146,5.5733,3.228,3.071,0.0,1.6768,532.1636,0.7673,2.3447,1.5432,0.4227,2.4686,0.0895,1.7199,0.1556,8.58,5.185,19.4166,0.135,2.3042,0.8165,4.105,0.6108,79.04,80.5639,0.0502,12.5237,24.9541,619.0055,18.5809,20.3213,8.98,148.1868,37.8951,0.1533,0.9977,1.6874,8.9003,0.9314,0.3927,0.3889,0.2976,0.389,66.2596,2.5307,2.8688,100.37,-1,2008-09-15 21:56:00
16.6894,5.2405,11.0853,0.013,11.7622,3.153,4.022,0.0,1.5317,535.0509,0.4172,1.4153,1.2469,0.2381,5.6233,0.0622,1.6984,0.2835,8.5003,3.235,22.4191,0.1334,2.2802,0.5653,4.1345,0.8543,79.53,80.5639,0.0854,12.4049,46.6472,602.4273,19.1199,15.9183,7.71,113.2711,37.2972,0.0927,0.9962,1.4409999999999998,20.6105,0.935,0.1522,0.2104,0.3131,0.2104,65.8981,2.4408,2.7384,89.0356,-1,2008-09-15 22:13:00
17.6552,4.9138,10.0921,0.0437,3.1178,3.23,3.675,0.0,1.7692,534.1482,0.4241,3.4613,1.1078,0.2591,2.2947,0.0871,1.6633,0.2937,8.2981,5.165,21.4279,0.1299,2.3036,0.8436,3.7989,0.6717,80.57,80.5639,0.0853,12.4349,64.2082,604.3091,18.8084,11.0253,10.92,186.6624,37.6425,0.0862,0.995,2.0444,21.2293,0.9215,0.1184,0.2147,0.3233,0.2148,65.9373,2.2668,3.7983,101.8644,-1,2008-09-15 22:45:00
22.6363,7.7911,11.0853,0.0178,11.7622,3.153,3.552,0.0,1.6844,531.6791,0.2771,1.875,1.2469,0.3477,2.513,0.0929,2.0502,0.4641,23.1583,3.235,25.2503,0.131,2.2802,0.5653,4.1345,0.8543,77.9,53.8577,0.1277,12.4673,13.6674,612.6745,17.5139,20.7785,6.59,98.4514,37.2972,0.0645,0.9962,1.2395,18.5588,0.9314,0.1641,0.16,0.2957,0.16,67.199,2.2835,2.3352,100.7744,-1,2008-09-15 22:54:00
14.8682,2.8961,17.6069,0.0106,6.5051,3.276,3.395,0.0,1.5189,532.5954,0.7161,1.8677,2.2254,0.326,2.6206,0.0913,2.1606,0.3212,9.0121,3.225,27.1415,0.1453,2.2868,0.6185,7.0836,0.7914,79.05,53.8577,0.0944,12.5094,19.2308,610.1727,19.5549,24.6639,10.59,127.4697,40.2319,0.1414,0.9969,1.9884,7.8086,0.9255,0.1852,0.3622,0.2497,0.3622,67.1173,2.4822,3.4596,99.2178,-1,2008-09-15 23:37:00
20.9001,4.8447,10.6963,0.0081,4.5089,3.065,2.974,0.0,1.9355,533.3709,0.4867,4.1966,1.2568,0.3666,3.5669,0.0979,2.147,0.4487,8.272,6.09,20.7242,0.1293,2.2831,0.9732,4.1469,0.5325,81.31,65.2186,0.1318,12.3996,49.4624,613.6691,25.5286,42.8218,9.34,350.0152,38.7695,0.0936,0.9952,1.7511,59.9813,0.9322,0.1672,0.245,0.3299,0.245,65.9699,3.1494,3.21,98.7844,-1,2008-09-16 07:39:00
11.251,4.6771,10.6963,0.0106,4.5089,3.065,2.974,0.0,1.9355,532.0164,0.4867,3.2263,1.2568,0.3666,4.4042,0.0979,2.3658,0.2662,8.272,6.09,20.2491,0.1307,2.2831,0.9732,4.1469,0.5325,81.31,65.2186,0.0914,12.3996,39.3912,614.1809,30.2958,42.8218,13.49,458.5061,38.7695,0.0936,0.9952,2.5356,45.9396,0.9322,0.1672,0.245,0.3299,0.245,65.9699,3.9724,4.6475,99.5133,-1,2008-09-16 07:48:00
9.0851,8.4018,10.6963,0.0089,4.5089,3.065,3.312,0.0,1.6761,532.1736,0.6813,3.8985,1.2568,0.3293,3.4369,0.0631,2.4452,0.2222,9.131,6.09,26.2118,0.1284,2.2831,0.9732,4.1469,0.5325,76.72,65.2186,0.0832,12.5288,48.6293,619.6609,16.8499,26.29,10.83,232.5631,38.7695,0.1366,0.9952,2.0351,50.1292,0.9353,0.8804,0.3413,0.257,0.3413,65.9561,2.5835,4.0301,107.1422,-1,2008-09-16 08:50:00
16.4231,3.9105,10.6963,0.0134,4.5089,3.065,4.886,0.0,1.9177,538.54,0.4401,2.1101,1.2568,0.2644,4.5208,0.108,2.0768,0.3411,8.3436,6.09,18.5996,0.1291,2.2831,0.9732,4.1469,0.5325,12.19,65.2186,0.0939,12.5153,66.0194,614.5045,20.9062,17.2789,5.3,237.2668,38.7695,0.096,0.9952,0.9842,56.5322,0.9306,0.2291,0.2218,0.3029,0.2218,65.8525,2.5705,1.7213,107.1522,-1,2008-09-16 08:52:00
19.0062,5.1801,10.6963,0.0142,4.5089,3.065,2.974,0.0,1.9355,529.9855,0.4867,4.1966,1.2568,0.3666,3.5669,0.1116,2.2416,0.426,8.272,6.09,18.2293,0.1374,2.2831,0.9732,4.1469,0.5325,81.31,50.0888,0.1274,12.3996,29.8507,618.57,25.5286,15.9183,10.06,350.0152,38.7695,0.0936,0.9952,1.8982,59.9813,0.9319,0.1672,0.245,0.3299,0.245,65.9699,3.1494,3.1648,98.7844,-1,2008-09-16 09:37:00
16.6163,10.4136,5.4404,0.0086,5.4521,3.3160000000000003,3.08,0.0,2.0841,532.8382,0.631,1.6477,0.8903,0.2408,3.817,0.0626,2.0005,0.3324,9.6938,3.636,28.2662,0.1287,2.3984,0.6545,2.187,0.8106,65.74,136.9762,0.0861,12.4755,60.3466,616.5918,17.6901,72.9703,11.2401,106.116,40.1991,0.1231,0.9972,2.1095,10.9785,0.933,0.2626,0.3178,0.3067,0.3178,66.5811,2.195,4.0427,100.4633,-1,2008-09-16 17:07:00
22.2222,10.5293,10.6963,0.0192,4.5089,3.065,2.849,0.0,2.7165,532.97,0.4515,3.2751,1.2568,0.407,3.6661,0.0607,2.2248,0.4944,8.5596,6.09,26.3647,0.1357,2.2831,0.9732,4.1469,0.5325,79.71,136.9762,0.1597,12.5163,55.81399999999999,619.3664,18.4134,20.9548,10.09,404.5439,38.7695,0.0921,0.9952,1.8932,29.4871,0.9335,0.098,0.2275,0.2756,0.2275,66.0405,2.1292,3.3335,93.1656,-1,2008-09-16 18:09:00
17.6552,4.1425,9.0727,0.0147,5.5074,3.2460000000000004,3.07,0.0,1.8405,534.1482,0.6319,2.3735,1.3784,0.2996,4.7154,0.09,1.6633,0.2937,8.3273,6.101,26.0255,0.1272,2.2646,0.9561,3.6473,0.5952,80.01,59.0825,0.0853,12.4969,46.5608,622.5282,23.1842,21.0489,10.92,293.4583,40.201,0.1218,0.9968,2.0444,12.0612,0.9216,0.1796,0.3182,0.2945,0.3182,66.0203,2.8532,3.7983,96.7089,-1,2008-09-16 18:23:00
11.5777,4.3849,5.4404,0.0251,5.4521,3.3160000000000003,3.417,0.0,1.9355,534.6127,1.019,1.4886,0.8903,0.1239,2.7430000000000003,0.0901,2.2455,0.26,9.0061,3.636,13.5705,0.1356,2.3984,0.6545,2.187,0.8106,77.5,59.0825,0.0943,12.3996,21.6822,625.5318,21.9217,56.0174,9.57,59.32,40.1991,0.2013,0.9972,1.7901,40.1756,0.9263,0.9563,0.5096,0.2846,0.5096,65.8984,2.9656,3.3175,97.0367,-1,2008-09-16 19:34:00
8.6457,4.6526,12.3129,0.0096,4.7211,3.268,3.088,0.0,3.3587,526.5336,0.6835,1.2905,1.665,0.2252,5.3765,0.0841,2.6194,0.2265,8.287,3.483,25.9809,0.1404,2.4108,0.6149,5.2713,0.8248,80.14,59.0825,0.0835,12.5049,26.2056,621.2918,27.6399,19.2616,9.6,122.7445,42.8113,0.1378,0.9996,1.8232,34.7855,0.9345,0.3985,0.3467,0.3419,0.3467,66.3076,3.38,3.1446,83.4233,-1,2008-09-16 19:45:00
14.8682,4.4168,9.0727,0.0149,5.5074,3.2460000000000004,3.05,0.0,1.5189,532.5954,0.6958,1.3851,1.3784,0.3968,2.9889,0.0834,2.1606,0.3212,8.7932,6.101,28.803,0.1403,2.2646,0.9561,3.6473,0.5952,79.27,59.0825,0.0944,12.5094,44.5313,610.1845,16.7877,21.0966,10.59,112.7008,40.201,0.1512,0.9968,1.9884,17.4127,0.9224,0.2923,0.3487,0.3577,0.3487,66.2803,2.1989,3.4596,94.93,-1,2008-09-16 21:21:00
19.6759,5.5662,5.4404,0.0139,5.4521,3.3160000000000003,4.515,0.0,2.3851,530.5682,0.3133,2.3447,0.8903,0.1833,2.4686,0.0895,2.1417,0.4214,8.2832,3.636,19.9683,0.1258,2.3984,0.6545,2.187,0.8106,10.11,223.1018,0.1085,12.5782,35.6998,616.3182,18.5809,23.8454,10.87,148.1868,40.1991,0.0616,0.9972,2.0487,8.9003,0.9314,0.2379,0.1581,0.2957,0.158,66.0304,2.5307,3.7567,100.37,-1,2008-09-16 22:45:00
10.6737,6.6675,5.4404,0.0113,5.4521,3.3160000000000003,3.075,0.0,2.2228,538.4991,0.7653,1.8677,0.8903,0.16,2.6206,0.1141,2.2135,0.2363,9.0145,3.636,22.2504,0.1448,2.3984,0.6545,2.187,0.8106,78.27,223.1018,0.0788,12.5967,38.2222,610.4409,19.5549,54.5968,8.72,127.4697,40.1991,0.1528,0.9972,1.6193,7.8086,0.9327,0.9369,0.3829999999999999,0.244,0.3829999999999999,66.1433,2.4822,3.1199,99.2178,-1,2008-09-17 02:01:00
9.3398,5.5608,5.4404,0.0131,5.4521,3.3160000000000003,2.7739999999999996,0.0,1.7547,534.6682,0.6803,2.2877,0.8903,0.2821,3.2198,0.0895,2.0435,0.1909,8.9562,3.636,8.7636,0.1278,2.3984,0.6545,2.187,0.8106,78.17,223.1018,0.0607,12.5376,28.4698,631.5973,17.3969,19.6702,9.43,95.0969,40.1991,0.1283,0.9972,1.7637,15.42,0.9314,0.15,0.3415,0.3843,0.3415,66.2283,2.3679,3.4259,101.6111,1,2008-09-17 04:23:00
15.4868,1.6872,9.0727,0.0151,5.5074,3.2460000000000004,3.051,0.0,1.5189,534.3127,0.7116,1.8677,1.3784,0.2405,2.6206,0.0916,2.1819,0.3379,8.3542,6.101,23.0596,0.1332,2.2646,0.9561,3.6473,0.5952,81.66,223.1018,0.0928,12.5094,91.9861,601.6373,19.5549,56.0174,7.93,127.4697,40.201,0.1473,0.9968,1.4841,7.8086,0.9304,0.192,0.3573,0.3289999999999999,0.3574,66.0026,2.4822,2.8686,99.2178,-1,2008-09-17 07:14:00
13.283,4.0648,5.4404,0.0191,5.4521,3.3160000000000003,3.673,0.0,1.8384,531.8455,0.831,2.5048,0.8903,0.2687,3.0767,0.0713,2.2544,0.2994,8.6068,3.636,28.577,0.1368,2.3984,0.6545,2.187,0.8106,82.25,223.1018,0.0888,12.5106,36.7816,610.0045,19.4715,15.9183,8.64,123.5147,40.1991,0.1683,0.9972,1.6245,11.6394,0.9311,0.3508,0.4208,0.3836,0.4209,66.337,2.7521,3.0979,101.6156,-1,2008-09-17 07:28:00
8.8308,4.7966,12.8701,0.0145,4.9828,3.398,4.515,0.0,1.7547,531.5127,0.3133,1.3505,1.6942,0.1833,2.7572,0.0895,2.2373,0.1976,8.2832,3.202,19.5942,0.1345,2.3936,0.5748,5.2848,0.8220000000000001,10.11,223.1018,0.0636,12.5376,113.9706,621.2936,22.7113,35.1677,13.81,140.4426,41.0626,0.0616,0.9985,2.5982,23.9203,0.9314,0.2379,0.1581,0.2957,0.158,66.0304,2.7713,4.7519,86.3822,-1,2008-09-17 21:52:00
13.7684,6.1402,9.0727,0.0126,5.5074,3.2460000000000004,2.911,0.0,1.7547,535.9636,0.8288,2.3963,1.3784,0.3139,3.5016,0.0733,2.2026,0.3033,9.0811,6.101,31.4433,0.1299,2.2646,0.9561,3.6473,0.5952,78.98,223.1018,0.0956,12.5376,25.3521,614.9255,20.6914,29.0984,6.77,132.043,40.201,0.1567,0.9968,1.2631,15.6654,0.9376,0.2193,0.4195,0.3455,0.4195,67.0243,3.1534,2.1846,103.0911,-1,2008-09-18 00:57:00
9.8105,3.255,12.8701,0.0098,4.9828,3.398,2.9189999999999996,0.0,1.8384,532.4645,0.5667,1.2905,1.6942,0.271,5.3765,0.0932,2.2512,0.2209,8.7373,3.202,24.9871,0.1336,2.3936,0.5748,5.2848,0.8220000000000001,80.63,223.1018,0.0582,12.5106,26.7431,616.6809,27.6399,68.3558,8.25,122.7445,41.0626,0.1064,0.9985,1.5494,34.7855,0.9298,0.3303,0.2865,0.3104,0.2865,66.2031,3.38,2.7668,83.4233,-1,2008-09-18 01:40:00
13.283,7.172999999999999,12.6615,0.0168,5.8309,3.347,3.05,0.0,2.2404,531.8455,0.6958,1.9943,1.7214,0.3968,2.7062,0.0713,2.2544,0.2994,8.7932,3.583,27.2483,0.1363,2.3938,0.6451,4.7601,0.8264,79.27,65.0365,0.0888,12.4978,45.74100000000001,616.1964,18.3123,44.6795,8.64,148.2107,37.595,0.1512,1.001,1.6245,8.7006,0.9311,0.2923,0.3487,0.3577,0.3487,66.2803,2.2359,3.0979,97.5578,-1,2008-09-18 01:43:00
23.1735,3.2689,12.8701,0.0136,4.9828,3.398,3.054,0.0,1.754,532.0973,0.5782,1.9943,1.6942,0.3478,2.7062,0.0841,2.1448,0.497,8.3591,3.202,25.7144,0.1351,2.3936,0.5748,5.2848,0.8220000000000001,79.94,65.0365,0.1443,12.5429,44.397,616.2455,18.3123,13.3303,9.6,148.2107,41.0626,0.1119,0.9985,1.8042,8.7006,0.9345,0.2154,0.2914,0.3253,0.2914,65.973,2.2359,3.3367,97.5578,-1,2008-09-18 02:01:00
13.283,4.8003,12.8701,0.0097,4.9828,3.398,3.05,0.0,2.4651,531.8455,0.6958,1.2905,1.6942,0.3968,5.3765,0.0713,2.2544,0.2994,8.7932,3.202,31.3918,0.1349,2.3936,0.5748,5.2848,0.8220000000000001,79.27,65.0365,0.0888,12.5757,19.4211,607.5609,27.6399,68.3558,8.64,122.7445,41.0626,0.1512,0.9985,1.6245,34.7855,0.9311,0.2923,0.3487,0.3577,0.3487,66.2803,3.38,3.0979,83.4233,-1,2008-09-18 03:58:00
15.2286,5.3634,12.6615,0.0139,5.8309,3.347,3.014,0.0,1.8384,535.1345,0.9807,1.3505,1.7214,0.3315,2.7572,0.0733,2.1394,0.3258,8.6149,3.583,30.2138,0.1305,2.3938,0.6451,4.7601,0.8264,79.02,65.0365,0.0953,12.5106,27.3504,608.2927,22.7113,35.1677,5.73,140.4426,37.595,0.1841,1.001,1.0708,23.9203,0.9376,0.3007,0.4942,0.3574,0.4942,66.2024,2.7713,2.0931,86.3822,-1,2008-09-18 03:58:00
16.4543,4.4836,12.8701,0.0202,4.9828,3.398,3.054,0.0,1.754,531.3346,0.5782,2.2515,1.6942,0.3478,2.812,0.1053,2.2421,0.3689,8.3591,3.202,30.3218,0.1332,2.3936,0.5748,5.2848,0.8220000000000001,79.94,46.7092,0.1177,12.5429,27.1885,630.5391,18.1126,35.1677,8.49,204.7031,41.0626,0.1119,0.9985,1.5979,29.8613,0.9277,0.2154,0.2914,0.3253,0.2914,65.973,2.2081,2.7936,88.0911,-1,2008-09-18 05:44:00
23.1735,2.5503,12.8701,0.0111,4.9828,3.398,2.7910000000000004,0.0,1.754,532.0973,0.5844,2.2515,1.6942,0.2521,2.812,0.0841,2.1448,0.497,8.5571,3.202,28.0428,0.1338,2.3936,0.5748,5.2848,0.8220000000000001,78.29,46.7092,0.1443,12.5429,31.7073,615.07,18.1126,44.7895,9.6,204.7031,41.0626,0.1181,0.9985,1.8042,29.8613,0.9345,0.1838,0.2945,0.3087,0.2945,66.145,2.2081,3.3367,88.0911,-1,2008-09-18 05:58:00
10.5239,5.1077,9.8086,0.0217,5.7643,3.239,3.1239999999999997,0.0,1.4425,528.7918,0.6095,1.9943,1.0612,0.278,2.7062,0.1065,2.5088,0.264,8.7646,3.5589999999999997,30.4537,0.1343,2.418,0.6066,3.5501,0.8559,79.61,104.3034,0.0819,12.478,35.3506,625.17,18.3123,15.9183,10.33,148.2107,36.1936,0.1184,0.9963,1.9535,8.7006,0.9279,0.4231,0.3081,0.3476,0.3081,66.4179,2.2359,3.4623,97.5578,-1,2008-09-18 08:04:00
13.283,5.2009,12.6615,0.0148,5.8309,3.347,3.395,0.0,1.925,531.8455,0.7532,1.9771,1.7214,0.4121,2.9159,0.0894,2.2544,0.2994,8.8889,3.583,18.5294,0.1356,2.3938,0.6451,4.7601,0.8264,80.31,104.3034,0.0888,11.9482,23.6735,621.4209,18.656,44.3845,8.64,131.8556,37.595,0.1509,1.001,1.6245,11.3188,0.927,0.0399,0.3783,0.3682,0.3783,65.9099,2.0798,3.0979,98.9989,-1,2008-09-18 10:48:00
13.1943,2.9002,10.5418,0.0113,5.6983,3.895,3.088,0.0,1.9928,533.3073,0.6835,1.3399,1.4506,0.2252,4.8743,0.0875,2.349,0.3099,8.287,6.888999999999999,25.1003,0.1317,2.2757,1.175,4.1624,0.6423,80.14,104.3034,0.0994,12.5449,49.1979,612.1136,20.4826,45.2871,10.19,133.4117,39.4846,0.1378,0.9942,1.9107,46.7235,0.9348,0.3985,0.3467,0.3419,0.3467,66.3076,2.9528,3.577,89.7222,-1,2008-09-18 13:48:00
9.3398,3.2659,12.1354,0.0106,3.3889,3.387,2.9189999999999996,0.0,2.4651,534.6682,0.5667,1.9771,1.4715,0.271,2.9159,0.0932,2.0435,0.1909,8.7373,3.886,21.9055,0.13,2.4012,0.6576,4.4935,0.7759,80.63,104.3034,0.0607,12.5757,45.6244,620.6,18.656,44.3845,9.43,131.8556,37.028,0.1064,0.9963,1.7637,11.3188,0.9298,0.3303,0.2865,0.3104,0.2865,66.2031,2.0798,3.4259,98.9989,-1,2008-09-18 17:22:00
11.8225,6.0246,10.5418,0.0099,5.6983,3.895,3.088,0.0,1.6735,533.2873,0.6835,2.4174,1.4506,0.2252,2.7396,0.0875,2.3473,0.2775,8.287,6.888999999999999,22.9635,0.1211,2.2757,1.175,4.1624,0.6423,80.14,104.3034,0.0824,12.5488,44.8065,609.4491,20.0096,15.3056,10.93,160.3953,39.4846,0.1378,0.9942,2.0496,13.7514,0.9348,0.3985,0.3467,0.3419,0.3467,66.3076,2.7521,3.7154,99.9867,-1,2008-09-18 18:12:00
19.6759,4.6325,10.5418,0.0145,5.6983,3.895,3.014,0.0,1.8384,530.5682,0.9807,2.4174,1.4506,0.3315,2.7396,0.161,2.1417,0.4214,8.6149,6.888999999999999,25.1014,0.135,2.2757,1.175,4.1624,0.6423,79.02,102.4718,0.1085,12.5106,24.2845,609.1464,20.0096,38.7536,10.87,160.3953,39.4846,0.1841,0.9942,2.0487,13.7514,0.9315,0.3007,0.4942,0.3574,0.4942,66.2024,2.7521,3.7567,99.9867,-1,2008-09-18 18:56:00
96.9601,7.4952,5.3692,0.0112,2.5826,3.451,3.074,0.0,2.2597,504.9173,0.6541,2.6991,0.8064,0.17,2.7387,0.1017,2.2656,2.1967,8.897,6.369,25.7407,0.1328,2.2756,0.9677,2.3972,0.555,78.29,107.5257,0.5502,12.390999999999998,37.3507,617.5182,18.5231,38.7536,438.87,120.3914,44.6472,0.1295,0.9965,86.9192,11.332,0.9314,0.8123,0.3279999999999999,0.2903,0.3279999999999999,66.2412,2.6288,131.4529,101.8922,-1,2008-09-18 21:12:00
11.8225,4.0905,5.3692,0.0139,2.5826,3.451,2.821,0.0,1.6801,533.2873,0.3651,2.1694,0.8064,0.1437,3.2469,0.1017,2.3473,0.2775,8.7401,6.369,31.879,0.1388,2.2756,0.9677,2.3972,0.555,78.53,107.5257,0.0824,12.4996,28.2139,617.9727,18.7695,32.814,10.93,81.5191,44.6472,0.0815,0.9965,2.0496,8.386000000000001,0.9314,0.7497,0.1828,0.2538,0.1827,66.1541,2.5761,3.7154,100.18,-1,2008-09-18 21:56:00
11.5084,4.7589,12.445,0.0127,5.4654,3.293,3.074,0.0,1.9126,532.5027,0.682,0.9138,1.4641,0.3575,4.1393,0.0913,2.4053,0.2768,9.0425,3.5410000000000004,26.0317,0.1351,2.4025,0.6238,4.4012,0.8201,78.29,87.0971,0.0899,12.5484,35.3846,607.29,32.6521,54.4138,7.54,68.6177,35.3652,0.1324,1.001,1.416,48.8796,0.9255,0.1809,0.3461,0.3155,0.3461,67.1943,4.3969,2.5601,90.1144,-1,2008-09-18 23:00:00
15.1238,2.6974,13.2122,0.0177,10.2196,3.2689999999999997,2.594,0.0,2.1512,529.2209,0.6153,1.4221,1.7007,0.2596,2.2718,0.0699,1.9102,0.2889,8.7635,3.365,29.9713,0.1334,2.2805,0.593,5.7282,0.7965,81.43,33.2533,0.1067,12.550999999999998,35.7942,606.7327,16.653,32.1567,7.98,174.6886,43.3555,0.1142,0.9977,1.5079,23.8412,0.932,0.413,0.3113,0.342,0.3113,66.2762,2.0604,2.7589,87.7411,-1,2008-09-18 23:05:00
13.7684,2.5702,12.445,0.0127,5.4654,3.293,2.617,0.0,1.7547,535.9636,0.7637,3.0041,1.4641,0.2474,2.5336,0.0733,2.2026,0.3033,8.7015,3.5410000000000004,28.9642,0.1371,2.4025,0.6238,4.4012,0.8201,80.86,38.9642,0.0956,12.5376,31.0536,608.6746,18.8462,38.7536,6.77,150.1585,35.3652,0.1568,1.001,1.2631,10.1536,0.9376,0.292,0.3866,0.3651,0.3867,66.2507,2.74,2.1846,101.5122,-1,2008-09-18 23:44:00
23.1735,4.0368,12.1354,0.0127,3.3889,3.387,2.7910000000000004,0.0,1.4425,532.0973,0.5844,3.0041,1.4715,0.2521,2.5336,0.1103,2.1448,0.497,8.5571,3.886,29.0059,0.1307,2.4012,0.6576,4.4935,0.7759,78.29,38.9642,0.1443,12.478,30.9963,624.53,18.8462,38.7536,9.6,150.1585,37.028,0.1181,0.9963,1.8042,10.1536,0.9297,0.1838,0.2945,0.3087,0.2945,66.145,2.74,3.3367,101.5122,-1,2008-09-19 00:30:00
19.6759,4.1174,12.1354,0.0175,3.3889,3.387,2.9189999999999996,0.0,1.8384,530.5682,0.5667,2.2515,1.4715,0.271,2.812,0.161,2.1417,0.4214,8.7373,3.886,24.5978,0.1335,2.4012,0.6576,4.4935,0.7759,80.63,20.3091,0.1085,12.5106,22.5705,609.7473,18.1126,35.1677,10.87,204.7031,37.028,0.1064,0.9963,2.0487,29.8613,0.9315,0.3303,0.2865,0.3104,0.2865,66.2031,2.2081,3.7567,88.0911,-1,2008-09-19 01:57:00
11.6113,4.1375,12.1354,0.0104,3.3889,3.387,3.312,0.0,2.2228,533.8955,0.6813,4.9181,1.4715,0.3293,3.0259,0.0834,2.3306,0.2706,9.131,3.886,21.8416,0.1448,2.4012,0.6576,4.4935,0.7759,76.72,20.3091,0.0913,12.5967,60.9524,620.4891,18.2471,56.0174,9.64,161.9791,37.028,0.1366,0.9963,1.8056,32.624,0.9252,0.8804,0.3413,0.257,0.3413,65.9561,2.0996,3.2678,98.9844,-1,2008-09-19 02:44:00
15.1082,5.1598,10.5418,0.0117,5.6983,3.895,2.617,0.0,1.9126,530.6746,0.7637,2.3963,1.4506,0.2474,3.5016,0.0881,2.0193,0.3051,8.7015,6.888999999999999,26.5653,0.1307,2.2757,1.175,4.1624,0.6423,80.86,20.3091,0.086,12.5484,30.0806,613.9027,20.6914,28.8069,10.8,132.043,39.4846,0.1568,0.9942,2.0351,15.6654,0.9256,0.292,0.3866,0.3651,0.3867,66.2507,3.1534,3.894,103.0911,-1,2008-09-19 04:42:00
16.4543,4.1362,10.5418,0.0126,5.6983,3.895,2.7910000000000004,0.0,1.754,531.3346,0.5844,2.1694,1.4506,0.2521,3.2469,0.0911,2.2421,0.3689,8.5571,6.888999999999999,22.97,0.1346,2.2757,1.175,4.1624,0.6423,78.29,20.3091,0.1177,12.5429,15.5897,615.2027,18.7695,38.7536,8.49,81.5191,39.4846,0.1181,0.9942,1.5979,8.386000000000001,0.932,0.1838,0.2945,0.3087,0.2945,66.145,2.5761,2.7936,100.18,-1,2008-09-19 05:33:00
7.5578,6.0735,9.8086,0.0171,5.7643,3.239,2.7739999999999996,0.0,1.7517,531.0009,0.6803,1.6994,1.0612,0.2821,2.6919999999999997,0.0894,2.0786,0.1571,8.9562,3.5589999999999997,15.7033,0.1411,2.418,0.6066,3.5501,0.8559,78.17,24.6547,0.0579999999999999,12.559,28.8867,613.1155,19.0678,54.4138,11.15,175.4689,36.1936,0.1283,0.9963,2.0998,10.9279,0.927,0.15,0.3415,0.3843,0.3415,66.2283,2.6273,4.1012,99.2922,-1,2008-09-19 05:57:00
8.6457,1.8685,9.1125,0.0102,5.0431,3.2039999999999997,2.7910000000000004,0.0,1.4425,526.5336,0.5844,3.0041,1.19,0.2521,2.5336,0.0841,2.6194,0.2265,8.5571,6.442,31.3031,0.1364,2.2631,1.006,3.3787,0.5812,78.29,24.6547,0.0835,12.478,36.7521,612.1882,18.8462,38.7536,9.6,150.1585,37.0776,0.1181,0.9972,1.8232,10.1536,0.9345,0.1838,0.2945,0.3087,0.2945,66.145,2.74,3.1446,101.5122,-1,2008-09-19 06:01:00
8.6457,5.8689,5.3692,0.0131,2.5826,3.451,3.5589999999999997,0.0,1.4425,526.5336,0.7094,1.6994,0.8064,0.2763,2.6919999999999997,0.0841,2.6194,0.2265,8.6695,6.369,26.89,0.1279,2.2756,0.9677,2.3972,0.555,79.21,24.6547,0.0835,12.478,37.6068,620.6382,19.0678,54.4138,9.6,175.4689,44.6472,0.1556,0.9965,1.8232,10.9279,0.9345,0.2142,0.3562,0.341,0.3562,66.2322,2.6273,3.1446,99.2922,-1,2008-09-19 06:44:00
10.5239,4.6997,9.1125,0.0176,5.0431,3.2039999999999997,3.256,0.0,1.754,528.7918,0.5258,2.4197,1.19,0.2363,3.0191,0.1103,2.5088,0.264,8.3663,6.442,28.6073,0.1361,2.2631,1.006,3.3787,0.5812,80.62,24.6547,0.0819,12.5429,18.7755,629.1091,18.0762,63.5407,10.33,131.3319,37.0776,0.1096,0.9972,1.9535,9.212,0.9297,0.128,0.2655,0.2896,0.2654,66.0272,2.481,3.4623,101.4578,-1,2008-09-19 07:14:00
11.8225,2.7794,9.1125,0.0171,5.0431,3.2039999999999997,5.31,0.0,1.6735,533.2873,0.4109,2.1099,1.19,0.1165,5.2027,0.1187,2.3473,0.2775,8.8581,6.442,28.3035,0.1334,2.2631,1.006,3.3787,0.5812,13.6,24.6547,0.0824,12.5488,37.0137,614.6945,30.8411,40.2051,10.93,151.1141,37.0776,0.0827,0.9972,2.0496,56.0401,0.9341,0.8703,0.206,0.2714,0.206,66.1061,4.3569,3.7154,95.1089,-1,2008-09-19 07:18:00
19.6759,3.893,13.2122,0.0185,10.2196,3.2689999999999997,4.042,0.0,1.8384,530.5682,0.7075,1.3399,1.7007,0.337,4.8743,0.161,2.1417,0.4214,8.7997,3.365,26.1131,0.1355,2.2805,0.593,5.7282,0.7965,80.22,24.6547,0.1085,12.5106,76.7875,610.1855,20.4826,32.1567,10.87,133.4117,43.3555,0.1507,0.9977,2.0487,46.7235,0.9315,0.2591,0.3574,0.3127,0.3574,66.3839,2.9528,3.7567,89.7222,-1,2008-09-19 08:08:00
8.6457,4.3926,13.2122,0.0118,10.2196,3.2689999999999997,2.967,0.0,1.4425,526.5336,0.7251,2.4174,1.7007,0.1815,2.7396,0.1065,2.6194,0.2265,8.9833,3.365,31.3826,0.1453,2.2805,0.593,5.7282,0.7965,81.19,54.4761,0.0835,12.478,38.3562,621.1927,20.0096,63.5407,9.6,160.3953,43.3555,0.1457,0.9977,1.8232,13.7514,0.9279,0.2207,0.3672,0.2978,0.3672,66.0907,2.7521,3.1446,99.9867,-1,2008-09-19 08:52:00
96.9601,5.8077,10.5418,0.0107,5.6983,3.895,2.821,0.0,2.8684,504.9173,0.3651,3.0041,1.4506,0.1437,2.5336,0.1017,2.2656,2.1967,8.7401,6.888999999999999,31.0075,0.1308,2.2757,1.175,4.1624,0.6423,78.53,54.4761,0.5502,12.5504,35.6275,617.8755,18.8462,38.7536,438.87,150.1585,39.4846,0.0815,0.9942,86.9192,10.1536,0.9314,0.7497,0.1828,0.2538,0.1827,66.1541,2.74,131.4529,101.5122,-1,2008-09-19 09:12:00
23.1735,2.2725,9.1125,0.0099,5.0431,3.2039999999999997,2.97,0.0,1.4425,532.0973,0.4589999999999999,2.4174,1.19,0.2735,2.7396,0.0841,2.1448,0.497,8.4278,6.442,27.6339,0.1282,2.2631,1.006,3.3787,0.5812,80.18,101.3876,0.1443,12.478,30.0366,611.5745,20.0096,38.7536,9.6,160.3953,37.0776,0.1089,0.9972,1.8042,13.7514,0.9345,0.1757,0.2308,0.2919,0.2308,66.0827,2.7521,3.3367,99.9867,-1,2008-09-19 09:47:00
96.9601,5.1741,9.1125,0.0159,5.0431,3.2039999999999997,2.821,0.0,1.6735,504.9173,0.3651,2.4197,1.19,0.1437,3.0191,0.0892,2.2656,2.1967,8.7401,6.442,21.9517,0.1308,2.2631,1.006,3.3787,0.5812,78.53,101.3876,0.5502,12.5488,40.1575,610.4873,18.0762,63.5407,438.87,131.3319,37.0776,0.0815,0.9972,86.9192,9.212,0.9337,0.7497,0.1828,0.2538,0.1827,66.1541,2.481,131.4529,101.4578,-1,2008-09-19 10:45:00
23.1735,5.8152,9.1125,0.0129,5.0431,3.2039999999999997,3.256,0.0,1.754,532.0973,0.5258,3.0041,1.19,0.2363,2.5336,0.1103,2.1448,0.497,8.3663,6.442,29.7124,0.1334,2.2631,1.006,3.3787,0.5812,80.62,80.9167,0.1443,12.5429,41.8933,628.8536,18.8462,38.7536,9.6,150.1585,37.0776,0.1096,0.9972,1.8042,10.1536,0.9297,0.128,0.2655,0.2896,0.2654,66.0272,2.74,3.3367,101.5122,-1,2008-09-19 11:13:00
17.8615,5.654,13.2122,0.0114,10.2196,3.2689999999999997,4.498,0.0,1.9928,532.4618,0.7737,2.1694,1.7007,0.2186,3.2469,0.091,2.2425,0.4006,9.0606,3.365,28.6558,0.1313,2.2805,0.593,5.7282,0.7965,10.82,39.6224,0.1282,12.5449,42.9119,610.5555,18.7695,15.9183,10.27,81.5191,43.3555,0.1611,0.9977,1.9288,8.386000000000001,0.9346,0.2356,0.3907,0.2974,0.3907,66.9764,2.5761,3.5201,100.18,-1,2008-09-19 11:54:00
9.3821,5.5738,11.1223,0.0081,7.2235,3.11,2.483,0.0,2.233,530.9809,0.7794,1.6088,1.3824,0.2082,3.0756,0.1062,2.3259,0.2182,9.2016,3.751,32.4053,0.1397,2.2588,0.6097,3.9854,0.8391,76.88,51.2287,0.0779,12.539,35.272,616.1073,18.447,15.8427,9.94,48.8941,35.8325,0.1582,0.9977,1.872,8.2539,0.9301,0.2709,0.3938,0.2917,0.3938,67.0499,2.2841,3.2617,100.6189,-1,2008-09-19 13:59:00
19.6759,4.0141,11.1223,0.0112,7.2235,3.11,3.2060000000000004,0.0,1.8384,530.5682,0.7076,2.1099,1.3824,0.2989,5.2027,0.0932,2.1417,0.4214,8.8548,3.751,23.3895,0.1299,2.2588,0.6097,3.9854,0.8391,81.13,90.4575,0.1085,12.5106,27.2646,612.7691,30.8411,40.2051,10.87,151.1141,35.8325,0.1633,0.9977,2.0487,56.0401,0.9298,0.1459,0.3549,0.3752,0.3549,65.9589,4.3569,3.7567,95.1089,-1,2008-09-19 15:31:00
10.5023,4.9118,11.1223,0.0117,7.2235,3.11,2.6660000000000004,0.0,1.9928,532.8227,0.6479,2.1694,1.3824,0.3673,3.2469,0.0875,2.3242,0.2441,9.1287,3.751,29.7545,0.1404,2.2588,0.6097,3.9854,0.8391,78.52,90.4575,0.0697,12.5449,17.0758,612.8636,18.7695,10.8507,11.76,81.5191,35.8325,0.1355,0.9977,2.2071,8.386000000000001,0.9348,0.1964,0.3275,0.3218,0.3275,66.921,2.5761,4.0477,100.18,-1,2008-09-19 16:40:00
13.283,5.5285,12.445,0.0168,5.4654,3.293,2.9360000000000004,0.0,1.7517,531.8455,0.7768,1.802,1.4641,0.246,3.5896,0.0932,2.2544,0.2994,8.6772,3.5410000000000004,21.7197,0.1286,2.4025,0.6238,4.4012,0.8201,79.86,90.4575,0.0888,12.559,35.3266,615.5882,20.7968,23.8454,8.64,172.6597,35.3652,0.1447,1.001,1.6245,17.9787,0.9298,0.3771,0.3916,0.3326,0.3916,66.2913,2.9393,3.0979,97.3378,1,2008-09-19 16:58:00
15.9889,3.6744,5.1552,0.0114,5.4576,0.0,2.594,0.0,2.1512,526.6064,0.6153,2.1559,0.6343,0.2596,3.2281,0.0699,1.9339,0.3092,8.7635,5.952000000000001,29.627,0.1296,2.2616,0.9565,2.0038,0.5662,81.43,27.7601,0.0893,12.550999999999998,52.6708,608.7891,19.3932,32.1567,10.04,146.4068,38.8694,0.1142,0.9963,1.9065,5.928,0.932,0.413,0.3113,0.342,0.3113,66.2762,2.5343,3.3601,102.3622,-1,2008-09-19 17:47:00
19.7842,3.6998,5.1552,0.0115,5.4576,0.0,2.594,0.0,2.1512,528.0491,0.6153,2.1559,0.6343,0.2596,3.2281,0.0699,1.9226,0.3804,8.7635,5.952000000000001,28.4909,0.1174,2.2616,0.9565,2.0038,0.5662,81.43,27.7601,0.1008,12.550999999999998,30.9051,607.4455,19.3932,41.1198,8.68,146.4068,38.8694,0.1142,0.9963,1.6438,5.928,0.932,0.413,0.3113,0.342,0.3113,66.2762,2.5343,2.9407,102.3622,-1,2008-09-19 18:11:00
13.1553,4.1924,5.1552,0.0092,5.4576,0.0,2.594,0.0,2.1512,533.2855,0.6153,2.1559,0.6343,0.2596,3.2281,0.1092,2.0362,0.2679,8.7635,5.952000000000001,29.8709,0.1185,2.2616,0.9565,2.0038,0.5662,81.43,27.7601,0.0922,12.550999999999998,45.1193,613.7409,19.3932,41.1198,6.32,146.4068,38.8694,0.1142,0.9963,1.1851,5.928,0.9317,0.413,0.3113,0.342,0.3113,66.2762,2.5343,2.0635,102.3622,-1,2008-09-19 18:33:00
13.1553,3.2036,5.1552,0.0123,5.4576,0.0,2.594,0.0,2.1512,533.2855,0.6153,2.1559,0.6343,0.2596,3.2281,0.0699,2.0362,0.2679,8.7635,5.952000000000001,27.3211,0.131,2.2616,0.9565,2.0038,0.5662,81.43,27.7601,0.0922,12.550999999999998,42.4178,607.0664,19.3932,41.1198,6.32,146.4068,38.8694,0.1142,0.9963,1.1851,5.928,0.932,0.413,0.3113,0.342,0.3113,66.2762,2.5343,2.0635,102.3622,-1,2008-09-19 19:18:00
15.2286,2.7091,5.1552,0.0147,5.4576,0.0,2.9360000000000004,0.0,3.2079,535.1345,0.7768,1.3399,0.6343,0.246,4.8743,0.161,2.1394,0.3258,8.6772,5.952000000000001,23.9846,0.1338,2.2616,0.9565,2.0038,0.5662,79.86,27.7601,0.0953,12.4692,36.534,609.49,20.4826,45.2871,5.73,133.4117,38.8694,0.1447,0.9963,1.0708,46.7235,0.9315,0.3771,0.3916,0.3326,0.3916,66.2913,2.9528,2.0931,89.7222,-1,2008-09-19 19:29:00
14.985,4.218,6.6013,0.0128,5.0797,2.9389999999999996,3.3310000000000004,0.0,5.4411,536.4418,0.5651,2.0831,0.8713,0.2401,3.234,0.1009999999999999,2.3416,0.3509,8.5801,6.355,19.2998,0.1322,2.2564,0.9902,2.8994,0.5638,79.31,27.7601,0.1026,12.1298,49.6063,613.6936,19.5809,14.896,6.66,110.6014,43.9219,0.1036,0.9961,1.2415,20.2551,0.9329,0.203,0.2842,0.3668,0.2843,65.8602,2.5481,2.3039,101.5122,-1,2008-09-19 20:05:00
8.6853,4.7695,6.6013,0.0123,5.0797,2.9389999999999996,3.088,0.0,2.5461,529.5955,0.6835,0.9253,0.8713,0.2252,4.1542,0.1043,2.1619,0.1878,8.287,6.355,31.3396,0.131,2.2564,0.9902,2.8994,0.5638,80.14,76.0035,0.0563,12.5682,39.005,615.8645,21.6104,70.6158,8.0099,131.3624,43.9219,0.1378,0.9961,1.5125,11.7359,0.9304,0.3985,0.3467,0.3419,0.3467,66.3076,2.9576,2.6198,100.1833,-1,2008-09-19 20:07:00
19.6759,3.9185,6.6013,0.0172,5.0797,2.9389999999999996,3.014,0.0,2.4651,530.5682,0.9807,1.4221,0.8713,0.3315,2.2718,0.161,2.1417,0.4214,8.6149,6.355,24.0788,0.1351,2.2564,0.9902,2.8994,0.5638,79.02,76.0035,0.1085,12.5757,45.9364,610.1455,16.653,45.2871,10.87,174.6886,43.9219,0.1841,0.9961,2.0487,23.8412,0.9315,0.3007,0.4942,0.3574,0.4942,66.2024,2.0604,3.7567,87.7411,-1,2008-09-19 20:10:00
13.6214,2.5653,6.6013,0.021,5.0797,2.9389999999999996,3.5269999999999997,0.0,1.3635,532.9891,0.5244,2.0831,0.8713,0.2739,3.234,0.0621,1.7784,0.2423,8.2395,6.355,64.414,0.1282,2.2564,0.9902,2.8994,0.5638,80.93,76.0035,0.0783,12.4676,36.3151,627.9364,19.5809,12.0588,7.5,110.6014,43.9219,0.1148,0.9961,1.4072,20.2551,0.9336,0.2008,0.264,0.3116,0.264,65.9946,2.5481,2.6046,101.5122,-1,2008-09-19 20:17:00
13.283,2.0751,13.2122,0.0116,10.2196,3.2689999999999997,2.7739999999999996,0.0,1.5201,531.8455,0.8924,0.9138,1.7007,0.3872,4.1393,0.0894,2.2544,0.2994,8.9475,3.365,16.9701,0.1282,2.2805,0.593,5.7282,0.7965,78.17,31.0176,0.0888,12.4992,80.6366,618.8064,32.6521,54.4138,8.64,68.6177,43.3555,0.1774,0.9977,1.6245,48.8796,0.927,0.2126,0.4482,0.3378,0.4481,66.1763,4.3969,3.0979,90.1144,1,2008-09-19 20:19:00
17.0523,5.7416,11.1223,0.0076,7.2235,3.11,3.054,0.0,3.2079,533.9718,0.5782,1.3669,1.3824,0.3478,3.0394,0.1103,2.5639999999999996,0.4372,8.3591,3.751,33.171,0.1355,2.2588,0.6097,3.9854,0.8391,79.94,31.0176,0.1479,12.4692,36.6972,625.8409,19.8754,45.2871,9.28,154.5909,35.8325,0.1119,0.9977,1.7379,11.4562,0.9297,0.2154,0.2914,0.3253,0.2914,65.973,2.4986,3.1494,100.5978,-1,2008-09-19 21:08:00
13.283,6.9636,12.1354,0.0106,3.3889,3.387,2.9360000000000004,0.0,2.2404,531.8455,0.7768,0.9138,1.4715,0.246,4.1393,0.0932,2.2544,0.2994,8.6772,3.886,21.0909,0.131,2.4012,0.6576,4.4935,0.7759,79.86,31.0176,0.0888,12.4978,34.8457,620.29,32.6521,54.4138,8.64,68.6177,37.028,0.1447,0.9963,1.6245,48.8796,0.9298,0.3771,0.3916,0.3326,0.3916,66.2913,4.3969,3.0979,90.1144,1,2008-09-19 21:09:00
23.1735,4.4519,6.6013,0.013,5.0797,2.9389999999999996,2.97,0.0,1.4425,532.0973,0.4589999999999999,3.0041,0.8713,0.2735,2.5336,0.0841,2.1448,0.497,8.4278,6.355,28.6132,0.1447,2.2564,0.9902,2.8994,0.5638,80.18,31.0176,0.1443,12.478,41.2289,615.4964,18.8462,44.3845,9.6,150.1585,43.9219,0.1089,0.9961,1.8042,10.1536,0.9345,0.1757,0.2308,0.2919,0.2308,66.0827,2.74,3.3367,101.5122,-1,2008-09-19 21:13:00
14.6551,4.275,6.6013,0.0139999999999999,5.0797,2.9389999999999996,4.886,0.0,2.536,534.08,0.4401,2.0831,0.8713,0.2644,3.234,0.0834,2.1203,0.3107,8.3436,6.355,14.1161,0.1273,2.2564,0.9902,2.8994,0.5638,12.19,31.0176,0.0898,12.6184,38.4236,628.4509,19.5809,14.896,10.37,110.6014,43.9219,0.096,0.9961,1.9417,20.2551,0.9252,0.2291,0.2218,0.3029,0.2218,65.8525,2.5481,3.4939,101.5122,-1,2008-09-19 21:14:00
13.283,5.7289,11.1223,0.0121,7.2235,3.11,2.9360000000000004,0.0,1.7547,531.8455,0.7768,2.1099,1.3824,0.246,5.2027,0.0932,2.2544,0.2994,8.6772,3.751,23.112,0.1282,2.2588,0.6097,3.9854,0.8391,79.86,31.0176,0.0888,12.5376,34.5158,620.9573,30.8411,40.2051,8.64,151.1141,35.8325,0.1447,0.9977,1.6245,56.0401,0.9298,0.3771,0.3916,0.3326,0.3916,66.2913,4.3569,3.0979,95.1089,1,2008-09-19 21:59:00
9.3821,4.2708,12.6419,0.0242,6.6426,2.908,3.256,0.0,1.7835,530.9809,0.5258,1.386,1.6544,0.2363,2.5182,0.0875,2.3259,0.2182,8.3663,6.063,29.1406,0.129,2.2647,0.9527,5.0843,0.562,80.62,31.0176,0.0779,12.3351,54.1799,608.7664,16.4196,70.6158,9.94,132.0336,40.2179,0.1096,0.9953,1.872,24.5175,0.9348,0.128,0.2655,0.2896,0.2654,66.0272,2.1823,3.2617,86.81,-1,2008-09-19 23:26:00
10.5023,6.381,12.6419,0.4714,6.6426,2.908,4.329,0.0,1.6735,532.8227,0.4154,1.386,1.6544,0.1853,2.5182,0.1033,2.3242,0.2441,8.6611,6.063,30.1925,0.1448,2.2647,0.9527,5.0843,0.562,77.33,39.5108,0.0697,12.5488,20.4629,620.5436,16.4196,70.6158,11.76,132.0336,40.2179,0.1144,0.9953,2.2071,24.5175,0.9316,1.4754,0.2403,0.2597,0.2403,66.3012,2.1823,4.0477,86.81,-1,2008-09-19 23:33:00
11.8225,5.8268,12.6419,0.0118,6.6426,2.908,2.5839999999999996,0.0,1.6735,533.2873,0.423,1.386,1.6544,0.1813,2.5182,0.0875,2.3473,0.2775,8.6544,6.063,24.5799,0.1356,2.2647,0.9527,5.0843,0.562,80.67,116.6826,0.0824,12.5488,57.1429,609.9736,16.4196,70.6158,10.93,132.0336,40.2179,0.0867,0.9953,2.0496,24.5175,0.9348,0.3039,0.2238,0.3319,0.2238,66.2357,2.1823,3.7154,86.81,-1,2008-09-20 00:18:00
11.8225,2.8753,11.1223,0.015,7.2235,3.11,4.329,0.0,2.8684,533.2873,0.4154,1.4221,1.3824,0.1853,2.2718,0.0892,2.3473,0.2775,8.6611,3.751,24.1109,0.133,2.2588,0.6097,3.9854,0.8391,77.33,116.6826,0.0824,12.5504,52.3457,615.9991,16.653,32.1567,10.93,174.6886,35.8325,0.1144,0.9977,2.0496,23.8412,0.9337,1.4754,0.2403,0.2597,0.2403,66.3012,2.0604,3.7154,87.7411,-1,2008-09-20 00:33:00
13.1553,5.2422,12.3719,0.0122,3.9473,3.0869999999999997,2.594,0.0,2.1512,533.2855,0.6153,2.1559,1.5095,0.2596,3.2281,0.1092,2.0362,0.2679,8.7635,6.023,31.7389,0.1413,2.2725,0.9265,5.1011,0.5013,81.43,116.6826,0.0922,12.550999999999998,34.2289,610.91,19.3932,41.1198,6.32,146.4068,41.2313,0.1142,0.9953,1.1851,5.928,0.9317,0.413,0.3113,0.342,0.3113,66.2762,2.5343,2.0635,102.3622,-1,2008-09-20 03:58:00
23.1735,1.9674,12.3719,0.011,3.9473,3.0869999999999997,3.088,0.0,3.3587,532.0973,0.6835,3.3846,1.5095,0.2252,2.9624,0.0841,2.1448,0.497,8.287,6.023,28.8106,0.1355,2.2725,0.9265,5.1011,0.5013,80.14,62.0056,0.1443,12.5049,12.6512,617.6382,9.1013,23.8454,9.6,111.5857,41.2313,0.1378,0.9953,1.8042,82.9177,0.9345,0.3985,0.3467,0.3419,0.3467,66.3076,0.9609,3.3367,96.6256,-1,2008-09-20 04:13:00
96.9601,2.7876,6.6013,0.0095,5.0797,2.9389999999999996,2.7910000000000004,0.0,1.6735,504.9173,0.5844,1.828,0.8713,0.2521,3.8732,0.0892,2.2656,2.1967,8.5571,6.355,29.1429,0.1374,2.2564,0.9902,2.8994,0.5638,78.29,62.0056,0.5502,12.5488,34.7826,608.1209,22.6751,15.9183,438.87,83.5931,43.9219,0.1181,0.9961,86.9192,9.7245,0.9337,0.1838,0.2945,0.3087,0.2945,66.145,2.9678,131.4529,102.7956,-1,2008-09-20 04:28:00
11.8225,2.6536,12.6419,0.0105,6.6426,2.908,2.821,0.0,2.2597,533.2873,0.3651,1.3485,1.6544,0.1437,2.8291,0.1187,2.3473,0.2775,8.7401,6.063,26.2175,0.1299,2.2647,0.9527,5.0843,0.562,78.53,62.0056,0.0824,12.390999999999998,44.1014,609.3582,15.7643,41.1198,10.93,104.0964,40.2179,0.0815,0.9953,2.0496,26.7162,0.9341,0.7497,0.1828,0.2538,0.1827,66.1541,1.863,3.7154,86.7956,-1,2008-09-20 05:22:00
19.6759,7.7186,12.6419,0.0215,6.6426,2.908,2.617,0.0,2.2404,530.5682,0.7637,3.3846,1.6544,0.2474,2.9624,0.161,2.1417,0.4214,8.7015,6.063,20.9755,0.1255,2.2647,0.9527,5.0843,0.562,80.86,88.7443,0.1085,12.4978,43.8923,613.1936,9.1013,21.0966,10.87,111.5857,40.2179,0.1568,0.9953,2.0487,82.9177,0.9315,0.292,0.3866,0.3651,0.3867,66.2507,0.9609,3.7567,96.6256,-1,2008-09-20 05:25:00
20.3592,4.001,12.6419,0.0396,6.6426,2.908,2.967,0.0,1.7554,533.4773,0.7251,1.8613,1.6544,0.1815,3.6578,0.0858,2.2113,0.4502,8.9833,6.063,23.195,0.1332,2.2647,0.9527,5.0843,0.562,81.19,88.7443,0.1271,12.5331,77.8325,612.9127,20.667,31.9092,7.28,71.3819,40.2179,0.1457,0.9953,1.3646,9.5363,0.9366,0.2207,0.3672,0.2978,0.3672,66.0907,2.6372,2.2773,105.8378,-1,2008-09-20 05:34:00
17.0028,2.8002,8.7575,0.0108,6.819,2.9619999999999997,3.014,0.0,2.6704,531.1709,0.9807,0.9253,1.2189,0.3315,4.1542,0.0861,2.2895,0.3893,8.6149,3.429,25.0267,0.129,2.2582,0.5328,3.5582,0.7589,79.02,88.7443,0.1067,12.3578,27.2489,613.9018,21.6104,70.6158,10.44,131.3624,40.6303,0.1841,0.9956,1.9655,11.7359,0.9349,0.3007,0.4942,0.3574,0.4942,66.2024,2.9576,3.6654,100.1833,-1,2008-09-20 06:08:00
20.3592,5.4938,12.6419,0.0134,6.6426,2.908,2.6660000000000004,0.0,1.7554,533.4773,0.6479,1.828,1.6544,0.3673,3.8732,0.1062,2.2113,0.4502,9.1287,6.063,23.9837,0.13,2.2647,0.9527,5.0843,0.562,78.52,43.5691,0.1271,12.5331,19.8276,618.5427,22.6751,16.633,7.28,83.5931,40.2179,0.1355,0.9953,1.3646,9.7245,0.9301,0.1964,0.3275,0.3218,0.3275,66.921,2.9678,2.2773,102.7956,-1,2008-09-20 07:21:00
9.3821,6.2631,12.3719,0.0086,3.9473,3.0869999999999997,3.3960000000000004,0.0,1.6801,530.9809,0.3396,1.828,1.5095,0.1726,3.8732,0.0858,2.3259,0.2182,8.7779,6.023,28.5851,0.1211,2.2725,0.9265,5.1011,0.5013,77.83,390.4146,0.0779,12.4996,38.6555,616.6209,22.6751,66.8955,9.94,83.5931,41.2313,0.0702,0.9953,1.872,9.7245,0.9366,0.7949,0.1701,0.2269,0.1701,66.3369,2.9678,3.2617,102.7956,-1,2008-09-20 08:14:00
16.4543,6.5778,10.889,0.0131,8.1073,3.0580000000000003,3.088,0.0,3.3587,531.3346,0.6835,3.3846,1.1571,0.2252,2.9624,0.1065,2.2421,0.3689,8.287,3.234,27.0475,0.1322,2.3883,0.5516,3.7346,0.8349,80.14,390.4146,0.1177,12.5049,24.3115,617.4627,9.1013,21.8828,8.49,111.5857,34.297,0.1378,0.9956,1.5979,82.9177,0.9279,0.3985,0.3467,0.3419,0.3467,66.3076,0.9609,2.7936,96.6256,-1,2008-09-20 10:51:00
9.3821,6.5365,12.6419,0.0197,6.6426,2.908,5.205,0.0,1.7835,530.9809,0.4107,1.8653,1.6544,0.355,2.5826,0.1062,2.3259,0.2182,8.7548,6.063,32.7145,0.1295,2.2647,0.9527,5.0843,0.562,8.011000000000001,390.4146,0.0779,12.3351,59.6882,616.5845,20.2749,31.9092,9.94,57.3346,40.2179,0.086,0.9953,1.872,11.5942,0.9301,0.2855,0.2086,0.3232,0.2086,66.37100000000001,2.2885,3.2617,102.7833,-1,2008-09-20 11:18:00
9.3821,4.9039,7.1075,0.0186,5.0222,3.0460000000000003,2.6660000000000004,0.0,2.233,530.9809,0.6479,1.828,1.0412,0.3673,3.8732,0.091,2.3259,0.2182,9.1287,5.999,28.2815,0.1368,2.2668,0.9472,3.3445,0.5524,78.52,390.4146,0.0779,12.539,25.7471,619.0945,22.6751,35.1945,9.94,83.5931,47.0561,0.1355,0.9974,1.872,9.7245,0.9346,0.1964,0.3275,0.3218,0.3275,66.921,2.9678,3.2617,102.7956,-1,2008-09-20 12:20:00
14.8682,3.0794,7.1075,0.0166,5.0222,3.0460000000000003,2.97,0.0,1.9126,532.5954,0.4589999999999999,3.3846,1.0412,0.2735,2.9624,0.0903,2.1606,0.3212,8.4278,5.999,25.7279,0.1286,2.2668,0.9472,3.3445,0.5524,80.18,390.4146,0.0944,12.5484,22.3423,609.41,9.1013,23.8454,10.59,111.5857,47.0561,0.1089,0.9974,1.9884,82.9177,0.9307,0.1757,0.2308,0.2919,0.2308,66.0827,0.9609,3.4596,96.6256,-1,2008-09-20 12:26:00
16.7005,4.6798,7.1075,0.012,5.0222,3.0460000000000003,5.205,0.0,2.5461,530.3073,0.4107,1.8521,1.0412,0.355,4.9628,0.1014,2.4103,0.4025,8.7548,5.999,29.3235,0.1304,2.2668,0.9472,3.3445,0.5524,8.011000000000001,390.4146,0.11,12.5682,45.9372,617.4336,25.9429,38.756,8.05,135.2225,47.0561,0.086,0.9974,1.518,21.2704,0.931,0.2855,0.2086,0.3232,0.2086,66.37100000000001,3.1584,2.6506,97.6267,-1,2008-09-20 12:27:00
10.5108,6.0378,6.6013,0.0397,5.0797,2.9389999999999996,3.102,0.0,1.5317,534.9155,0.4642,2.0831,0.8713,0.1536,3.234,0.0857,1.7591,0.1849,8.7199,6.355,35.4672,0.1418,2.2564,0.9902,2.8994,0.5638,76.97,82.5604,0.0609,12.4049,39.4231,631.7709,19.5809,83.375,9.08,110.6014,43.9219,0.0896,0.9961,1.6975,20.2551,0.9241,0.8384,0.2315,0.2363,0.2314,65.9445,2.5481,3.267,101.5122,-1,2008-09-20 12:36:00
13.283,7.5307,7.1075,0.013,5.0222,3.0460000000000003,2.541,0.0,2.2404,531.8455,0.774,3.3846,1.0412,0.3395,2.9624,0.0932,2.2544,0.2994,8.8546,5.999,22.5821,0.1447,2.2668,0.9472,3.3445,0.5524,80.2,82.5604,0.0888,12.4978,39.0698,615.6818,9.1013,21.0966,8.64,111.5857,47.0561,0.1564,0.9974,1.6245,82.9177,0.9298,0.4267,0.3927,0.3738,0.3926,66.2479,0.9609,3.0979,96.6256,-1,2008-09-20 12:57:00
15.1082,3.6831,7.1075,0.0173,5.0222,3.0460000000000003,3.054,0.0,1.5189,530.6746,0.5782,3.3846,1.0412,0.3478,2.9624,0.0881,2.0193,0.3051,8.3591,5.999,31.2285,0.1364,2.2668,0.9472,3.3445,0.5524,79.94,54.5609,0.086,12.5094,47.1035,613.3591,9.1013,21.0966,10.8,111.5857,47.0561,0.1119,0.9974,2.0351,82.9177,0.9256,0.2154,0.2914,0.3253,0.2914,65.973,0.9609,3.894,96.6256,-1,2008-09-20 14:00:00
20.3592,6.4533,7.1075,0.0109,5.0222,3.0460000000000003,3.014,0.0,1.7554,533.4773,0.9807,2.3721,1.0412,0.3315,3.0392,0.1062,2.2113,0.4502,8.6149,5.999,26.0868,0.1337,2.2668,0.9472,3.3445,0.5524,79.02,40.8368,0.1271,12.5331,34.1048,616.4655,19.5117,38.756,7.28,144.8685,47.0561,0.1841,0.9974,1.3646,9.2525,0.9301,0.3007,0.4942,0.3574,0.4942,66.2024,2.6329,2.2773,104.8544,-1,2008-09-20 14:06:00
10.5023,6.8146,10.889,0.0133,8.1073,3.0580000000000003,3.5589999999999997,0.0,1.7835,532.8227,0.7094,3.0495,1.1571,0.2763,1.7632,0.0875,2.3242,0.2441,8.6695,3.234,26.5186,0.1386,2.3883,0.5516,3.7346,0.8349,79.21,50.1186,0.0697,12.3351,50.4298,617.7127,11.2673,70.6158,11.76,169.6846,34.297,0.1556,0.9956,2.2071,16.8877,0.9348,0.2142,0.3562,0.341,0.3562,66.2322,1.548,4.0477,94.6056,-1,2008-09-20 14:42:00
17.0028,6.4728,11.3117,0.0163,4.4761,3.076,3.05,0.0,2.6704,531.1709,0.6958,2.6017,1.2804,0.3968,2.5857,0.0861,2.2895,0.3893,8.7932,6.086,25.8642,0.1411,2.2553,0.9297,4.1474,0.5949,79.27,50.1186,0.1067,12.3578,40.423,617.9145,19.4007,18.2177,10.44,104.7422,36.6647,0.1512,0.9977,1.9655,16.3282,0.9349,0.2923,0.3487,0.3577,0.3487,66.2803,2.6243,3.6654,96.9456,-1,2008-09-20 14:50:00
10.9533,5.8253,12.6419,0.0146,6.6426,2.908,2.911,0.0,2.5461,531.7509,0.8288,3.5599,1.6544,0.3139,4.5349,0.1014,2.3526,0.2577,9.0811,6.063,28.1493,0.1322,2.2647,0.9527,5.0843,0.562,78.98,50.1186,0.072,12.5682,14.1454,622.8936,18.9489,31.9092,8.09,484.3951,40.2179,0.1567,0.9953,1.5214,17.6193,0.931,0.2193,0.4195,0.3455,0.4195,67.0243,2.2227,2.5445,91.8511,-1,2008-09-20 14:53:00
16.7005,3.2658,7.1075,0.0128,5.0222,3.0460000000000003,2.582,0.0,2.5461,530.3073,0.6731,1.8521,1.0412,0.2111,4.9628,0.1043,2.4103,0.4025,8.8562,5.999,30.4749,0.1293,2.2668,0.9472,3.3445,0.5524,80.04,31.8749,0.11,12.5682,31.8725,619.7764,25.9429,32.0346,8.05,135.2225,47.0561,0.1307,0.9974,1.518,21.2704,0.9304,0.1899,0.3383,0.415,0.3383,66.4384,3.1584,2.6506,97.6267,-1,2008-09-20 15:02:00
96.9601,4.197,10.889,0.0227,8.1073,3.0580000000000003,4.329,0.0,2.8684,504.9173,0.4154,1.3485,1.1571,0.1853,2.8291,0.0892,2.2656,2.1967,8.6611,3.234,27.2628,0.1403,2.3883,0.5516,3.7346,0.8349,77.33,31.8749,0.5502,12.5504,47.8016,610.5545,15.7643,41.1198,438.87,104.0964,34.297,0.1144,0.9956,86.9192,26.7162,0.9337,1.4754,0.2403,0.2597,0.2403,66.3012,1.863,131.4529,86.7956,-1,2008-09-20 15:19:00
24.9461,5.1833,10.889,0.0102,8.1073,3.0580000000000003,3.256,0.0,3.3587,536.3264,0.5258,1.7027,1.1571,0.2363,2.8709,0.1053,2.2421,0.5593,8.3663,3.234,33.2787,0.129,2.3883,0.5516,3.7346,0.8349,80.62,103.352,0.1879,12.5049,34.3096,630.6173,19.1745,70.6158,7.7,102.7344,34.297,0.1096,0.9956,1.4357,7.8584,0.9277,0.128,0.2655,0.2896,0.2654,66.0272,2.5175,2.6564,101.9178,-1,2008-09-20 15:37:00
13.283,4.9448,7.1075,0.0156,5.0222,3.0460000000000003,2.7739999999999996,0.0,1.925,531.8455,0.6803,2.3721,1.0412,0.2821,3.0392,0.0894,2.2544,0.2994,8.9562,5.999,28.2025,0.1328,2.2668,0.9472,3.3445,0.5524,78.17,103.352,0.0888,11.9482,37.7649,618.9709,19.5117,38.756,8.64,144.8685,47.0561,0.1283,0.9974,1.6245,9.2525,0.927,0.15,0.3415,0.3843,0.3415,66.2283,2.6329,3.0979,104.8544,-1,2008-09-20 15:46:00
13.1943,5.8338,11.3117,0.0221,4.4761,3.076,2.967,0.0,1.6801,533.3073,0.7251,1.5889,1.2804,0.1815,2.0869999999999997,0.091,2.349,0.3099,8.9833,6.086,22.3582,0.1339,2.2553,0.9297,4.1474,0.5949,81.19,103.352,0.0994,12.4996,33.9623,618.9927,18.3632,14.9122,10.19,66.6023,36.6647,0.1457,0.9977,1.9107,20.6523,0.9346,0.2207,0.3672,0.2978,0.3672,66.0907,2.3253,3.577,95.9511,-1,2008-09-20 16:43:00
20.3592,4.1093,11.3117,0.0117,4.4761,3.076,3.3960000000000004,0.0,1.7554,533.4773,0.3396,1.8521,1.2804,0.1726,4.9628,0.084,2.2113,0.4502,8.7779,6.086,25.6805,0.1349,2.2553,0.9297,4.1474,0.5949,77.83,66.7668,0.1271,12.5331,38.1798,613.1709,25.9429,31.9092,7.28,135.2225,36.6647,0.0702,0.9977,1.3646,21.2704,0.9365,0.7949,0.1701,0.2269,0.1701,66.3369,3.1584,2.2773,97.6267,-1,2008-09-20 16:44:00
16.4543,3.6118,11.3117,0.0093,4.4761,3.076,2.475,0.0,3.3587,531.3346,0.5006,1.3485,1.2804,0.2046,2.8291,0.0921,2.2421,0.3689,8.7073,6.086,24.5151,0.1336,2.2553,0.9297,4.1474,0.5949,77.76,66.7668,0.1177,12.5049,51.0451,616.0473,15.7643,41.1198,8.49,104.0964,36.6647,0.0941,0.9977,1.5979,26.7162,0.932,0.8572,0.2517,0.2304,0.2517,66.1561,1.863,2.7936,86.7956,-1,2008-09-20 17:26:00
9.3821,4.3145,11.3117,0.0125,4.4761,3.076,3.014,0.0,1.6801,530.9809,0.9807,1.5889,1.2804,0.3315,2.0869999999999997,0.0858,2.3259,0.2182,8.6149,6.086,26.308000000000003,0.1337,2.2553,0.9297,4.1474,0.5949,79.02,156.5532,0.0779,12.4996,46.7991,611.2764,18.3632,21.9576,9.94,66.6023,36.6647,0.1841,0.9977,1.872,20.6523,0.9366,0.3007,0.4942,0.3574,0.4942,66.2024,2.3253,3.2617,95.9511,-1,2008-09-20 17:29:00
8.6457,3.5871,10.889,0.0116,8.1073,3.0580000000000003,2.821,0.0,3.2079,526.5336,0.3651,2.1099,1.1571,0.1437,5.2027,0.1065,2.6194,0.2265,8.7401,3.234,32.176,0.1299,2.3883,0.5516,3.7346,0.8349,78.53,156.5532,0.0835,12.4692,32.9502,622.7491,30.8411,40.2051,9.6,151.1141,34.297,0.0815,0.9956,1.8232,56.0401,0.9279,0.7497,0.1828,0.2538,0.1827,66.1541,4.3569,3.1446,95.1089,-1,2008-09-20 18:03:00
9.3821,4.3478,6.1909,0.0173,4.3374,2.893,2.483,0.0,1.7835,530.9809,0.7794,2.3721,0.7154,0.2082,3.0392,0.1062,2.3259,0.2182,9.2016,6.002999999999999,31.0753,0.1319,2.2472,0.9419,2.1201,0.5708,76.88,40.4322,0.0779,12.3351,53.211000000000006,618.9382,19.5117,15.8427,9.94,144.8685,34.2455,0.1582,0.9997,1.872,9.2525,0.9301,0.2709,0.3938,0.2917,0.3938,67.0499,2.6329,3.2617,104.8544,-1,2008-09-20 18:21:00
13.1553,5.5782,6.1909,0.0096,4.3374,2.893,3.0869999999999997,0.0,2.1512,533.2855,0.7888,1.8613,0.7154,0.2996,3.6578,0.0752,2.0362,0.2679,9.0639,6.002999999999999,25.1751,0.1339,2.2472,0.9419,2.1201,0.5708,77.68,40.4322,0.0922,12.550999999999998,42.3645,620.9509,20.667,32.0346,6.32,71.3819,34.2455,0.1568,0.9997,1.1851,9.5363,0.9319,0.2071,0.3962,0.3796,0.3962,66.2631,2.6372,2.0635,105.8378,-1,2008-09-20 18:56:00
16.4303,8.686,7.1075,0.0118,5.0222,3.0460000000000003,2.483,0.0,2.233,533.7718,0.7794,1.828,1.0412,0.2082,3.8732,0.091,2.2619,0.3716,9.2016,5.999,30.7097,0.1368,2.2668,0.9472,3.3445,0.5524,76.88,40.4322,0.1072,12.539,50.7104,610.6418,22.6751,15.9183,5.97,83.5931,47.0561,0.1582,0.9974,1.1185,9.7245,0.9346,0.2709,0.3938,0.2917,0.3938,67.0499,2.9678,1.9689,102.7956,-1,2008-09-20 19:14:00
9.3821,6.8634,11.3117,0.0118,4.4761,3.076,2.967,0.0,1.7835,530.9809,0.7251,2.6017,1.2804,0.1815,2.5857,0.0858,2.3259,0.2182,8.9833,6.086,29.1767,0.1305,2.2553,0.9297,4.1474,0.5949,81.19,40.4322,0.0779,12.3351,47.9042,617.5991,19.4007,16.7211,9.94,104.7422,36.6647,0.1457,0.9977,1.872,16.3282,0.9366,0.2207,0.3672,0.2978,0.3672,66.0907,2.6243,3.2617,96.9456,-1,2008-09-20 19:21:00
16.7005,2.9432,6.1909,0.0105,4.3374,2.893,3.074,0.0,2.5461,530.3073,0.7163,1.8307,0.7154,0.4068,4.0439,0.1043,2.4103,0.4025,8.8078,6.002999999999999,33.006,0.1326,2.2472,0.9419,2.1201,0.5708,78.29,40.4322,0.11,12.5682,32.8205,616.48,19.5809,38.756,8.05,132.9488,34.2455,0.1604,0.9997,1.518,12.0092,0.9304,0.1257,0.3598,0.3625,0.3598,66.396,2.693,2.6506,101.3556,-1,2008-09-20 23:34:00
16.7005,3.8322,11.3117,0.0106,4.4761,3.076,4.397,0.0,2.0709,530.3073,0.5093,3.5599,1.2804,0.2083,4.5349,0.1043,2.4103,0.4025,8.1166,6.086,34.3403,0.1364,2.2553,0.9297,4.1474,0.5949,10.24,40.4322,0.11,12.5547,19.1126,614.9991,18.9489,38.756,8.05,484.3951,36.6647,0.102,0.9977,1.518,17.6193,0.9304,0.2072,0.257,0.2776,0.257,66.2506,2.2227,2.6506,91.8511,-1,2008-09-21 00:48:00
16.4543,6.4358,10.889,0.0174,8.1073,3.0580000000000003,3.673,0.0,1.7547,531.3346,0.831,2.4197,1.1571,0.2687,3.0191,0.161,2.2421,0.3689,8.6068,3.234,17.1419,0.1363,2.3883,0.5516,3.7346,0.8349,82.25,71.0108,0.1177,12.5376,19.2192,617.5064,18.0762,38.7536,8.49,131.3319,34.297,0.1683,0.9956,1.5979,9.212,0.9315,0.3508,0.4208,0.3836,0.4209,66.337,2.481,2.7936,101.4578,-1,2008-09-21 01:06:00
9.3821,6.1127,6.1909,0.0112,4.3374,2.893,4.498,0.0,2.233,530.9809,0.7737,1.8521,0.7154,0.2186,4.9628,0.1062,2.3259,0.2182,9.0606,6.002999999999999,34.0617,0.1403,2.2472,0.9419,2.1201,0.5708,10.82,71.0108,0.0779,12.539,51.5188,620.2518,25.9429,15.8427,9.94,135.2225,34.2455,0.1611,0.9997,1.872,21.2704,0.9301,0.2356,0.3907,0.2974,0.3907,66.9764,3.1584,3.2617,97.6267,-1,2008-09-21 02:07:00
17.0028,6.4565,10.889,0.0166,8.1073,3.0580000000000003,4.696000000000001,0.0,1.6735,531.1709,0.6548,2.4197,1.1571,0.2906,3.0191,0.0875,2.2895,0.3893,9.6136,3.234,25.5648,0.1326,2.3883,0.5516,3.7346,0.8349,8.967,71.0108,0.1067,12.5488,20.7207,616.6255,18.0762,32.814,10.44,131.3319,34.297,0.134,0.9956,1.9655,9.212,0.9348,0.3891,0.3334,0.3413,0.3334,66.3826,2.481,3.6654,101.4578,-1,2008-09-21 03:04:00
9.8735,6.9715,11.3117,0.0081,4.4761,3.076,3.5589999999999997,0.0,2.6704,532.7764,0.7094,2.4197,1.2804,0.2763,3.0191,0.1017,2.3109,0.2282,8.6695,6.086,31.622,0.1283,2.2553,0.9297,4.1474,0.5949,79.21,71.0108,0.0744,12.3578,22.6562,620.6055,18.0762,63.5407,6.87,131.3319,36.6647,0.1556,0.9977,1.2895,9.212,0.9314,0.2142,0.3562,0.341,0.3562,66.2322,2.481,2.4626,101.4578,-1,2008-09-21 03:47:00
12.6524,5.1544,6.1909,0.0094,4.3374,2.893,3.3960000000000004,0.0,2.1512,531.0918,0.3396,1.5889,0.7154,0.1726,2.0869999999999997,0.0859,2.4015,0.3038,8.7779,6.002999999999999,30.013,0.1334,2.2472,0.9419,2.1201,0.5708,77.83,71.0108,0.0946,12.550999999999998,37.3396,603.11,18.3632,14.9122,10.18,66.6023,34.2455,0.0702,0.9997,1.9168,20.6523,0.9356,0.7949,0.1701,0.2269,0.1701,66.3369,2.3253,3.4002,95.9511,-1,2008-09-21 04:17:00
9.3821,3.5747,6.1909,0.0112,4.3374,2.893,4.498,0.0,1.7835,530.9809,0.7737,2.3721,0.7154,0.2186,3.0392,0.0858,2.3259,0.2182,9.0606,6.002999999999999,28.2871,0.1343,2.2472,0.9419,2.1201,0.5708,10.82,71.0108,0.0779,12.3351,56.5086,615.2509,19.5117,54.3883,9.94,144.8685,34.2455,0.1611,0.9997,1.872,9.2525,0.9366,0.2356,0.3907,0.2974,0.3907,66.9764,2.6329,3.2617,104.8544,-1,2008-09-21 04:49:00
13.4487,3.7718,12.6978,0.0112,5.1522,2.901,3.3960000000000004,0.0,62.8715,533.9936,0.7743,2.6221,1.4933,0.4295,3.7556,0.1112,2.2318,0.3001,8.8331,5.902,27.717,0.1338,2.2474,0.9086,4.6610000000000005,0.5882,75.34,71.0108,0.0861,12.2981,52.1739,618.0764,20.167,18.2177,8.27,152.976,36.7071,0.16,0.9986,1.5487,5.7305,0.9316,0.2679,0.3935,0.3261,0.3935,66.0106,2.5497,2.7629,100.6922,-1,2008-09-21 07:30:00
13.7684,5.3483,10.889,0.0199,8.1073,3.0580000000000003,3.758,0.0,1.925,535.9636,0.6911,1.6088,1.1571,0.327,3.0756,0.0881,2.2026,0.3033,9.0776,3.234,22.1771,0.1368,2.3883,0.5516,3.7346,0.8349,77.92,86.97399999999999,0.0956,11.9482,34.5572,618.0536,18.447,10.8294,6.77,48.8941,34.297,0.1524,0.9956,1.2631,8.2539,0.9256,0.2787,0.3488,0.3197,0.3488,66.995,2.2841,2.1846,100.6189,-1,2008-09-21 07:55:00
13.1553,7.7983,12.6978,0.0126,5.1522,2.901,2.541,0.0,1.1198,533.2855,0.774,2.6017,1.4933,0.3395,2.5857,0.1017,2.0362,0.2679,8.8546,5.902,30.0271,0.1242,2.2474,0.9086,4.6610000000000005,0.5882,80.2,38.9976,0.0922,12.5027,54.3791,617.2882,19.4007,16.7211,6.32,104.7422,36.7071,0.1564,0.9986,1.1851,16.3282,0.9315,0.4267,0.3927,0.3738,0.3926,66.2479,2.6243,2.0635,96.9456,-1,2008-09-21 08:22:00
15.7989,5.2201,6.1909,0.018,4.3374,2.893,3.08,0.0,62.8715,531.2973,0.7097,2.6017,0.7154,0.2729,2.5857,0.1092,1.9279,0.3046,8.9979,6.002999999999999,26.2439,0.1299,2.2472,0.9419,2.1201,0.5708,78.42,78.6294,0.0864,12.2981,61.2903,623.0718,19.4007,16.7211,9.12,104.7422,34.2455,0.1377,0.9997,1.7166,16.3282,0.9317,0.3814,0.3589,0.4163,0.359,66.2937,2.6243,3.312,96.9456,-1,2008-09-21 08:49:00
14.4089,4.2753,12.6978,0.0146,5.1522,2.901,3.2060000000000004,0.0,1.7554,532.7455,0.7076,1.8307,1.4933,0.2989,4.0439,0.0858,1.7255,0.2486,8.8548,5.902,29.7647,0.1307,2.2474,0.9086,4.6610000000000005,0.5882,81.13,34.1793,0.0846,12.5331,43.849,605.9036,19.5809,14.9122,7.04,132.9488,36.7071,0.1633,0.9986,1.3215,12.0092,0.9366,0.1459,0.3549,0.3752,0.3549,65.9589,2.693,2.5165,101.3556,-1,2008-09-21 09:16:00
96.9601,6.5144,12.6978,0.0077,5.1522,2.901,3.074,0.0,2.8684,504.9173,0.682,2.3721,1.4933,0.3575,3.0392,0.1187,2.2656,2.1967,9.0425,5.902,22.3049,0.1299,2.2474,0.9086,4.6610000000000005,0.5882,78.29,34.1793,0.5502,12.5504,28.8525,614.0727,19.5117,38.756,438.87,144.8685,36.7071,0.1324,0.9986,86.9192,9.2525,0.9341,0.1809,0.3461,0.3155,0.3461,67.1943,2.6329,131.4529,104.8544,-1,2008-09-21 09:31:00
96.9601,6.1962,12.6978,0.01,5.1522,2.901,3.256,0.0,2.6704,504.9173,0.5258,1.8307,1.4933,0.2363,4.0439,0.1187,2.2656,2.1967,8.3663,5.902,23.5781,0.129,2.2474,0.9086,4.6610000000000005,0.5882,80.62,34.1793,0.5502,12.3578,55.0265,610.9945,19.5809,16.7211,438.87,132.9488,36.7071,0.1096,0.9986,86.9192,12.0092,0.9341,0.128,0.2655,0.2896,0.2654,66.0272,2.693,131.4529,101.3556,-1,2008-09-21 10:07:00
16.4543,7.4407,12.6978,0.0125,5.1522,2.901,3.256,0.0,1.925,531.3346,0.5258,1.7274,1.4933,0.2363,3.9196,0.0911,2.2421,0.3689,8.3663,5.902,21.3248,0.1334,2.2474,0.9086,4.6610000000000005,0.5882,80.62,34.1793,0.1177,11.9482,58.6387,614.4236,20.4491,16.7211,8.49,147.6612,36.7071,0.1096,0.9986,1.5979,4.1812,0.932,0.128,0.2655,0.2896,0.2654,66.0272,2.5978,2.7936,99.9211,-1,2008-09-21 10:49:00
18.3953,1.942,12.6978,0.0093,5.1522,2.901,2.955,0.0,17.8076,529.8718,0.6275,1.7274,1.4933,0.1913,3.9196,0.0699,1.9408,0.357,8.9191,5.902,28.769,0.1334,2.2474,0.9086,4.6610000000000005,0.5882,79.82,139.7237,0.1083,12.3543,49.4325,610.1736,20.4491,16.7211,6.33,147.6612,36.7071,0.1548,0.9986,1.1946,4.1812,0.932,0.3075,0.3179,0.4046,0.3179,66.3044,2.5978,2.1429,99.9211,-1,2008-09-21 11:33:00
9.0462,4.8741,10.889,0.0099,8.1073,3.0580000000000003,2.541,0.0,1.8384,532.1636,0.774,3.3846,1.1571,0.3395,2.9624,0.0895,1.7199,0.1556,8.8546,3.234,22.0576,0.1355,2.3883,0.5516,3.7346,0.8349,80.2,35.6702,0.0502,12.5106,25.3968,615.8473,9.1013,17.3587,8.98,111.5857,34.297,0.1564,0.9956,1.6874,82.9177,0.9314,0.4267,0.3927,0.3738,0.3926,66.2479,0.9609,2.8688,96.6256,-1,2008-09-21 12:04:00
10.5023,4.8971,7.9272,0.0119,4.194,2.783,5.31,0.0,2.6704,532.8227,0.4109,1.5889,0.9665,0.1165,2.0869999999999997,0.1017,2.3242,0.2441,8.8581,5.854,27.7436,0.1334,2.2527,0.9057,3.2298,0.5833,13.6,35.6702,0.0697,12.3578,34.7826,612.8964,18.3632,14.9122,11.76,66.6023,40.7432,0.0827,0.9951,2.2071,20.6523,0.9314,0.8703,0.206,0.2714,0.206,66.1061,2.3253,4.0477,95.9511,-1,2008-09-21 14:30:00
10.9598,4.5385,7.9272,0.0184,4.194,2.783,2.483,0.0,1.7554,530.9173,0.7794,1.5057,0.9665,0.2082,2.2544,0.1062,1.7153,0.188,9.2016,5.854,20.3987,0.1348,2.2527,0.9057,3.2298,0.5833,76.88,35.6702,0.0731,12.5331,24.0964,628.3527,15.1502,10.8507,7.36,164.1905,40.7432,0.1582,0.9951,1.3863,10.8363,0.9301,0.2709,0.3938,0.2917,0.3938,67.0499,1.7564,2.3911,98.9011,-1,2008-09-21 14:31:00
16.7005,2.2386,12.6978,0.0107,5.1522,2.901,4.696000000000001,0.0,2.5461,530.3073,0.6548,1.6699,1.4933,0.2906,2.503,0.1014,2.4103,0.4025,9.6136,5.902,29.572,0.1386,2.2474,0.9086,4.6610000000000005,0.5882,8.967,35.6702,0.11,12.5682,47.3684,618.0636,16.4729,21.9576,8.05,102.3507,36.7071,0.134,0.9986,1.518,13.2147,0.931,0.3891,0.3334,0.3413,0.3334,66.3826,2.0115,2.6506,103.2378,-1,2008-09-21 14:33:00
10.8309,8.1214,12.6978,0.0122,5.1522,2.901,2.736,0.0,2.5461,531.1982,0.6787,1.4799,1.4933,0.2922,2.1737,0.0859,2.2418,0.2428,8.1161,5.902,31.6501,0.1369,2.2474,0.9086,4.6610000000000005,0.5882,81.74,88.3754,0.0616,12.5682,64.0,603.9709,17.5121,16.7211,10.63,155.6591,36.7071,0.1314,0.9986,2.0011,16.5372,0.9356,0.1877,0.3427,0.3178,0.3428,66.1149,2.41,3.6826,94.2089,-1,2008-09-21 15:15:00
13.1943,6.528,7.9272,0.0153,4.194,2.783,2.483,0.0,2.6704,533.3073,0.7794,1.8307,0.9665,0.2082,4.0439,0.1033,2.349,0.3099,9.2016,5.854,29.6056,0.1334,2.2527,0.9057,3.2298,0.5833,76.88,88.3754,0.0994,12.3578,51.1685,622.2427,19.5809,15.9183,10.19,132.9488,40.7432,0.1582,0.9951,1.9107,12.0092,0.9316,0.2709,0.3938,0.2917,0.3938,67.0499,2.693,3.577,101.3556,-1,2008-09-21 15:26:00
13.1943,7.0549,12.6978,0.0129,5.1522,2.901,2.967,0.0,1.7835,533.3073,0.7251,1.5889,1.4933,0.1815,2.0869999999999997,0.0861,2.349,0.3099,8.9833,5.902,27.2525,0.135,2.2474,0.9086,4.6610000000000005,0.5882,81.19,102.5241,0.0994,12.3351,32.4094,621.6927,18.3632,21.9576,10.19,66.6023,36.7071,0.1457,0.9986,1.9107,20.6523,0.9349,0.2207,0.3672,0.2978,0.3672,66.0907,2.3253,3.577,95.9511,-1,2008-09-21 15:34:00
11.8225,4.2076,7.9272,0.0111,4.194,2.783,3.182,0.0,2.246,533.2873,0.4453,1.7274,0.9665,0.1275,3.9196,0.0875,2.3473,0.2775,8.8519,5.854,25.4763,0.1369999999999999,2.2527,0.9057,3.2298,0.5833,77.44,102.5241,0.0824,12.9116,35.1531,610.7891,20.4491,16.7211,10.93,147.6612,40.7432,0.1058,0.9951,2.0496,4.1812,0.9348,0.8599,0.2235,0.2438,0.2235,66.1883,2.5978,3.7154,99.9211,-1,2008-09-21 16:43:00
8.6853,4.5105,7.9272,0.0071,4.194,2.783,4.042,0.0,3.3837,529.5955,0.7075,2.6017,0.9665,0.337,2.5857,0.1017,2.1619,0.1878,8.7997,5.854,29.7411,0.1388,2.2527,0.9057,3.2298,0.5833,80.22,102.5241,0.0563,12.4124,59.9287,618.1164,19.4007,16.7211,8.0099,104.7422,40.7432,0.1507,0.9951,1.5125,16.3282,0.9315,0.2591,0.3574,0.3127,0.3574,66.3839,2.6243,2.6198,96.9456,-1,2008-09-21 17:26:00
96.9601,5.7046,7.9272,0.0128,4.194,2.783,3.3960000000000004,0.0,2.2597,504.9173,0.3396,1.4077,0.9665,0.1726,2.907,0.1017,2.2656,2.1967,8.7779,5.854,29.4088,0.1403,2.2527,0.9057,3.2298,0.5833,77.83,102.5241,0.5502,12.390999999999998,44.5993,618.42,17.8031,16.7211,438.87,103.688,40.7432,0.0702,0.9951,86.9192,39.3893,0.9314,0.7949,0.1701,0.2269,0.1701,66.3369,2.1981,131.4529,99.4189,-1,2008-09-21 17:30:00
12.7241,5.2422,10.889,0.0208,8.1073,3.0580000000000003,3.675,0.0,1.9355,533.6364,0.4241,2.0831,1.1571,0.2591,3.234,0.0834,2.2904,0.2914,8.2981,3.234,26.26145,0.1299,2.3883,0.5516,3.7346,0.8349,80.57,102.5241,0.1056,12.3996,24.3013,619.0327,19.5809,56.0174,13.09,110.6014,34.297,0.0862,0.9956,2.4530000000000003,20.2551,0.9252,0.1184,0.2147,0.3233,0.2148,65.9373,2.5481,4.4838,101.5122,-1,2008-09-21 18:12:00
13.283,6.6096,7.9272,0.0174,4.194,2.783,2.617,0.0,1.6768,531.8455,0.7637,2.2149,0.9665,0.2474,2.3362,0.0713,2.2544,0.2994,8.7015,5.854,30.6344,0.1354,2.2527,0.9057,3.2298,0.5833,80.86,102.5241,0.0888,12.5237,50.7463,614.7945,15.8475,11.6455,8.64,96.2566,40.7432,0.1568,0.9951,1.6245,27.5945,0.9311,0.292,0.3866,0.3651,0.3867,66.2507,1.8436,3.0979,96.7567,-1,2008-09-21 19:19:00
13.1943,7.5303,7.9272,0.0111,4.194,2.783,2.736,0.0,2.6704,533.3073,0.6787,1.5889,0.9665,0.2922,2.0869999999999997,0.0861,2.349,0.3099,8.1161,5.854,30.4948,0.1355,2.2527,0.9057,3.2298,0.5833,81.74,41.2277,0.0994,12.3578,32.1788,608.12,18.3632,14.9122,10.19,66.6023,40.7432,0.1314,0.9951,1.9107,20.6523,0.9349,0.1877,0.3427,0.3178,0.3428,66.1149,2.3253,3.577,95.9511,-1,2008-09-21 20:35:00
12.6982,4.6662,7.9272,0.011,4.194,2.783,4.329,0.0,2.5461,532.4564,0.4154,3.6157,0.9665,0.1853,3.9193,0.1043,1.9432,0.2467,8.6611,5.854,33.7075,0.133,2.2527,0.9057,3.2298,0.5833,77.33,197.5077,0.0762,12.5682,204.5307,618.3364,19.4422,16.7211,11.65,175.1715,40.7432,0.1144,0.9951,2.188,8.9708,0.9304,1.4754,0.2403,0.2597,0.2403,66.3012,2.5085,3.9387,103.5944,-1,2008-09-21 21:54:00
19.6759,5.5115,7.9272,0.019,4.194,2.783,2.911,0.0,1.8384,530.5682,0.8288,2.1982,0.9665,0.3139,5.4993,0.161,2.1417,0.4214,9.0811,5.854,22.513,0.1322,2.2527,0.9057,3.2298,0.5833,78.98,197.5077,0.1085,12.5106,66.881,610.0409,28.4987,28.8069,10.87,84.9269,40.7432,0.1567,0.9951,2.0487,33.6187,0.9315,0.2193,0.4195,0.3455,0.4195,67.0243,3.5528,3.7567,85.6589,-1,2008-09-21 22:02:00
9.3821,3.952,5.9534,0.0149,3.6166,3.06,2.736,0.0,1.7835,530.9809,0.6787,1.8307,0.6244,0.2922,4.0439,0.0858,2.3259,0.2182,8.1161,5.675,26.3407,0.1305,2.2445,0.8757,2.332,0.6304,81.74,197.5077,0.0779,12.3351,48.9412,613.3891,19.5809,21.9576,9.94,132.9488,39.171,0.1314,0.9965,1.872,12.0092,0.9366,0.1877,0.3427,0.3178,0.3428,66.1149,2.693,3.2617,101.3556,-1,2008-09-22 00:12:00
23.1735,5.7503,5.9534,0.0153,3.6166,3.06,3.054,0.0,3.2079,532.0973,0.5782,1.7027,0.6244,0.3478,2.8709,0.1103,2.1448,0.497,8.3591,5.675,33.4282,0.1272,2.2445,0.8757,2.332,0.6304,79.94,197.5077,0.1443,12.4692,33.9061,628.8636,19.1745,70.6158,9.6,102.7344,39.171,0.1119,0.9965,1.8042,7.8584,0.9297,0.2154,0.2914,0.3253,0.2914,65.973,2.5175,3.3367,101.9178,-1,2008-09-22 00:28:00
19.6759,4.0633,5.9534,0.0123,3.6166,3.06,3.05,0.0,1.8384,530.5682,0.6958,1.4077,0.6244,0.3968,2.907,0.161,2.1417,0.4214,8.7932,5.675,23.9411,0.1272,2.2445,0.8757,2.332,0.6304,79.27,197.5077,0.1085,12.5106,76.9716,610.2682,17.8031,40.721,10.87,103.688,39.171,0.1512,0.9965,2.0487,39.3893,0.9315,0.2923,0.3487,0.3577,0.3487,66.2803,2.1981,3.7567,99.4189,-1,2008-09-22 00:47:00
9.3821,3.0271,5.9534,0.0129,3.6166,3.06,5.31,0.0,1.6801,530.9809,0.4109,2.2984,0.6244,0.1165,4.6113,0.084,2.3259,0.2182,8.8581,5.675,25.0547,0.1334,2.2445,0.8757,2.332,0.6304,13.6,197.5077,0.0779,12.4996,40.0409,612.1264,25.4956,35.5082,9.94,105.4853,39.171,0.0827,0.9965,1.872,6.4782,0.9365,0.8703,0.206,0.2714,0.206,66.1061,3.1949,3.2617,104.36,-1,2008-09-22 01:43:00
8.6853,3.9671,5.9534,0.0073,3.6166,3.06,2.9189999999999996,0.0,3.3837,529.5955,0.5667,1.4077,0.6244,0.271,2.907,0.1017,2.1619,0.1878,8.7373,5.675,32.8121,0.1273,2.2445,0.8757,2.332,0.6304,80.63,32.2058,0.0563,12.4124,31.8658,615.5991,17.8031,16.7211,8.0099,103.688,39.171,0.1064,0.9965,1.5125,39.3893,0.9315,0.3303,0.2865,0.3104,0.2865,66.2031,2.1981,2.6198,99.4189,-1,2008-09-22 03:51:00
96.9601,3.5046,9.64,0.0164,6.6795,3.074,2.9189999999999996,0.0,2.2597,504.9173,0.5667,1.386,1.2904,0.271,2.5182,0.1065,2.2656,2.1967,8.7373,3.265,28.0815,0.1286,2.2569,0.5581,3.7313,0.8145,80.63,32.2058,0.5502,12.390999999999998,45.8537,619.4909,16.4196,31.9092,438.87,132.0336,38.7063,0.1064,0.9994,86.9192,24.5175,0.9279,0.3303,0.2865,0.3104,0.2865,66.2031,2.1823,131.4529,86.81,-1,2008-09-22 06:05:00
13.1943,5.8034,5.9534,0.0125,3.6166,3.06,2.736,0.0,1.7835,533.3073,0.6787,1.5889,0.6244,0.2922,2.0869999999999997,0.091,2.349,0.3099,8.1161,5.675,24.7756,0.1286,2.2445,0.8757,2.332,0.6304,81.74,32.2058,0.0994,12.3351,33.9343,609.6573,18.3632,14.9122,10.19,66.6023,39.171,0.1314,0.9965,1.9107,20.6523,0.9346,0.1877,0.3427,0.3178,0.3428,66.1149,2.3253,3.577,95.9511,-1,2008-09-22 07:12:00
9.6506,3.0357,12.445,0.0156,5.4654,3.293,3.33,0.0,2.3851,533.1418,0.5875,1.2905,1.4641,0.3289999999999999,5.3765,0.0895,2.0876,0.2015,8.8836,3.5410000000000004,19.7445,0.133,2.4025,0.6238,4.4012,0.8201,79.35,32.2058,0.0633,12.5782,33.1688,616.1045,27.6399,68.3558,10.58,122.7445,35.3652,0.1225,1.001,1.9845,34.7855,0.9314,0.1162,0.2943,0.3564,0.2943,65.9357,3.38,3.6281,83.4233,-1,2008-09-22 10:43:00
20.3592,2.9801,9.64,0.0126,6.6795,3.074,2.6660000000000004,0.0,17.8076,533.4773,0.6479,2.4206,1.2904,0.3673,3.1176,0.0858,2.2113,0.4502,9.1287,3.265,27.984,0.1368,2.2569,0.5581,3.7313,0.8145,78.52,79.1086,0.1271,12.3543,19.4647,608.4873,19.6608,56.0228,7.28,94.5689,38.7063,0.1355,0.9994,1.3646,10.7198,0.9366,0.1964,0.3275,0.3218,0.3275,66.921,2.5713,2.2773,105.6256,-1,2008-09-22 11:50:00
16.7005,3.6399,9.64,0.0097,6.6795,3.074,4.498,0.0,1.7554,530.3073,0.7737,1.9845,1.2904,0.2186,4.8431,0.1062,2.4103,0.4025,9.0606,3.265,31.7039,0.1388,2.2569,0.5581,3.7313,0.8145,10.82,79.1086,0.11,12.5331,41.4986,612.67,14.9588,49.5678,8.05,139.80700000000002,38.7063,0.1611,0.9994,1.518,48.8633,0.9301,0.2356,0.3907,0.2974,0.3907,66.9764,2.0976,2.6506,92.6178,-1,2008-09-22 12:11:00
13.1943,7.4066,9.64,0.0163,6.6795,3.074,2.967,0.0,1.6801,533.3073,0.7251,1.5889,1.2904,0.1815,2.0869999999999997,0.1033,2.349,0.3099,8.9833,3.265,32.4481,0.1334,2.2569,0.5581,3.7313,0.8145,81.19,79.1086,0.0994,12.4996,36.404,615.0427,18.3632,38.756,10.19,66.6023,38.7063,0.1457,0.9994,1.9107,20.6523,0.9316,0.2207,0.3672,0.2978,0.3672,66.0907,2.3253,3.577,95.9511,-1,2008-09-22 12:45:00
20.3592,4.7778,10.2238,0.0092,4.9378,2.85,2.6660000000000004,0.0,17.8076,533.4773,0.6479,1.9845,1.266,0.3673,4.8431,0.091,2.2113,0.4502,9.1287,5.904,27.5479,0.13,2.2596,0.873,3.7795,0.5482,78.52,79.1086,0.1271,12.3543,70.7965,613.0145,14.9588,15.9183,7.28,139.80700000000002,36.9678,0.1355,1.0,1.3646,48.8633,0.9346,0.1964,0.3275,0.3218,0.3275,66.921,2.0976,2.2773,92.6178,-1,2008-09-22 13:03:00
10.8309,2.0773,5.9534,0.0151,3.6166,3.06,5.205,0.0,1.9118,531.1982,0.4107,2.2149,0.6244,0.355,2.3362,0.0859,2.2418,0.2428,8.7548,5.675,27.4876,0.1236,2.2445,0.8757,2.332,0.6304,8.011000000000001,79.1086,0.0616,12.5535,55.4572,609.7173,15.8475,40.721,10.63,96.2566,39.171,0.086,0.9965,2.0011,27.5945,0.9356,0.2855,0.2086,0.3232,0.2086,66.37100000000001,1.8436,3.6826,96.7567,-1,2008-09-22 14:24:00
18.3953,5.7275,10.2238,0.0095,4.9378,2.85,2.955,0.0,17.8076,529.8718,0.6275,1.4761,1.266,0.1913,3.3329,0.0686,1.9408,0.357,8.9191,5.904,26.7205,0.1293,2.2596,0.873,3.7795,0.5482,79.82,79.1086,0.1083,12.3543,100.0,611.4118,16.3576,35.5082,6.33,131.5919,36.9678,0.1548,1.0,1.1946,53.2867,0.9311,0.3075,0.3179,0.4046,0.3179,66.3044,1.9066,2.1429,99.6067,-1,2008-09-22 14:27:00
13.5789,5.4246,7.0388,0.0164,7.1611,3.141,5.437,0.0,2.1434,531.0518,0.6221,1.7397,0.8740000000000001,0.1423,3.9994,0.0686,1.8932,0.2571,9.4336,5.985,33.8834,0.1357,2.2634,0.8843,2.6955,0.5793,13.97,79.1086,0.0756,12.5967,65.557,610.0382,20.1329,35.9702,6.8,132.5011,38.2949,0.1344,0.9978,1.2805,10.7294,0.9311,0.1828,0.3139,0.3997,0.3139,66.3004,2.6323,2.4258,100.9367,-1,2008-09-22 14:36:00
9.3821,5.5751,9.64,0.0127,6.6795,3.074,2.6660000000000004,0.0,2.233,530.9809,0.6479,1.8307,1.2904,0.3673,4.0439,0.0858,2.3259,0.2182,9.1287,3.265,29.9623,0.1382,2.2569,0.5581,3.7313,0.8145,78.52,79.1086,0.0779,12.539,18.7755,605.5936,19.5809,15.9183,9.94,132.9488,38.7063,0.1355,0.9994,1.872,12.0092,0.9366,0.1964,0.3275,0.3218,0.3275,66.921,2.693,3.2617,101.3556,-1,2008-09-22 16:25:00
54.8262,4.3681,7.0388,0.0132,7.1611,3.141,3.074,0.0,2.4718,524.2318,0.6541,1.7397,0.8740000000000001,0.17,3.9994,0.0847,2.0104,1.1022,8.897,5.985,23.9811,0.1411,2.2634,0.8843,2.6955,0.5793,78.29,79.1086,0.3632,12.5412,38.5542,626.5491,20.1329,35.9702,436.52,132.5011,38.2949,0.1295,0.9978,83.2685,10.7294,0.9299,0.8123,0.3279999999999999,0.2903,0.3279999999999999,66.2412,2.6323,149.184,100.9367,-1,2008-09-22 21:30:00
13.1553,2.5684,7.0388,0.0116,7.1611,3.141,2.955,0.0,17.8076,533.2855,0.6275,1.4799,0.8740000000000001,0.1913,2.1737,0.1087,2.0362,0.2679,8.9191,5.985,34.2074,0.1289,2.2634,0.8843,2.6955,0.5793,79.82,79.1086,0.0922,12.3543,35.3201,617.8882,17.5121,14.9122,6.32,155.6591,38.2949,0.1548,0.9978,1.1851,16.5372,0.9325,0.3075,0.3179,0.4046,0.3179,66.3044,2.41,2.0635,94.2089,-1,2008-09-22 21:31:00
24.3541,7.8399,7.0388,0.013,7.1611,3.141,3.0869999999999997,0.0,2.4718,533.9982,0.7888,1.6184,0.8740000000000001,0.2996,4.1117,0.1092,1.8821,0.4584,9.0639,5.985,28.709,0.1284,2.2634,0.8843,2.6955,0.5793,77.68,79.1086,0.133,12.5412,56.7164,619.01,23.6656,35.5082,7.45,88.9557,38.2949,0.1568,0.9978,1.3951,20.8443,0.9317,0.2071,0.3962,0.3796,0.3962,66.2631,3.2353,2.5183,101.9733,-1,2008-09-22 22:15:00
10.8309,5.9176,5.9534,0.0147,3.6166,3.06,2.8169999999999997,0.0,2.1512,531.1982,0.759,1.7274,0.6244,0.3723,3.9196,0.084,2.2418,0.2428,8.9221,5.675,25.6619,0.1275,2.2445,0.8757,2.332,0.6304,79.04,30.6806,0.0616,12.550999999999998,45.6641,608.9036,20.4491,16.7211,10.63,147.6612,39.171,0.1603,0.9965,2.0011,4.1812,0.9365,0.2572,0.3847,0.346,0.3847,66.2022,2.5978,3.6826,99.9211,-1,2008-09-22 22:17:00
16.7005,6.2586,10.188,0.0136,7.8651,3.107,4.696000000000001,0.0,2.0709,530.3073,0.6548,1.9487,1.3704,0.2906,1.3996,0.1014,2.4103,0.4025,9.6136,3.431,29.8238,0.1299,2.2527,0.5669,4.0617,0.7595,8.967,38.0467,0.11,12.5547,31.0148,622.3882,10.578,16.7211,8.05,188.9208,39.8676,0.134,0.9954,1.518,18.3689,0.931,0.3891,0.3334,0.3413,0.3334,66.3826,1.3369,2.6506,84.9267,-1,2008-09-22 23:01:00
8.6853,3.7167,10.188,0.0143,7.8651,3.107,3.071,0.0,3.3837,529.5955,0.7673,1.4077,1.3704,0.4227,2.907,0.1017,2.1619,0.1878,8.58,3.431,31.8429,0.136,2.2527,0.5669,4.0617,0.7595,79.04,41.6047,0.0563,12.4124,52.6523,618.19,17.8031,16.7211,8.0099,103.688,39.8676,0.1533,0.9954,1.5125,39.3893,0.9315,0.3927,0.3889,0.2976,0.389,66.2596,2.1981,2.6198,99.4189,-1,2008-09-22 23:10:00
18.3953,10.0705,9.64,0.0137,6.6795,3.074,2.955,0.0,62.8715,529.8718,0.6275,2.2984,1.2904,0.1913,4.6113,0.0699,1.9408,0.357,8.9191,3.265,26.448,0.1351,2.2569,0.5581,3.7313,0.8145,79.82,41.6047,0.1083,12.2981,55.9242,613.5191,25.4956,35.5082,6.33,105.4853,38.7063,0.1548,0.9994,1.1946,6.4782,0.932,0.3075,0.3179,0.4046,0.3179,66.3044,3.1949,2.1429,104.36,-1,2008-09-23 00:57:00
10.5023,6.0422,9.64,0.0075,6.6795,3.074,2.7910000000000004,0.0,2.6704,532.8227,0.5844,1.156,1.2904,0.2521,2.8546,0.0861,2.3242,0.2441,8.5571,3.265,29.1572,0.1317,2.2569,0.5581,3.7313,0.8145,78.29,114.4153,0.0697,12.3578,72.0801,614.9327,17.428,35.5082,11.76,80.1192,38.7063,0.1181,0.9994,2.2071,25.0931,0.9349,0.1838,0.2945,0.3087,0.2945,66.145,2.2919,4.0477,101.1833,-1,2008-09-23 06:44:00
8.6853,3.8687,10.188,0.012,7.8651,3.107,2.5839999999999996,0.0,2.0709,529.5955,0.423,1.0089,1.3704,0.1813,2.4633,0.1017,2.1619,0.1878,8.6544,3.431,28.3474,0.1356,2.2527,0.5669,4.0617,0.7595,80.67,114.4153,0.0563,12.5547,20.3144,619.0618,17.0232,35.5082,8.0099,183.9802,39.8676,0.0867,0.9954,1.5125,40.7632,0.9315,0.3039,0.2238,0.3319,0.2238,66.2357,2.1345,2.6198,96.14,-1,2008-09-23 06:44:00
12.5645,5.9771,10.101,0.0109,6.3102,3.017,3.0869999999999997,0.0,2.4817,533.3391,0.7888,2.2477,1.6901,0.2996,4.7419,0.0686,1.9511,0.2452,9.0639,3.082,22.8144,0.13,2.2864,0.4949,4.1716,0.8253,77.68,103.5848,0.0713,12.4912,35.3266,616.7927,23.4306,8.4661,5.85,141.0297,41.2989,0.1568,0.9979,1.0969,27.4614,0.9311,0.2071,0.3962,0.3796,0.3962,66.2631,3.057,1.9365,102.2822,-1,2008-09-23 06:52:00
8.6853,6.4316,13.6825,0.0146,4.3377,3.252,2.955,0.0,2.0709,529.5955,0.6275,2.3433,2.0109,0.1913,2.585,0.1017,2.1619,0.1878,8.9191,2.9560000000000004,25.4657,0.1351,2.4023,0.491,5.9284,0.8307,79.82,103.5848,0.0563,12.5547,27.9518,617.7618,17.3846,20.2425,8.0099,62.001000000000005,43.3282,0.1548,0.9977,1.5125,31.3024,0.9315,0.3075,0.3179,0.4046,0.3179,66.3044,2.035,2.6198,95.7489,-1,2008-09-23 07:58:00
13.1943,4.1454,13.6825,0.0127,4.3377,3.252,2.736,0.0,2.4599,533.3073,0.6787,2.3040000000000003,2.0109,0.2922,2.4311,0.091,2.349,0.3099,8.1161,2.9560000000000004,24.2792,0.1383,2.4023,0.491,5.9284,0.8307,81.74,103.5848,0.0994,12.602,24.5059,608.8064,17.2987,26.4387,10.19,184.504,43.3282,0.1314,0.9977,1.9107,26.3059,0.9346,0.1877,0.3427,0.3178,0.3428,66.1149,2.3615,3.577,93.7522,-1,2008-09-23 08:11:00
13.7684,4.0088,13.6825,0.0133,4.3377,3.252,2.9360000000000004,0.0,3.4218,535.9636,0.7768,2.2984,2.0109,0.246,4.6113,0.0733,2.2026,0.3033,8.6772,2.9560000000000004,30.0456,0.1307,2.4023,0.491,5.9284,0.8307,79.86,65.1609,0.0956,12.5665,58.7571,609.9309,25.4956,35.5082,6.77,105.4853,43.3282,0.1447,0.9977,1.2631,6.4782,0.9376,0.3771,0.3916,0.3326,0.3916,66.2913,3.1949,2.1846,104.36,-1,2008-09-23 09:43:00
13.283,14.089,15.8181,0.0116,4.1251,2.8939999999999997,2.483,0.0,1.7547,531.8455,0.7794,1.6184,2.028,0.2082,4.1117,0.0713,2.2544,0.2994,9.2016,5.76,28.0697,0.1289,2.276,0.8899,6.3747,0.6029,76.88,65.1609,0.0888,12.5376,29.2596,612.7718,23.6656,35.5082,8.64,88.9557,40.3,0.1582,0.9971,1.6245,20.8443,0.9311,0.2709,0.3938,0.2917,0.3938,67.0499,3.2353,3.0979,101.9733,1,2008-09-23 11:14:00
11.28,3.2156,8.4712,0.0065,2.5575,3.266,4.938,0.0,2.385,528.7673,0.5488,2.4138,1.3294,0.2269,4.6164,0.0811,1.9809,0.2234,8.6799,3.108,30.4269,0.1269,2.4349,0.5551,3.8875,0.8046,8.517999999999999,65.1609,0.0615,12.5786,62.5938,614.23,23.4849,35.9702,6.95,106.0661,45.8906,0.1106,0.9997,1.3144,6.814,0.9331,0.2686,0.2776,0.3379,0.2776,66.3052,3.0725,2.229,103.8978,-1,2008-09-23 11:42:00
14.6455,3.3779,8.4712,0.013,2.5575,3.266,3.08,0.0,2.4599,530.1782,0.7097,2.4714,1.3294,0.2729,2.4302,0.0842,1.9155,0.2805,8.9979,3.108,25.7035,0.1305,2.4349,0.5551,3.8875,0.8046,78.42,65.1609,0.0941,12.602,21.3058,625.27,18.9784,39.9476,10.78,186.7063,45.8906,0.1377,0.9997,2.0333,21.4288,0.931,0.3814,0.3589,0.4163,0.359,66.2937,2.6174,3.4542,98.89,-1,2008-09-23 11:43:00
14.9298,2.8666,8.4712,0.0117,2.5575,3.266,3.2,0.0,2.385,531.4064,0.5388,1.7129,1.3294,0.2413,2.8636,0.0939,2.0135,0.3006,9.0942,3.108,27.4264,0.1373,2.4349,0.5551,3.8875,0.8046,79.86,65.1609,0.1047,12.5786,31.8756,620.2973,18.0882,48.4814,9.96,58.5891,45.8906,0.1265,0.9997,1.8743,25.9611,0.9322,0.1642,0.2702,0.3991,0.2702,66.3203,2.3341,3.5767,95.7967,-1,2008-09-23 12:29:00
18.3953,4.6156,13.6825,0.0133,4.3377,3.252,2.544,0.0,62.8715,529.8718,0.6084,2.4714,2.0109,0.1523,2.4302,0.1112,1.9408,0.357,8.9132,2.9560000000000004,31.0165,0.1373,2.4023,0.491,5.9284,0.8307,80.33,106.5582,0.1083,12.2981,28.1843,615.2391,18.9784,70.4477,6.33,186.7063,43.3282,0.1287,0.9977,1.1946,21.4288,0.9316,0.2404,0.3052,0.3956,0.3052,66.2465,2.6174,2.1429,98.89,-1,2008-09-23 12:31:00
14.6455,6.5737,13.6825,0.0099,4.3377,3.252,2.541,0.0,1.5891,530.1782,0.774,1.7397,2.0109,0.3395,3.9994,0.0699,1.9155,0.2805,8.8546,2.9560000000000004,29.453000000000003,0.1273,2.4023,0.491,5.9284,0.8307,80.2,76.751,0.0941,12.5861,26.7841,611.2555,20.1329,35.9702,10.78,132.5011,43.3282,0.1564,0.9977,2.0333,10.7294,0.932,0.4267,0.3927,0.3738,0.3926,66.2479,2.6323,3.4542,100.9367,-1,2008-09-23 12:46:00
14.6455,3.8989,8.4712,0.0108,2.5575,3.266,2.8169999999999997,0.0,2.4599,530.1782,0.6709,1.7129,1.3294,0.2298,2.8636,0.0842,1.9155,0.2805,8.5862,3.108,26.1779,0.1355,2.4349,0.5551,3.8875,0.8046,80.26,79.617,0.0941,12.602,29.927,622.3518,18.0882,39.9476,10.78,58.5891,45.8906,0.1464,0.9997,2.0333,25.9611,0.931,0.3795,0.3387,0.4159,0.3387,66.2443,2.3341,3.4542,95.7967,-1,2008-09-23 13:37:00
8.6853,9.2151,10.101,0.0078,6.3102,3.017,5.437,0.0,17.8076,529.5955,0.6221,1.3969999999999998,1.6901,0.1423,2.6964,0.0684,2.1619,0.1878,9.4336,3.082,32.1132,0.1289,2.2864,0.4949,4.1716,0.8253,13.97,79.617,0.0563,12.3543,23.0415,615.4118,16.8104,20.2425,8.0099,112.1602,41.2989,0.1344,0.9979,1.5125,21.6539,0.931,0.1828,0.3139,0.3997,0.3139,66.3004,2.1644,2.6198,90.9167,-1,2008-09-23 15:23:00
54.8262,5.6108,10.101,0.0172,6.3102,3.017,5.586,0.0,2.4718,524.2318,0.8155,2.2477,1.6901,0.1054,4.7419,0.0807,2.0104,1.1022,8.5298,3.082,28.0144,0.1319,2.2864,0.4949,4.1716,0.8253,15.69,79.617,0.3632,12.5412,38.5633,625.8836,23.4306,49.5678,436.52,141.0297,41.2989,0.1646,0.9979,83.2685,27.4614,0.9284,0.3877,0.4146,0.336,0.4146,65.9458,3.057,149.184,102.2822,-1,2008-09-23 15:33:00
13.5789,5.8149,8.4712,0.0111,2.5575,3.266,3.074,0.0,1.7461,531.0518,0.6541,1.3969999999999998,1.3294,0.17,2.6964,0.1092,1.8932,0.2571,8.897,3.108,23.5831,0.1269,2.4349,0.5551,3.8875,0.8046,78.29,48.3708,0.0756,12.5992,47.7752,615.8436,16.8104,35.9702,6.8,112.1602,45.8906,0.1295,0.9997,1.2805,21.6539,0.9317,0.8123,0.3279999999999999,0.2903,0.3279999999999999,66.2412,2.1644,2.4258,90.9167,-1,2008-09-23 15:58:00
16.7005,3.3196,10.188,0.0146,7.8651,3.107,5.31,0.0,2.0709,530.3073,0.4109,1.5889,1.3704,0.1165,2.0869999999999997,0.1043,2.4103,0.4025,8.8581,3.431,30.5699,0.1291,2.2527,0.5669,4.0617,0.7595,13.6,45.7019,0.11,12.5547,27.464,614.3073,18.3632,14.9122,8.05,66.6023,39.8676,0.0827,0.9954,1.518,20.6523,0.9304,0.8703,0.206,0.2714,0.206,66.1061,2.3253,2.6506,95.9511,-1,2008-09-23 18:10:00
16.7005,3.369,8.7014,0.0123,5.2757,3.273,5.31,0.0,3.3837,530.3073,0.4109,1.9254,1.0033,0.1165,2.4749,0.1043,2.4103,0.4025,8.8581,5.97,30.7593,0.1326,2.272,0.9226,3.1871,0.5042,13.6,45.7019,0.11,12.4124,39.708,615.98,17.5862,20.2425,8.05,120.1524,36.6275,0.0827,0.9985,1.518,33.019,0.9304,0.8703,0.206,0.2714,0.206,66.1061,2.209,2.6506,95.5267,-1,2008-09-23 18:36:00
8.6853,5.854,9.64,0.0128,6.6795,3.074,2.673,0.0,3.3837,529.5955,0.6436,2.6017,1.2904,0.3797,2.5857,0.1017,2.1619,0.1878,8.8624,3.265,29.873,0.1286,2.2569,0.5581,3.7313,0.8145,81.74,45.7019,0.0563,12.4124,38.6617,619.2591,19.4007,14.9122,8.0099,104.7422,38.7063,0.1365,0.9994,1.5125,16.3282,0.9315,0.2198,0.3272,0.3319,0.3272,66.2314,2.6243,2.6198,96.9456,-1,2008-09-23 18:56:00
12.3064,2.5869999999999997,8.7014,0.0123,5.2757,3.273,3.08,0.0,2.4599,528.4045,0.7097,1.7397,1.0033,0.2729,3.9994,0.1088,1.9943,0.2454,8.9979,5.97,28.4794,0.1335,2.272,0.9226,3.1871,0.5042,78.42,45.7019,0.0796,12.602,32.9614,614.7973,20.1329,35.9702,9.01,132.5011,36.6275,0.1377,0.9985,1.7051,10.7294,0.9298,0.3814,0.3589,0.4163,0.359,66.2937,2.6323,2.9594,100.9367,-1,2008-09-23 20:18:00
18.3953,4.9073,13.2085,0.0426,5.6754,3.279,4.498,0.0,2.4817,529.8718,0.7737,2.3040000000000003,1.3981,0.2186,2.4311,0.1087,1.9408,0.357,9.0606,3.012,28.5052,0.1282,2.4439,0.5199,4.9948,0.807,10.82,87.4677,0.1083,12.4912,26.5836,621.3964,17.2987,49.5678,6.33,184.504,37.815,0.1611,1.0,1.1946,26.3059,0.9325,0.2356,0.3907,0.2974,0.3907,66.9764,2.3615,2.1429,93.7522,-1,2008-09-23 20:59:00
13.5789,6.5927,15.6711,0.0097,4.4388,3.323,5.437,0.0,2.4718,531.0518,0.6221,2.7453,1.7187,0.1423,4.5378,0.0686,1.8932,0.2571,9.4336,2.897,28.1969,0.1386,2.4723,0.5037,5.5793,0.7865,13.97,67.6124,0.0756,12.5412,55.9819,614.8727,25.3684,14.3464,6.8,105.3932,35.6026,0.1344,0.9953,1.2805,10.3499,0.9311,0.1828,0.3139,0.3997,0.3139,66.3004,3.2602,2.4258,105.1278,-1,2008-09-23 21:26:00
17.4432,4.3095,13.2085,0.0178,5.6754,3.279,5.205,0.0,2.4718,532.8,0.4107,1.8239,1.3981,0.355,2.4181,0.0848,2.0925,0.365,8.7548,3.012,32.5465,0.1322,2.4439,0.5199,4.9948,0.807,8.011000000000001,67.6124,0.1121,12.5412,29.6041,625.3982,18.929,30.1541,6.28,119.5314,37.815,0.086,1.0,1.1787,34.3856,0.9279,0.2855,0.2086,0.3232,0.2086,66.37100000000001,2.4116,1.9903,93.6778,-1,2008-09-23 22:25:00
22.8636,5.942,10.101,0.0125,6.3102,3.017,3.3960000000000004,0.0,1.5905,533.9718,0.7743,2.3040000000000003,1.6901,0.4295,2.4311,0.1003,1.9524,0.4464,8.8331,3.082,22.3245,0.1334,2.2864,0.4949,4.1716,0.8253,75.34,67.6124,0.1329,12.5743,48.1328,609.0227,17.2987,26.4387,5.44,184.504,41.2989,0.16,0.9979,1.0188,26.3059,0.9337,0.2679,0.3935,0.3261,0.3935,66.0106,2.3615,1.7080000000000002,93.7522,-1,2008-09-24 02:19:00
22.8636,3.5047,10.5679,0.0177,5.3856,3.2460000000000004,2.7910000000000004,0.0,1.5905,533.9718,0.6584,2.4714,1.1401,0.4323,2.4302,0.1003,1.9524,0.4464,8.7609,2.9589999999999996,27.2235,0.1383,2.4253,0.4913,3.6718,0.7948,80.67,176.2709,0.1329,12.5743,45.7447,612.9818,18.9784,39.9476,5.44,186.7063,34.7449,0.1422,1.0,1.0188,21.4288,0.9337,0.33,0.3335,0.3264,0.3334,66.1478,2.6174,1.7080000000000002,98.89,-1,2008-09-24 02:44:00
13.1553,3.7079,5.9534,0.0123,3.6166,3.06,2.5839999999999996,0.0,17.8076,533.2855,0.423,1.0089,0.6244,0.1813,2.4633,0.0686,2.0362,0.2679,8.6544,5.675,23.8107,0.13,2.2445,0.8757,2.332,0.6304,80.67,176.2709,0.0922,12.3543,38.6768,615.0618,17.0232,35.5082,6.32,183.9802,39.171,0.0867,0.9965,1.1851,40.7632,0.9311,0.3039,0.2238,0.3319,0.2238,66.2357,2.1345,2.0635,96.14,-1,2008-09-24 03:32:00
15.7989,6.4864,10.101,0.0129,6.3102,3.017,3.074,0.0,1.5905,531.2973,0.7163,2.4714,1.6901,0.4068,2.4302,0.1087,1.9279,0.3046,8.8078,3.082,27.8252,0.1438,2.2864,0.4949,4.1716,0.8253,78.29,41.6717,0.0864,12.5743,45.4721,619.5882,18.9784,70.4477,9.12,186.7063,41.2989,0.1604,0.9979,1.7166,21.4288,0.9325,0.1257,0.3598,0.3625,0.3598,66.396,2.6174,3.312,98.89,-1,2008-09-24 03:40:00
17.8615,8.6495,15.8181,0.013,4.1251,2.8939999999999997,2.736,0.0,1.6801,532.4618,0.6787,2.3433,2.028,0.2922,2.585,0.091,2.2425,0.4006,8.1161,5.76,29.6983,0.141,2.276,0.8899,6.3747,0.6029,81.74,116.1088,0.1282,12.4996,37.149,610.9591,17.3846,20.2425,10.27,62.001000000000005,40.3,0.1314,0.9971,1.9288,31.3024,0.9346,0.1877,0.3427,0.3178,0.3428,66.1149,2.035,3.5201,95.7489,-1,2008-09-24 05:13:00
13.4487,4.4298,10.5679,0.012,5.3856,3.2460000000000004,3.074,0.0,1.6712,533.9936,0.5637,1.9784,1.1401,0.3389999999999999,3.922,0.1014,2.2318,0.3001,8.7402,2.9589999999999996,27.9241,0.131,2.4253,0.4913,3.6718,0.7948,78.93,116.1088,0.0861,12.5661,62.0278,620.2182,21.8894,35.9702,8.27,207.8276,34.7449,0.1268,1.0,1.5487,27.7229,0.931,0.3081,0.2856,0.3389999999999999,0.2857,66.346,2.6805,2.7629,95.2056,-1,2008-09-24 05:22:00
24.3541,3.8622,13.6825,0.0181,4.3377,3.252,2.7910000000000004,0.0,1.5924,533.9982,0.6584,2.4138,2.0109,0.4323,4.6164,0.0812,1.8821,0.4584,8.7609,2.9560000000000004,27.4762,0.1389,2.4023,0.491,5.9284,0.8307,80.67,116.1088,0.133,12.56,29.6,620.8227,23.4849,35.9702,7.45,106.0661,43.3282,0.1422,0.9977,1.3951,6.814,0.9302,0.33,0.3335,0.3264,0.3334,66.1478,3.0725,2.5183,103.8978,-1,2008-09-24 06:13:00
18.3953,5.4073,13.6825,0.0163,4.3377,3.252,3.244,0.0,17.8076,529.8718,0.5521,2.1625,2.0109,0.34,4.3225,0.1112,1.9408,0.357,13.5481,2.9560000000000004,29.3585,0.1254,2.4023,0.491,5.9284,0.8307,80.27,116.1088,0.1083,12.3543,42.7316,612.7691,20.4393,26.4387,6.33,128.4772,43.3282,0.1124,0.9977,1.1946,6.2417,0.9316,0.1137,0.2769,0.3687,0.2769,66.4257,2.6734,2.1429,103.2778,-1,2008-09-24 06:14:00
11.28,4.0911,15.6711,0.013,4.4388,3.323,3.08,0.0,1.43,528.7673,0.7097,1.653,1.7187,0.2729,2.7006,0.0381,1.9809,0.2234,8.9979,2.897,29.6803,0.141,2.4723,0.5037,5.5793,0.7865,78.42,116.1088,0.0615,12.5876,46.9861,623.4027,20.5063,13.9153,6.95,158.4943,35.6026,0.1377,0.9953,1.3144,36.2312,0.9148,0.3814,0.3589,0.4163,0.359,66.2937,3.1473,2.229,99.0133,-1,2008-09-24 07:23:00
8.6853,5.8666,13.2085,0.0103,5.6754,3.279,3.395,0.0,2.1434,529.5955,0.7532,2.3040000000000003,1.3981,0.4121,2.4311,0.1043,2.1619,0.1878,8.8889,3.012,32.7382,0.131,2.4439,0.5199,4.9948,0.807,80.31,183.3928,0.0563,12.5967,30.7988,615.1909,17.2987,20.2425,8.0099,184.504,37.815,0.1509,1.0,1.5125,26.3059,0.9304,0.0399,0.3783,0.3682,0.3783,65.9099,2.3615,2.6198,93.7522,-1,2008-09-24 10:10:00
96.9601,6.4537,10.101,0.0294,6.3102,3.017,4.329,0.0,2.6704,504.9173,0.4154,2.3721,1.6901,0.1853,3.0392,0.1017,2.2656,2.1967,8.6611,3.082,29.4663,0.133,2.2864,0.4949,4.1716,0.8253,77.33,183.3928,0.5502,12.3578,41.9175,614.4182,19.5117,38.756,438.87,144.8685,41.2989,0.1144,0.9979,86.9192,9.2525,0.9314,1.4754,0.2403,0.2597,0.2403,66.3012,2.6329,131.4529,104.8544,-1,2008-09-24 10:53:00
12.3064,5.5896,10.5679,0.0118,5.3856,3.2460000000000004,2.997,0.0,2.4718,528.4045,0.5546,2.4138,1.1401,0.2781,4.6164,0.0686,1.9943,0.2454,8.597999999999999,2.9589999999999996,27.9067,0.1317,2.4253,0.4913,3.6718,0.7948,78.86,183.3928,0.0796,12.5412,39.9247,610.4318,23.4849,26.4387,9.01,106.0661,34.7449,0.1207,1.0,1.7051,6.814,0.9311,0.4191,0.2808,0.3413,0.2808,66.2019,3.0725,2.9594,103.8978,-1,2008-09-24 10:59:00
9.8735,6.8759,10.5679,0.0213,5.3856,3.2460000000000004,2.653,0.0,1.7554,532.7764,0.821,1.9254,1.1401,0.2179,2.4749,0.0861,2.3109,0.2282,8.6074,2.9589999999999996,25.8899,0.1364,2.4253,0.4913,3.6718,0.7948,78.49,17.2268,0.0744,12.5331,22.9531,615.6636,17.5862,35.5082,6.87,120.1524,34.7449,0.168,1.0,1.2895,33.019,0.9349,0.2577,0.4131,0.2965,0.4131,65.8516,2.209,2.4626,95.5267,-1,2008-09-24 11:47:00
13.4487,4.6312,10.101,0.0088,6.3102,3.017,5.437,0.0,2.385,533.9936,0.6221,2.1625,1.6901,0.1423,4.3225,0.1087,2.2318,0.3001,9.4336,3.082,28.2938,0.1386,2.2864,0.4949,4.1716,0.8253,13.97,31.0252,0.0861,12.5786,34.2531,619.0118,20.4393,70.4477,8.27,128.4772,41.2989,0.1344,0.9979,1.5487,6.2417,0.9325,0.1828,0.3139,0.3997,0.3139,66.3004,2.6734,2.7629,103.2778,-1,2008-09-24 12:04:00
9.6779,5.374,15.6711,0.0159,4.4388,3.323,3.244,0.0,1.5891,531.8727,0.5521,2.3040000000000003,1.7187,0.34,2.4311,0.1003,2.1285,0.206,13.5481,2.897,22.9832,0.1373,2.4723,0.5037,5.5793,0.7865,80.27,31.0252,0.0638,12.5861,30.2976,607.11,17.2987,35.9702,8.08,184.504,35.6026,0.1124,0.9953,1.5192,26.3059,0.9337,0.1137,0.2769,0.3687,0.2769,66.4257,2.3615,2.895,93.7522,-1,2008-09-24 12:35:00
12.3064,4.1335,13.6825,0.0147,4.3377,3.252,2.295,0.0,2.1434,528.4045,0.5877,2.3040000000000003,2.0109,0.3401,2.4311,0.1088,1.9943,0.2454,8.5735,2.9560000000000004,31.7775,0.1287,2.4023,0.491,5.9284,0.8307,80.69,31.0252,0.0796,12.5967,19.0476,614.8418,17.2987,26.4387,9.01,184.504,43.3282,0.1244,0.9977,1.7051,26.3059,0.9298,0.2883,0.2978,0.3508,0.2978,65.9602,2.3615,2.9594,93.7522,-1,2008-09-24 13:01:00
16.2693,7.1443,10.101,0.0184,6.3102,3.017,2.544,0.0,1.5924,532.0109,0.6084,1.9784,1.6901,0.1523,3.922,0.0812,2.0679,0.3364,8.9132,3.082,26.4132,0.1378,2.2864,0.4949,4.1716,0.8253,80.33,31.0252,0.1166,12.56,38.9189,615.69,21.8894,35.9702,11.35,207.8276,41.2989,0.1287,0.9979,2.1334,27.7229,0.9302,0.2404,0.3052,0.3956,0.3052,66.2465,2.6805,4.0075,95.2056,1,2008-09-24 15:05:00
12.6982,5.9339,10.101,0.0233,6.3102,3.017,2.544,0.0,3.3837,532.4564,0.6084,2.4138,1.6901,0.1523,4.6164,0.0752,1.9432,0.2467,8.9132,3.082,22.2064,0.1301,2.2864,0.4949,4.1716,0.8253,80.33,31.0252,0.0762,12.4124,58.9023,610.5218,23.4849,35.9702,11.65,106.0661,41.2989,0.1287,0.9979,2.188,6.814,0.9319,0.2404,0.3052,0.3956,0.3052,66.2465,3.0725,3.9387,103.8978,-1,2008-09-24 15:39:00
12.3064,3.0022,10.5679,0.0093,5.3856,3.2460000000000004,5.586,0.0,1.5905,528.4045,0.8155,2.1625,1.1401,0.1054,4.3225,0.0807,1.9943,0.2454,8.5298,2.9589999999999996,28.9017,0.127,2.4253,0.4913,3.6718,0.7948,15.69,31.0252,0.0796,12.5743,39.6694,626.4436,20.4393,70.4477,9.01,128.4772,34.7449,0.1646,1.0,1.7051,6.2417,0.9284,0.3877,0.4146,0.336,0.4146,65.9458,2.6734,2.9594,103.2778,-1,2008-09-24 15:42:00
16.7005,3.5226,13.6825,0.0121,4.3377,3.252,4.696000000000001,0.0,1.5905,530.3073,0.6548,2.1625,2.0109,0.2906,4.3225,0.1014,2.4103,0.4025,9.6136,2.9560000000000004,31.5295,0.1403,2.4023,0.491,5.9284,0.8307,8.967,42.6972,0.11,12.5743,71.6787,615.9573,20.4393,70.4477,8.05,128.4772,43.3282,0.134,0.9977,1.518,6.2417,0.931,0.3891,0.3334,0.3413,0.3334,66.3826,2.6734,2.6506,103.2778,-1,2008-09-24 15:43:00
9.363,5.824,9.0633,0.0129,7.6188,3.114,3.358,0.0,2.9602,530.7036,0.7201,1.9994,0.8782,0.3553,4.0665,0.0997,2.1207,0.1986,8.4537,2.7880000000000003,25.3309,0.1298,2.292,0.4466,3.3014,0.8568,80.43,42.6972,0.0572,12.499,62.4319,619.4427,23.65,19.2616,8.4,139.5406,36.4259,0.1564,0.9972,1.5828,10.8702,0.9289,0.3336,0.365,0.3474,0.365,65.9611,3.438,2.8909,103.7022,-1,2008-09-24 16:26:00
12.6524,4.7428,9.64,0.0111,6.6795,3.074,3.1239999999999997,0.0,3.3837,531.0918,0.6095,1.156,1.2904,0.278,2.8546,0.084,2.4015,0.3038,8.7646,3.265,25.6635,0.1319,2.2569,0.5581,3.7313,0.8145,79.61,42.6972,0.0946,12.4124,49.7132,609.3291,17.428,10.8507,10.18,80.1192,38.7063,0.1184,0.9994,1.9168,25.0931,0.9365,0.4231,0.3081,0.3476,0.3081,66.4179,2.2919,3.4002,101.1833,-1,2008-09-24 17:54:00
12.2751,3.8315,7.6943,0.0144,8.1552,3.287,3.358,0.0,1.5975,532.6327,0.7201,2.1266,1.2479,0.3553,4.1147,0.0894,2.1085,0.2588,8.4537,2.96,27.526999999999997,0.1334,2.2927,0.5132,2.975,0.8443,80.43,15.7327,0.0793,12.5192,18.8889,614.7491,25.5075,49.5678,7.77,61.665,38.6652,0.1564,0.9983,1.4588,14.5594,0.9243,0.3336,0.365,0.3474,0.365,65.9611,3.2041,2.7003,104.6267,-1,2008-09-24 18:05:00
22.8636,3.4793,9.3415,0.0157,4.9186,3.5389999999999997,2.5839999999999996,0.0,2.4718,533.9718,0.423,1.8265,1.196,0.1813,4.2249,0.0686,1.9524,0.4464,8.6544,2.418,26.0522,0.1282,2.3923,0.4049,3.5923,0.8826,80.67,15.7327,0.1329,12.5412,27.8134,616.0691,25.0951,50.4835,5.44,107.2418,38.4552,0.0867,0.994,1.0188,10.1774,0.9311,0.3039,0.2238,0.3319,0.2238,66.2357,3.2853,1.7080000000000002,105.2711,-1,2008-09-25 01:05:00
16.9045,3.1537,7.6943,0.0187,8.1552,3.287,3.233,0.0,1.6673,529.6464,0.6853,2.0229,1.2479,0.3198,4.3859,0.0335,2.032,0.3435,8.942,2.96,20.4622,0.1286,2.2927,0.5132,2.975,0.8443,79.9,15.7327,0.0925,12.5949,37.9101,622.1618,26.9966,19.2044,5.81,125.4251,38.6652,0.1604,0.9983,1.097,11.2302,0.9178,0.3085,0.3441,0.3546,0.3441,66.2825,3.3317,2.0923,105.8489,-1,2008-09-25 02:03:00
9.363,2.5282,4.1294,0.0156,5.3629,3.154,3.358,0.0,2.5554,530.7036,0.7201,1.0322,0.5492,0.3553,2.6284,0.0353,2.1207,0.1986,8.4537,2.9410000000000003,28.6912,0.1353,2.2563,0.5033,1.7353,0.8238,80.43,15.7327,0.0572,12.5224,27.8607,623.9518,18.8957,31.9373,8.4,93.1951,42.0235,0.1564,0.9984,1.5828,25.826,0.9197,0.3336,0.365,0.3474,0.365,65.9611,2.4722,2.8909,87.2789,-1,2008-09-25 06:21:00
26.2227,5.1621,8.8617,0.0117,4.8813,3.233,3.244,0.0,62.8715,530.3836,0.5521,2.4138,1.2858,0.34,4.6164,0.0699,1.8367,0.4816,13.5481,2.765,26.3387,0.1254,2.4196,0.4591,3.6151,0.7932,80.27,15.7327,0.1511,12.2981,48.2986,614.9182,23.4849,35.9702,10.34,106.0661,40.7945,0.1124,0.9983,1.9495,6.814,0.932,0.1137,0.2769,0.3687,0.2769,66.4257,3.0725,3.582,103.8978,-1,2008-09-25 07:12:00
11.28,3.7156,9.2743,0.0168,6.7139999999999995,3.158,3.071,0.0,1.6935,528.7673,0.7673,2.4138,1.3169,0.4227,4.6164,0.0832,1.9809,0.2234,8.58,2.964,24.4002,0.1337,2.2954,0.5104,3.7145,0.8036,79.04,57.7824,0.0615,12.4002,44.0889,618.2909,23.4849,14.3464,6.95,106.0661,40.0517,0.1533,1.0,1.3144,6.814,0.9331,0.3927,0.3889,0.2976,0.389,66.2596,3.0725,2.229,103.8978,-1,2008-09-25 07:58:00
17.6298,4.3881,7.6943,0.0147,8.1552,3.287,3.233,0.0,1.9288,531.0418,0.6853,2.1266,1.2479,0.3198,4.1147,0.0381,2.0433,0.3602,8.942,2.96,23.8576,0.1269,2.2927,0.5132,2.975,0.8443,79.9,57.7824,0.0997,12.4431,30.9392,631.0882,25.5075,41.3971,9.82,61.665,38.6652,0.1604,0.9983,1.8492,14.5594,0.9148,0.3085,0.3441,0.3546,0.3441,66.2825,3.2041,3.5086,104.6267,-1,2008-09-25 08:45:00
54.8262,7.3721,9.2743,0.0206,6.7139999999999995,3.158,3.3960000000000004,0.0,2.4718,524.2318,0.3396,2.4714,1.3169,0.1726,2.4302,0.0807,2.0104,1.1022,8.7779,2.964,31.1657,0.126,2.2954,0.5104,3.7145,0.8036,77.83,57.7824,0.3632,12.5412,19.6118,623.2973,18.9784,49.5678,436.52,186.7063,40.0517,0.0702,1.0,83.2685,21.4288,0.9284,0.7949,0.1701,0.2269,0.1701,66.3369,2.6174,149.184,98.89,-1,2008-09-25 09:31:00
9.7075,2.4393,7.6943,0.021,8.1552,3.287,3.182,0.0,2.4718,532.7118,0.4453,1.8092,1.2479,0.1275,2.8971,0.1112,2.1958,0.2132,8.8519,2.96,29.6501,0.131,2.2927,0.5132,2.975,0.8443,77.44,57.7824,0.0634,12.5412,43.7557,614.3318,22.5141,14.3464,8.7,86.1602,38.6652,0.1058,0.9983,1.6331,37.2305,0.9316,0.8599,0.2235,0.2438,0.2235,66.1883,2.9624,3.2886,96.9478,-1,2008-09-25 10:23:00
22.8636,2.9925,18.9296,0.0119,3.8415,3.3139999999999996,3.3960000000000004,0.0,2.4599,533.9718,0.7743,1.4193,2.0664,0.4295,5.1,0.0807,1.9524,0.4464,8.8331,2.819,28.8713,0.1378,2.416,0.4681,6.8518,0.7696,75.34,57.7824,0.1329,12.602,21.6008,624.2391,18.7906,13.9153,5.44,92.6642,36.1962,0.16,0.9983,1.0188,44.953,0.9284,0.2679,0.3935,0.3261,0.3935,66.0106,2.3513,1.7080000000000002,94.8489,-1,2008-09-25 11:08:00
9.5881,2.9235,10.0861,0.0152,5.0006,3.2289999999999996,2.41,0.0,1.4509,531.4173,0.5192,1.4193,1.3227,0.3878,5.1,0.0839,2.1444,0.2056,8.5851,3.03,26.2691,0.1236,2.2658,0.4981,3.8599,0.7822,84.4,59.5644,0.0638,12.4059,25.3365,620.7291,18.7906,13.9153,6.72,92.6642,38.2693,0.1142,1.001,1.2645,44.953,0.9314,0.3801,0.2629,0.2989,0.2629,66.2813,2.3513,1.9092,94.8489,-1,2008-09-25 11:09:00
17.6298,3.0408,11.8085,0.0148,5.6751,3.102,3.074,0.0,1.9288,531.0418,0.8053,1.5312,1.4809,0.3279999999999999,3.5659,0.0838,2.0433,0.3602,8.9154,3.135,23.6877,0.1254,2.2821,0.5156,4.6867,0.8318,78.29,59.5644,0.0997,12.4431,37.032,615.4582,22.0711,19.2044,9.82,93.9563,39.6894,0.1652,0.9981,1.8492,20.2273,0.9316,0.288,0.4035,0.3824,0.4035,66.3741,2.9357,3.5086,104.3367,-1,2008-09-25 11:55:00
9.6762,4.5318,11.8085,0.0162,5.6751,3.102,3.59,0.0,1.7443,532.0064,0.6451,2.1266,1.4809,0.301,4.1147,0.0381,1.9363,0.1874,8.8105,3.135,25.8992,0.1354,2.2821,0.5156,4.6867,0.8318,80.84,51.5105,0.0554,12.6122,26.455,620.3545,25.5075,41.3971,10.89,61.665,39.6894,0.1298,0.9981,2.0469999999999997,14.5594,0.9224,0.3005,0.3265,0.2844,0.3265,66.362,3.2041,3.9403,104.6267,-1,2008-09-25 13:42:00
14.6674,3.2434,10.7007,0.046,2.5955,3.46,4.397,0.0,1.1975,531.0364,0.5093,2.5908,1.3192,0.2083,4.0438,0.0868,2.1244,0.3116,8.1166,2.6319999999999997,22.4925,0.1363,2.4167,0.4583,4.0856,0.8405,10.24,145.3192,0.0868,12.5259,35.122,613.8409,24.9396,13.3019,8.97,80.8677,38.1808,0.102,0.997,1.6892,15.1993,0.9324,0.2072,0.257,0.2776,0.257,66.2506,3.3415,3.3351,105.0156,-1,2008-09-25 14:08:00
22.8636,4.1514,18.9296,0.0167,3.8415,3.3139999999999996,2.7910000000000004,0.0,1.5905,533.9718,0.6584,1.7129,2.0664,0.4323,2.8636,0.1003,1.9524,0.4464,8.7609,2.819,24.0135,0.1373,2.416,0.4681,6.8518,0.7696,80.67,145.3192,0.1329,12.5743,45.4115,609.3673,18.0882,26.4387,5.44,58.5891,36.1962,0.1422,0.9983,1.0188,25.9611,0.9337,0.33,0.3335,0.3264,0.3334,66.1478,2.3341,1.7080000000000002,95.7967,-1,2008-09-25 14:28:00
11.28,5.4421,8.8617,0.0132,4.8813,3.233,4.5969999999999995,0.0,1.6935,528.7673,0.3119,1.4193,1.2858,0.2019999999999999,5.1,0.0373,1.9809,0.2234,8.7383,2.765,28.2316,0.1351,2.4196,0.4591,3.6151,0.7932,8.779,89.906,0.0615,12.4002,61.7391,619.4064,18.7906,13.9153,6.95,92.6642,40.7945,0.0605,0.9983,1.3144,44.953,0.9157,0.4098,0.1578,0.3173,0.1578,66.2908,2.3513,2.229,94.8489,-1,2008-09-25 15:12:00
13.5789,5.515,10.7007,0.0115,2.5955,3.46,3.074,0.0,1.6712,531.0518,0.7163,2.0358,1.3192,0.4068,2.5540000000000003,0.1087,1.8932,0.2571,8.8078,2.6319999999999997,28.9181,0.1271,2.4167,0.4583,4.0856,0.8405,78.29,44.2355,0.0756,12.5661,26.1328,619.1209,21.5622,41.3971,6.8,150.1459,38.1808,0.1604,0.997,1.2805,30.116999999999997,0.9325,0.1257,0.3598,0.3625,0.3598,66.396,2.7151,2.4258,91.0589,-1,2008-09-25 15:40:00
14.6674,3.9462,7.6943,0.0088,8.1552,3.287,2.71,0.0,2.1457,531.0364,0.6338,1.8705,1.2479,0.3494,4.2389,0.0851,2.1244,0.3116,8.8097,2.96,22.8057,0.1464,2.2927,0.5132,2.975,0.8443,80.46,44.2355,0.0868,12.5833,21.7391,612.6527,22.3299,13.1291,8.97,97.7828,38.6652,0.1303,0.9983,1.6892,12.7046,0.9334,0.1991,0.3189,0.3913,0.3188,66.5094,2.8762,3.3351,105.7178,-1,2008-09-25 15:55:00
10.3466,2.9339,8.8617,0.0209,4.8813,3.233,4.329,0.0,2.4599,531.9282,0.4154,2.4138,1.2858,0.1853,4.6164,0.0807,2.1096,0.2183,8.6611,2.765,27.6462,0.133,2.4196,0.4591,3.6151,0.7932,77.33,44.2355,0.085,12.602,46.5339,622.3327,23.4849,35.9702,10.45,106.0661,40.7945,0.1144,0.9983,1.9646,6.814,0.9284,1.4754,0.2403,0.2597,0.2403,66.3012,3.0725,3.6726,103.8978,-1,2008-09-25 16:44:00
8.6853,6.6223,8.8617,0.0111,4.8813,3.233,2.997,0.0,3.3837,529.5955,0.5546,2.4714,1.2858,0.2781,2.4302,0.1017,2.1619,0.1878,8.597999999999999,2.765,26.4708,0.136,2.4196,0.4591,3.6151,0.7932,78.86,106.5441,0.0563,12.4124,15.8103,619.7764,18.9784,26.4387,8.0099,186.7063,40.7945,0.1207,0.9983,1.5125,21.4288,0.9315,0.4191,0.2808,0.3413,0.2808,66.2019,2.6174,2.6198,98.89,-1,2008-09-25 17:28:00
22.8636,5.1201,11.8085,0.0179,5.6751,3.102,2.582,0.0,1.9037,533.9718,0.6731,2.5908,1.4809,0.2111,4.0438,0.0807,1.9524,0.4464,8.8562,3.135,27.5514,0.1293,2.2821,0.5156,4.6867,0.8318,80.04,106.5441,0.1329,12.6069,27.4779,625.1518,24.9396,13.3019,5.44,80.8677,39.6894,0.1307,0.9981,1.0188,15.1993,0.9284,0.1899,0.3383,0.415,0.3383,66.4384,3.3415,1.7080000000000002,105.0156,-1,2008-09-25 17:29:00
17.6298,4.252,11.8085,0.0114,5.6751,3.102,4.938,0.0,1.9288,531.0418,0.5488,3.6334,1.4809,0.2269,1.6953,0.0861,2.0433,0.3602,8.6799,3.135,22.9551,0.1272,2.2821,0.5156,4.6867,0.8318,8.517999999999999,106.5441,0.0997,12.4431,55.7971,616.91,8.9612,19.2044,9.82,306.0856,39.6894,0.1106,0.9981,1.8492,16.5374,0.9314,0.2686,0.2776,0.3379,0.2776,66.3052,1.1131,3.5086,87.22,-1,2008-09-25 19:49:00
12.3064,4.0177,10.7007,0.0137,2.5955,3.46,2.8169999999999997,0.0,2.385,528.4045,0.6709,2.4138,1.3192,0.2298,4.6164,0.1088,1.9943,0.2454,8.5862,2.6319999999999997,30.4987,0.1411,2.4167,0.4583,4.0856,0.8405,80.26,106.5441,0.0796,12.5786,20.9709,614.9409,23.4849,26.4387,9.01,106.0661,38.1808,0.1464,0.997,1.7051,6.814,0.9298,0.3795,0.3387,0.4159,0.3387,66.2443,3.0725,2.9594,103.8978,-1,2008-09-25 22:05:00
17.0283,4.338,8.9021,0.0117,5.4061,3.3480000000000003,3.1489999999999996,0.0,2.0031,531.8136,0.6124,2.0055,0.9756,0.2569,5.1311,0.0339,2.0854,0.3551,8.7646,2.865,26.7245,0.1269,2.3867,0.4958,3.3744,0.8037,80.66,70.0306,0.1168,12.4804,64.8412,623.4555,25.5909,55.6678,7.01,101.2479,37.9057,0.1258,0.9988,1.3181,13.4979,0.9214,0.3436,0.3107,0.3356,0.3107,66.2939,3.4194,2.4389,104.0144,-1,2008-09-25 23:04:00
14.3055,4.624,8.9021,0.0271,5.4061,3.3480000000000003,5.653,0.0,2.4788,529.9445,0.7152,2.0055,0.9756,0.3198,5.1311,0.1068,1.974,0.2824,8.9818,2.865,21.7509,0.1363,2.3867,0.4958,3.3744,0.8037,12.94,57.7037,0.094,12.5059,22.2997,618.2627,25.5909,55.6678,7.91,101.2479,37.9057,0.1369999999999999,0.9988,1.4926,13.4979,0.9317,0.3699,0.3596,0.3758,0.3596,66.3426,3.4194,2.6691,104.0144,-1,2008-09-25 23:48:00
14.5194,5.8586,8.9021,0.0082,5.4061,3.3480000000000003,3.2,0.0,2.0031,529.5182,0.5388,2.0055,0.9756,0.2413,5.1311,0.0326,2.113,0.3068,9.0942,2.865,28.1049,0.1254,2.3867,0.4958,3.3744,0.8037,79.86,78.0627,0.0921,12.4804,44.3077,636.2836,25.5909,55.6678,10.65,101.2479,37.9057,0.1265,0.9988,2.0113,13.4979,0.9215,0.1642,0.2702,0.3991,0.2702,66.3203,3.4194,3.6722,104.0144,-1,2008-09-26 00:19:00
14.3055,3.3263,8.9021,0.0162,5.4061,3.3480000000000003,3.2,0.0,2.0031,529.9445,0.5388,2.0055,0.9756,0.2413,5.1311,0.1068,1.974,0.2824,9.0942,2.865,19.6185,0.1254,2.3867,0.4958,3.3744,0.8037,79.86,78.0627,0.094,12.4804,29.4288,608.2736,25.5909,55.6678,7.91,101.2479,37.9057,0.1265,0.9988,1.4926,13.4979,0.9317,0.1642,0.2702,0.3991,0.2702,66.3203,3.4194,2.6691,104.0144,-1,2008-09-26 01:21:00
14.5194,6.2188,8.9021,0.0125,5.4061,3.3480000000000003,3.1489999999999996,0.0,2.0031,529.5182,0.6124,2.0055,0.9756,0.2569,5.1311,0.0326,2.113,0.3068,8.7646,2.865,28.3815,0.1287,2.3867,0.4958,3.3744,0.8037,80.66,78.0627,0.0921,12.4804,51.1577,637.0109,25.5909,55.6678,10.65,101.2479,37.9057,0.1258,0.9988,2.0113,13.4979,0.9215,0.3436,0.3107,0.3356,0.3107,66.2939,3.4194,3.6722,104.0144,-1,2008-09-26 02:26:00
14.1291,2.7452,11.1426,0.0111,4.7702,3.321,3.156,0.0,1.9288,530.2227,0.7517,1.4193,1.4763,0.2542,5.1,0.0861,1.9126,0.2702,8.8597,3.474,30.7746,0.1242,2.3884,0.5429999999999999,4.4488,0.809,78.79,44.1194,0.0839,12.4431,20.7885,609.8255,18.7906,30.1541,9.39,92.6642,39.926,0.1427,0.9974,1.771,44.953,0.9314,0.2465,0.3772,0.4254,0.3772,66.2249,2.3513,3.4055,94.8489,-1,2008-09-26 03:12:00
18.3953,6.4921,8.8617,0.0124,4.8813,3.233,2.9360000000000004,0.0,62.8715,529.8718,0.7768,1.8265,1.2858,0.246,4.2249,0.0699,1.9408,0.357,8.6772,2.765,24.3232,0.1356,2.4196,0.4591,3.6151,0.7932,79.86,44.1194,0.1083,12.2981,31.1688,615.5473,25.0951,50.4835,6.33,107.2418,40.7945,0.1447,0.9983,1.1946,10.1774,0.932,0.3771,0.3916,0.3326,0.3916,66.2913,3.2853,2.1429,105.2711,-1,2008-09-26 03:29:00
16.9045,2.9962,7.097,0.0147,4.5748,3.474,4.5969999999999995,0.0,1.7443,529.6464,0.3119,1.8941,0.8158,0.2019999999999999,3.9057,0.0861,2.032,0.3435,8.7383,3.517,28.9358,0.1272,2.4172,0.6282,2.6568,0.825,8.779,44.1194,0.0925,12.6122,63.3557,607.1145,22.2442,64.0311,5.81,111.3104,37.4357,0.0605,0.9993,1.097,11.5332,0.9314,0.4098,0.1578,0.3173,0.1578,66.2908,2.9139999999999997,2.0923,103.5033,-1,2008-09-26 04:14:00
12.6151,4.0088,8.8617,0.0142,4.8813,3.233,2.71,0.0,3.1957,531.4591,0.6338,1.653,1.2858,0.3494,2.7006,0.0838,1.9611,0.2474,8.8097,2.765,28.8654,0.1347,2.4196,0.4591,3.6151,0.7932,80.46,44.1194,0.0799,12.5167,53.12,614.3691,20.5063,13.9153,9.66,158.4943,40.7945,0.1303,0.9983,1.8176,36.2312,0.9316,0.1991,0.3189,0.3913,0.3188,66.5094,3.1473,3.2073,99.0133,-1,2008-09-26 05:32:00
14.6674,2.5177,8.9021,0.0117,5.4061,3.3480000000000003,5.653,0.0,2.1457,531.0364,0.7152,1.5501,0.9756,0.3198,2.7396,0.0838,2.1244,0.3116,8.9818,2.865,23.4628,0.1351,2.3867,0.4958,3.3744,0.8037,12.94,50.7949,0.0868,12.5833,33.6207,614.5955,20.9903,39.4243,8.97,43.3839,37.9057,0.1369999999999999,0.9988,1.6892,15.418,0.9316,0.3699,0.3596,0.3758,0.3596,66.3426,2.4639,3.3351,85.4278,-1,2008-09-26 11:08:00
12.6151,3.8774,11.7663,0.0148,7.1851,3.244,2.544,0.0,1.5103,531.4591,0.6084,1.9994,1.4445,0.1523,4.0665,0.0861,1.9611,0.2474,8.9132,3.293,33.0295,0.1373,2.3914,0.5699,4.6307,0.8224,80.33,50.7949,0.0799,12.58,21.4286,609.3682,23.65,39.4243,9.66,139.5406,39.3558,0.1287,1.002,1.8176,10.8702,0.9314,0.2404,0.3052,0.3956,0.3052,66.2465,3.438,3.2073,103.7022,-1,2008-09-26 13:36:00
21.6219,2.5745,11.8085,0.0096,5.6751,3.102,3.233,0.0,2.8118,530.9364,0.6853,1.7129,1.4809,0.3198,2.8636,0.0939,1.9355,0.4185,8.942,3.135,26.4617,0.1336,2.2821,0.5156,4.6867,0.8318,79.9,35.1003,0.1227,12.4473,44.3051,622.8555,18.0882,14.3464,12.1,58.5891,39.6894,0.1604,0.9981,2.279,25.9611,0.9322,0.3085,0.3441,0.3546,0.3441,66.2825,2.3341,4.3422,95.7967,-1,2008-09-26 13:45:00
13.4487,3.1113,11.8085,0.0115,5.6751,3.102,3.05,0.0,2.4599,533.9936,0.6958,1.7129,1.4809,0.3968,2.8636,0.1062,2.2318,0.3001,8.7932,3.135,30.2504,0.1291,2.2821,0.5156,4.6867,0.8318,79.27,35.1003,0.0861,12.602,45.3258,622.8273,18.0882,14.3464,8.27,58.5891,39.6894,0.1512,0.9981,1.5487,25.9611,0.9301,0.2923,0.3487,0.3577,0.3487,66.2803,2.3341,2.7629,95.7967,-1,2008-09-26 14:20:00
18.3953,2.5159,8.8617,0.0405,4.8813,3.233,3.182,0.0,1.5905,529.8718,0.4453,1.7129,1.2858,0.1275,2.8636,0.1112,1.9408,0.357,8.8519,2.765,27.0626,0.1322,2.4196,0.4591,3.6151,0.7932,77.44,110.4384,0.1083,12.5743,32.2981,617.6136,18.0882,48.4814,6.33,58.5891,40.7945,0.1058,0.9983,1.1946,25.9611,0.9316,0.8599,0.2235,0.2438,0.2235,66.1883,2.3341,2.1429,95.7967,-1,2008-09-26 14:51:00
13.5037,4.1438,25.7792,0.0105,5.2961,2.8939999999999997,2.359,0.0,1.4369,524.4955,0.7129,3.2694,3.3128,0.3733,2.7182,0.1055,1.0912,0.1474,8.6472,4.445,24.6278,0.1279,2.3138,0.6738,10.1529,0.7644,80.95,48.2132,0.0527,12.5273,82.2346,621.4109,16.0878,13.2956,11.12,134.1066,39.3841,0.1433,0.9983,2.1201,11.3758,0.9327,0.2933,0.3606,0.3065,0.3606,66.3097,2.0724,4.055,105.1889,-1,2008-09-26 15:06:00
54.8262,5.7818,4.1294,0.0133,5.3629,3.154,3.244,0.0,2.4599,524.2318,0.5521,1.5501,0.5492,0.34,2.7396,0.0807,2.0104,1.1022,13.5481,2.9410000000000003,27.9956,0.1396,2.2563,0.5033,1.7353,0.8238,80.27,57.1964,0.3632,12.602,64.5503,620.9655,20.9903,13.3019,436.52,43.3839,42.0235,0.1124,0.9984,83.2685,15.418,0.9284,0.1137,0.2769,0.3687,0.2769,66.4257,2.4639,149.184,85.4278,-1,2008-09-26 15:36:00
17.6298,3.6829,18.9296,0.0147,3.8415,3.3139999999999996,3.08,0.0,2.6201,531.0418,0.7097,1.8239,2.0664,0.2729,2.4181,0.0811,2.0433,0.3602,8.9979,2.819,30.59,0.1338,2.416,0.4681,6.8518,0.7696,78.42,57.1964,0.0997,12.5951,30.205,613.4518,18.929,30.1541,9.82,119.5314,36.1962,0.1377,0.9983,1.8492,34.3856,0.9331,0.3814,0.3589,0.4163,0.359,66.2937,2.4116,3.5086,93.6778,-1,2008-09-26 15:49:00
14.9692,3.5785,11.7663,0.0119,7.1851,3.244,2.997,0.0,1.5103,530.2409,0.5546,2.0506,1.4445,0.2781,2.4863,0.0816,1.9614,0.2936,8.597999999999999,3.293,33.9495,0.1355,2.3914,0.5699,4.6307,0.8224,78.86,49.9274,0.084,12.58,30.1733,610.3245,19.6645,64.0311,11.54,287.6815,39.3558,0.1207,1.002,2.1764,23.4878,0.9315,0.4191,0.2808,0.3413,0.2808,66.2019,2.5877,3.8239,91.3367,-1,2008-09-26 16:31:00
12.3064,3.911,8.8617,0.0131,4.8813,3.233,2.997,0.0,1.5891,528.4045,0.5546,1.6708,1.2858,0.2781,3.5954,0.1088,1.9943,0.2454,8.597999999999999,2.765,33.9867,0.1355,2.4196,0.4591,3.6151,0.7932,78.86,23.8407,0.0796,12.5861,50.9417,609.04,17.4644,50.4835,9.01,109.9168,40.7945,0.1207,0.9983,1.7051,50.3778,0.9298,0.4191,0.2808,0.3413,0.2808,66.2019,2.6076,2.9594,96.8789,-1,2008-09-26 17:59:00
12.6151,6.1557,5.8424,0.0109,4.5354,3.357,3.282,0.0,1.7446,531.4591,0.6894,1.0322,0.9327,0.3903,2.6284,0.0338,1.9611,0.2474,8.9857,3.467,36.7408,0.1287,2.4241,0.5657,2.2685,0.8014,78.95,23.8407,0.0799,12.6106,66.2857,630.1173,18.8957,39.4243,9.66,93.1951,38.8281,0.1508,0.9973,1.8176,25.826,0.9174,0.213,0.347,0.4313,0.347,66.3551,2.4722,3.2073,87.2789,-1,2008-09-26 18:54:00
6.3789,5.0108,4.4811,0.0221,7.7094,3.142,2.806,0.0,1.7443,530.3745,0.4766,2.0276,0.6076,0.3572,4.1523,0.0363,2.1745,0.1387,8.3159,2.901,23.4616,0.1411,2.2458,0.489,1.7791,0.8525,82.21,23.8407,0.0459,12.6122,31.3498,623.4845,24.7784,64.0311,7.93,119.5114,39.7021,0.0971,0.9977,1.4952,10.7997,0.92,0.3148,0.2403,0.2909,0.2403,66.0015,3.3214,2.8103,106.3611,-1,2008-09-26 19:38:00
12.6151,4.7569,11.1426,0.0081,4.7702,3.321,4.397,0.0,1.1975,531.4591,0.5093,3.6334,1.4763,0.2083,1.6953,0.0362,1.9611,0.2474,8.1166,3.474,25.7832,0.1287,2.3884,0.5429999999999999,4.4488,0.809,10.24,156.4628,0.0799,12.5259,37.4269,625.4955,8.9612,19.2044,9.66,306.0856,39.926,0.102,0.9974,1.8176,16.5374,0.9213,0.2072,0.257,0.2776,0.257,66.2506,1.1131,3.2073,87.22,-1,2008-09-26 19:45:00
26.2227,4.6539,18.9296,0.0105,3.8415,3.3139999999999996,2.582,0.0,2.4718,530.3836,0.6731,1.6708,2.0664,0.2111,3.5954,0.1092,1.8367,0.4816,8.8562,2.819,29.7881,0.1307,2.416,0.4681,6.8518,0.7696,80.04,156.4628,0.1511,12.5412,30.3935,613.5236,17.4644,47.2914,10.34,109.9168,36.1962,0.1307,0.9983,1.9495,50.3778,0.9317,0.1899,0.3383,0.415,0.3383,66.4384,2.6076,3.582,96.8789,-1,2008-09-26 19:55:00
14.9692,5.1665,5.8424,0.0139999999999999,4.5354,3.357,3.282,0.0,1.5183,530.2409,0.6894,1.5312,0.9327,0.3903,3.5659,0.0338,1.9614,0.2936,8.9857,3.467,27.5177,0.1206,2.4241,0.5657,2.2685,0.8014,78.95,139.6209,0.084,12.5141,41.3793,637.8373,22.0711,13.1291,11.54,93.9563,38.8281,0.1508,0.9973,2.1764,20.2273,0.9174,0.213,0.347,0.4313,0.347,66.3551,2.9357,3.8239,104.3367,-1,2008-09-26 20:23:00
11.28,2.9266,11.1426,0.0173,4.7702,3.321,5.437,0.0,1.4325,528.7673,0.6221,2.9871,1.4763,0.1423,5.0,0.0811,1.9809,0.2234,9.4336,3.474,33.5324,0.1346,2.3884,0.5429999999999999,4.4488,0.809,13.97,139.6209,0.0615,12.5651,22.4168,617.8509,22.8606,13.1291,6.95,191.1471,39.926,0.1344,0.9974,1.3144,7.8172,0.9331,0.1828,0.3139,0.3997,0.3139,66.3004,2.8476,2.229,101.9267,-1,2008-09-26 20:31:00
54.8262,3.8017,9.0633,0.0132,7.6188,3.114,3.3960000000000004,0.0,1.5891,524.2318,0.7743,1.6708,0.8782,0.4295,3.5954,0.0807,2.0104,1.1022,8.8331,2.7880000000000003,30.9967,0.1242,2.292,0.4466,3.3014,0.8568,75.34,79.9402,0.3632,12.5861,23.8683,619.2082,17.4644,50.4835,436.52,109.9168,36.4259,0.16,0.9972,83.2685,50.3778,0.9284,0.2679,0.3935,0.3261,0.3935,66.0106,2.6076,149.184,96.8789,-1,2008-09-27 00:16:00
14.8682,3.3409,8.8617,0.016,4.8813,3.233,3.395,0.0,1.9126,532.5954,0.7161,1.5889,1.2858,0.326,2.0869999999999997,0.0913,2.1606,0.3212,9.0121,2.765,25.6928,0.1335,2.4196,0.4591,3.6151,0.7932,79.05,79.9402,0.0944,12.5484,95.3413,608.1736,18.3632,21.9576,10.59,66.6023,40.7945,0.1414,0.9983,1.9884,20.6523,0.9255,0.1852,0.3622,0.2497,0.3622,67.1173,2.3253,3.4596,95.9511,-1,2008-09-27 00:17:00
14.9298,2.8331,10.7007,0.0118,2.5955,3.46,2.8169999999999997,0.0,2.385,531.4064,0.6709,2.4714,1.3192,0.2298,2.4302,0.1088,2.0135,0.3006,8.5862,2.6319999999999997,29.8877,0.1336,2.4167,0.4583,4.0856,0.8405,80.26,79.9402,0.1047,12.5786,47.7495,614.8373,18.9784,39.9476,9.96,186.7063,38.1808,0.1464,0.997,1.8743,21.4288,0.9298,0.3795,0.3387,0.4159,0.3387,66.2443,2.6174,3.5767,98.89,-1,2008-09-27 01:29:00
14.9692,2.1151,9.2743,0.0105,6.7139999999999995,3.158,4.938,0.0,3.1957,530.2409,0.5488,1.4193,1.3169,0.2269,5.1,0.0838,1.9614,0.2936,8.6799,2.964,24.8245,0.1355,2.2954,0.5104,3.7145,0.8036,8.517999999999999,79.9402,0.084,12.5167,37.0766,615.4145,18.7906,13.9153,11.54,92.6642,40.0517,0.1106,1.0,2.1764,44.953,0.9316,0.2686,0.2776,0.3379,0.2776,66.3052,2.3513,3.8239,94.8489,-1,2008-09-27 03:53:00
12.6151,3.7689,7.097,0.0153,4.5748,3.474,2.71,0.0,2.1457,531.4591,0.6338,2.0791,0.8158,0.3494,2.6792,0.0363,1.9611,0.2474,8.8097,3.517,29.9163,0.1318,2.4172,0.6282,2.6568,0.825,80.46,202.5901,0.0799,12.5833,44.0529,625.6264,20.6887,64.0311,9.66,234.9223,37.4357,0.1303,0.9993,1.8176,19.5433,0.9192,0.1991,0.3189,0.3913,0.3188,66.5094,2.741,3.2073,91.64,-1,2008-09-27 10:10:00
14.3055,6.7438,14.549,0.0153,7.2636,3.283,2.94,0.0,3.5244,529.9445,0.7313,1.7544,1.7811,0.2512,2.6919999999999997,0.1068,1.974,0.2824,8.324,3.247,4.308,0.1369,2.4201,0.5304,5.7346,0.8454,81.77,262.6164,0.094,12.4845,27.2228,625.6882,19.3615,33.0128,7.91,249.4323,39.4156,0.1401,0.9983,1.4926,43.3956,0.9317,0.2112,0.3688,0.2701,0.3688,66.0411,2.2175,2.6691,104.6689,-1,2008-09-27 10:13:00
18.3584,4.7785,4.1294,0.0188,5.3629,3.154,4.5969999999999995,0.0,3.1957,529.02,0.3119,1.8239,0.5492,0.2019999999999999,2.4181,0.0816,1.9969,0.3666,8.7383,2.9410000000000003,26.3835,0.1349,2.2563,0.5033,1.7353,0.8238,8.779,35.3988,0.1011,12.5167,44.2831,615.8445,18.929,30.1541,9.82,119.5314,42.0235,0.0605,0.9984,1.8563,34.3856,0.9315,0.4098,0.1578,0.3173,0.1578,66.2908,2.4116,2.9343,93.6778,-1,2008-09-27 11:04:00
96.9601,5.1967,12.1701,0.0134,8.6549,2.967,3.3960000000000004,0.0,1.6735,504.9173,0.3396,1.3485,1.5421,0.1726,2.8291,0.1017,2.2656,2.1967,8.7779,3.4539999999999997,30.1688,0.127,2.3075,0.5349,4.7212,0.7859,77.83,35.3988,0.5502,12.5488,26.3104,620.1991,15.7643,41.1198,438.87,104.0964,38.7933,0.0702,0.9998,86.9192,26.7162,0.9314,0.7949,0.1701,0.2269,0.1701,66.3369,1.863,131.4529,86.7956,-1,2008-09-27 11:45:00
9.6762,4.141,7.1092,0.0148,5.8442,3.823,5.653,0.0,1.4381,532.0064,0.7152,1.9026,0.8984,0.3198,3.4446,0.0851,1.9363,0.1874,8.9818,3.865,23.3595,0.1413,2.2749,0.7124,2.6161,0.7651,12.94,69.2994,0.0554,12.5169,221.6216,612.3964,19.563,55.6678,10.89,205.6704,36.7988,0.1369999999999999,0.9963,2.0469999999999997,22.3721,0.9334,0.3699,0.3596,0.3758,0.3596,66.3426,2.3898,3.9403,86.17,-1,2008-09-27 11:54:00
14.9298,3.8038,11.1426,0.012,4.7702,3.321,5.653,0.0,2.385,531.4064,0.7152,2.1625,1.4763,0.3198,4.3225,0.0939,2.0135,0.3006,8.9818,3.474,26.7568,0.1185,2.3884,0.5429999999999999,4.4488,0.809,12.94,16.9283,0.1047,12.5786,35.604,620.1991,20.4393,26.4387,9.96,128.4772,39.926,0.1369999999999999,0.9974,1.8743,6.2417,0.9322,0.3699,0.3596,0.3758,0.3596,66.3426,2.6734,3.5767,103.2778,-1,2008-09-27 12:26:00
12.3064,5.4204,8.8617,0.0138,4.8813,3.233,4.5969999999999995,0.0,1.6712,528.4045,0.3119,1.8265,1.2858,0.2019999999999999,4.2249,0.0839,1.9943,0.2454,8.7383,2.765,23.7345,0.1313,2.4196,0.4591,3.6151,0.7932,8.779,45.3908,0.0796,12.5661,27.1055,621.9545,25.0951,10.8507,9.01,107.2418,40.7945,0.0605,0.9983,1.7051,10.1774,0.9314,0.4098,0.1578,0.3173,0.1578,66.2908,3.2853,2.9594,105.2711,-1,2008-09-27 12:28:00
12.6151,3.3565,4.1294,0.0142,5.3629,3.154,3.074,0.0,4.1616,531.4591,0.8053,1.8239,0.5492,0.3279999999999999,2.4181,0.0838,1.9611,0.2474,8.9154,2.9410000000000003,21.5248,0.136,2.2563,0.5033,1.7353,0.8238,78.29,45.3908,0.0799,12.4951,18.6047,616.5418,18.929,13.1291,9.66,119.5314,42.0235,0.1652,0.9984,1.8176,34.3856,0.9316,0.288,0.4035,0.3824,0.4035,66.3741,2.4116,3.2073,93.6778,-1,2008-09-27 12:36:00
14.9298,3.816,9.2743,0.0129,6.7139999999999995,3.158,3.233,0.0,2.4817,531.4064,0.6853,2.2873,1.3169,0.3198,4.266,0.0839,2.0135,0.3006,8.942,2.964,26.2811,0.1401,2.2954,0.5104,3.7145,0.8036,79.9,45.3908,0.1047,12.4912,25.2492,621.2118,22.4997,13.6884,9.96,117.0113,40.0517,0.1604,1.0,1.8743,13.7591,0.9314,0.3085,0.3441,0.3546,0.3441,66.2825,2.9088,3.5767,104.4778,-1,2008-09-27 13:14:00
12.2751,4.8846,8.9021,0.0152,5.4061,3.3480000000000003,3.59,0.0,3.0943,532.6327,0.6451,2.0506,0.9756,0.301,2.4863,0.0381,2.1085,0.2588,8.8105,2.865,20.2022,0.1284,2.3867,0.4958,3.3744,0.8037,80.84,62.7655,0.0793,12.6037,36.6667,622.0627,19.6645,64.0311,7.77,287.6815,37.9057,0.1298,0.9988,1.4588,23.4878,0.9224,0.3005,0.3265,0.2844,0.3265,66.362,2.5877,2.7003,91.3367,-1,2008-09-27 13:19:00
8.6853,3.1549,9.0633,0.0132,7.6188,3.114,2.673,0.0,3.3837,529.5955,0.6436,2.0229,0.8782,0.3797,4.3859,0.1017,2.1619,0.1878,8.8624,2.7880000000000003,31.3398,0.1355,2.292,0.4466,3.3014,0.8568,81.74,62.7655,0.0563,12.4124,38.7097,616.7664,26.9966,19.2044,8.0099,125.4251,36.4259,0.1365,0.9972,1.5125,11.2302,0.9315,0.2198,0.3272,0.3319,0.3272,66.2314,3.3317,2.6198,105.8489,-1,2008-09-27 14:01:00
9.363,6.7336,14.549,0.0146,7.2636,3.283,3.178,0.0,2.4002,530.7036,0.5137,2.4991,1.7811,0.3378,2.5011,0.1061,2.1207,0.1986,8.322000000000001,3.247,28.8578,0.1424,2.4201,0.5304,5.7346,0.8454,82.3,62.7655,0.0572,12.4992,51.9016,612.0355,16.9753,13.2956,8.4,67.9432,39.4156,0.1162,0.9983,1.5828,7.5214,0.9312,0.1009,0.2589,0.2843,0.2589,66.0788,2.1385,2.8909,102.1067,-1,2008-09-27 14:05:00
15.8974,5.4237,7.1092,0.0131,5.8442,3.823,3.59,0.0,3.1967,531.0009,0.6451,1.9026,0.8984,0.301,3.4446,0.0814,1.8299,0.2909,8.8105,3.865,29.6277,0.1356,2.2749,0.7124,2.6161,0.7651,80.84,38.1727,0.0821,12.5129,45.8015,619.2536,19.563,55.6678,13.28,205.6704,36.7988,0.1298,0.9963,2.5009,22.3721,0.9206,0.3005,0.3265,0.2844,0.3265,66.362,2.3898,4.4922,86.17,-1,2008-09-27 14:46:00
14.3055,4.4321,14.549,0.0139999999999999,7.2636,3.283,2.359,0.0,1.3597,529.9445,0.7129,3.2694,1.7811,0.3733,2.7182,0.1067,1.974,0.2824,8.6472,3.247,24.7718,0.1338,2.4201,0.5304,5.7346,0.8454,80.95,38.1727,0.094,12.5027,59.0799,610.95,16.0878,13.2956,7.91,134.1066,39.4156,0.1433,0.9983,1.4926,11.3758,0.9324,0.2933,0.3606,0.3065,0.3606,66.3097,2.0724,2.6691,105.1889,-1,2008-09-27 15:09:00
8.1974,2.6894,11.7663,0.0184,7.1851,3.244,2.541,0.0,1.4509,530.2418,0.774,1.4193,1.4445,0.3395,5.1,0.0939,2.4302,0.1992,8.8546,3.293,25.6486,0.1334,2.3914,0.5699,4.6307,0.8224,80.2,31.6209,0.0629,12.4059,45.3998,618.0409,18.7906,13.9153,9.71,92.6642,39.3558,0.1564,1.002,1.8312,44.953,0.9322,0.4267,0.3927,0.3738,0.3926,66.2479,2.3513,3.2316,94.8489,-1,2008-09-27 15:30:00
11.28,5.5267,11.8085,0.0108,5.6751,3.102,3.156,0.0,1.6935,528.7673,0.7517,1.8265,1.4809,0.2542,4.2249,0.0832,1.9809,0.2234,8.8597,3.135,35.4979,0.1351,2.2821,0.5156,4.6867,0.8318,78.79,108.9031,0.0615,12.4002,37.149,617.6055,25.0951,49.5678,6.95,107.2418,39.6894,0.1427,0.9981,1.3144,10.1774,0.9331,0.2465,0.3772,0.4254,0.3772,66.2249,3.2853,2.229,105.2711,-1,2008-09-27 16:13:00
16.9045,5.7143,7.1092,0.01,5.8442,3.823,2.5839999999999996,0.0,1.6673,529.6464,0.423,1.9026,0.8984,0.1813,3.4446,0.0345,2.032,0.3435,8.6544,3.865,24.4,0.1369,2.2749,0.7124,2.6161,0.7651,80.67,19.5115,0.0925,12.5949,33.3333,622.6936,19.563,64.0311,5.81,205.6704,36.7988,0.0867,0.9963,1.097,22.3721,0.9179,0.3039,0.2238,0.3319,0.2238,66.2357,2.3898,2.0923,86.17,-1,2008-09-27 17:26:00
14.6674,3.11,4.4811,0.0187,7.7094,3.142,5.653,0.0,1.7446,531.0364,0.7152,2.0506,0.6076,0.3198,2.4863,0.0851,2.1244,0.3116,8.9818,2.901,21.4005,0.1174,2.2458,0.489,1.7791,0.8525,12.94,19.5115,0.0868,12.6106,53.3333,614.2073,19.6645,64.0311,8.97,287.6815,39.7021,0.1369999999999999,0.9977,1.6892,23.4878,0.9334,0.3699,0.3596,0.3758,0.3596,66.3426,2.5877,3.3351,91.3367,-1,2008-09-27 18:14:00
12.3064,4.5853,7.097,0.0138,4.5748,3.474,3.233,0.0,1.5924,528.4045,0.6853,2.3040000000000003,0.8158,0.3198,2.4311,0.1088,1.9943,0.2454,8.942,3.517,28.0999,0.1346,2.4172,0.6282,2.6568,0.825,79.9,19.5115,0.0796,12.56,50.7937,615.0982,17.2987,35.9702,9.01,184.504,37.4357,0.1604,0.9993,1.7051,26.3059,0.9298,0.3085,0.3441,0.3546,0.3441,66.2825,2.3615,2.9594,93.7522,-1,2008-09-27 19:16:00
19.6759,3.9945,11.1426,0.0109,4.7702,3.321,3.395,0.0,1.7547,530.5682,0.7532,2.3040000000000003,1.4763,0.4121,2.4311,0.0932,2.1417,0.4214,8.8889,3.474,23.4218,0.1291,2.3884,0.5429999999999999,4.4488,0.809,80.31,83.5851,0.1085,12.5376,39.96,613.4764,17.2987,35.9702,10.87,184.504,39.926,0.1509,0.9974,2.0487,26.3059,0.9298,0.0399,0.3783,0.3682,0.3783,65.9099,2.3615,3.7567,93.7522,-1,2008-09-27 20:46:00
16.2562,3.8611,18.9296,0.0225,3.8415,3.3139999999999996,3.102,0.0,2.0686,530.7318,0.4642,2.0831,2.0664,0.1536,3.234,0.0819,2.2877,0.3719,8.7199,2.819,32.3553,0.1249,2.416,0.4681,6.8518,0.7696,76.97,83.5851,0.1154,12.5688,51.6129,630.1364,19.5809,52.1953,9.63,110.6014,36.1962,0.0896,0.9983,1.8145,20.2551,0.9267,0.8384,0.2315,0.2363,0.2314,65.9445,2.5481,3.3778,101.5122,-1,2008-09-27 21:45:00
10.0064,5.4916,9.0633,0.0256,7.6188,3.114,2.987,0.0,1.6935,526.7564,0.575,1.9891,0.8782,0.2238,2.4678,0.1003,2.209,0.221,8.7597,2.7880000000000003,22.0794,0.1276,2.292,0.4466,3.3014,0.8568,76.87,33.3147,0.0689,12.4002,44.3149,616.1364,21.0481,49.5678,7.77,61.0981,36.4259,0.1255,0.9972,1.4751,22.5556,0.9337,0.4044,0.2918,0.3265,0.2918,65.9682,2.7141,2.7729,89.4944,-1,2008-09-28 00:51:00
11.28,4.0987,14.1912,0.0094,5.2393,3.359,3.08,0.0,2.6201,528.7673,0.7097,3.2327,1.6966,0.2729,2.7404,0.0381,1.9809,0.2234,8.9979,2.948,31.52,0.129,2.3797,0.5064,5.7761,0.8336,78.42,33.3147,0.0615,12.5951,38.6473,618.5791,18.973,40.1918,6.95,161.5835,40.702,0.1377,1.001,1.3144,12.7335,0.9148,0.3814,0.3589,0.4163,0.359,66.2937,2.6052,2.229,108.0122,-1,2008-09-28 01:22:00
11.28,4.5795,5.8424,0.0098,4.5354,3.357,3.071,0.0,2.3204,528.7673,0.7673,1.9994,0.9327,0.4227,4.0665,0.0381,1.9809,0.2234,8.58,3.467,33.272,0.1334,2.4241,0.5657,2.2685,0.8014,79.04,33.3147,0.0615,12.498,34.0852,620.24,23.65,39.4243,6.95,139.5406,38.8281,0.1533,0.9973,1.3144,10.8702,0.9148,0.3927,0.3889,0.2976,0.389,66.2596,3.438,2.229,103.7022,-1,2008-09-28 03:55:00
13.5037,3.9171,7.1092,0.0155,5.8442,3.823,5.653,0.0,1.4369,524.4955,0.7152,2.535,0.8984,0.3198,2.0749,0.1055,1.0912,0.1474,8.9818,3.865,33.4431,0.1402,2.2749,0.7124,2.6161,0.7651,12.94,39.1032,0.0527,12.5273,53.5059,616.4845,19.6574,23.5359,11.12,445.7203,36.7988,0.1369999999999999,0.9963,2.1201,27.361,0.9327,0.3699,0.3596,0.3758,0.3596,66.3426,2.6299,4.055,87.8044,1,2008-09-28 04:45:00
14.5257,2.7083,14.549,0.012,7.2636,3.283,-0.0759,0.0,1.8442,530.3364,0.5875,3.4895,1.7811,0.1698,2.5684,0.1058,2.0269999999999997,0.2944,8.8424,3.247,24.7094,0.1211,2.4201,0.5304,5.7346,0.8454,4.14,39.1032,0.1001,12.4716,39.0033,611.9391,26.535,10.8507,9.92,458.8084,39.4156,0.1131,0.9983,1.8705,45.1548,0.9307,0.8808,0.2942,0.2332,0.2941,66.1354,3.8984,3.4462,90.0089,-1,2008-09-28 05:31:00
9.5881,5.0567,7.1092,0.018,5.8442,3.823,3.282,0.0,3.1957,531.4173,0.6894,2.0276,0.8984,0.3903,4.1523,0.0939,2.1444,0.2056,8.9857,3.865,30.1944,0.1346,2.2749,0.7124,2.6161,0.7651,78.95,39.1032,0.0638,12.5167,26.1937,617.0345,24.7784,64.0311,6.72,119.5114,36.7988,0.1508,0.9963,1.2645,10.7997,0.9322,0.213,0.347,0.4313,0.347,66.3551,3.3214,1.9092,106.3611,-1,2008-09-28 06:22:00
9.363,3.5486,25.7792,0.0178,5.2961,2.8939999999999997,5.46,0.0,2.5554,530.7036,0.8037,3.4895,3.3128,0.1874,2.5684,0.0894,2.1207,0.1986,8.8356,4.445,24.7298,0.1326,2.3138,0.6738,10.1529,0.7644,7.74,39.1032,0.0572,12.5224,64.7727,620.9573,26.535,23.5359,8.4,458.8084,39.3841,0.1476,0.9983,1.5828,45.1548,0.9243,0.2199,0.4071,0.3094,0.4071,66.3989,3.8984,2.8909,90.0089,-1,2008-09-28 07:38:00
16.9045,2.8381,14.1912,0.0107,5.2393,3.359,3.023,0.0,1.7443,529.6464,0.7526,2.4991,1.6966,0.3451,2.5011,0.0851,2.032,0.3435,8.2776,2.948,27.6111,0.1351,2.3797,0.5064,5.7761,0.8336,82.25,39.1032,0.0925,12.6122,28.0702,614.6282,16.9753,13.2956,5.81,67.9432,40.702,0.1598,1.001,1.097,7.5214,0.9334,0.3149,0.3782,0.2862,0.3783,65.8701,2.1385,2.0923,102.1067,-1,2008-09-28 07:52:00
9.6762,4.319,8.0788,0.0116,6.8693,3.338,2.677,0.0,1.7443,532.0064,0.3605,2.4991,1.079,0.2141,2.5011,0.0381,1.9363,0.1874,8.8909,2.923,26.8979,0.1383,2.4151,0.5104,3.2496,0.8343,80.01,39.1032,0.0554,12.6122,21.3577,622.3018,16.9753,13.2956,10.89,67.9432,40.224,0.0883,0.9986,2.0469999999999997,7.5214,0.9224,0.271,0.1827,0.3253,0.1827,66.3049,2.1385,3.9403,102.1067,-1,2008-09-28 08:40:00
10.7575,5.5709,4.1294,0.0157,5.3629,3.154,2.841,0.0,1.6673,531.7491,0.5891,2.0229,0.5492,0.2993,4.3859,0.0342,1.9611,0.211,8.0787,2.9410000000000003,24.3925,0.1305,2.2563,0.5033,1.7353,0.8238,80.44,39.1032,0.0664,12.5949,23.569000000000003,627.7145,26.9966,19.2044,7.87,125.4251,42.0235,0.1182,0.9984,1.48,11.2302,0.9213,0.2935,0.2973,0.309,0.2973,66.0133,3.3317,2.9252,105.8489,-1,2008-09-28 08:41:00
14.9692,2.3996,14.1912,0.0121,5.2393,3.359,3.2,0.0,3.1957,530.2409,0.5388,2.8962,1.6966,0.2413,2.5912,0.0838,1.9614,0.2936,9.0942,2.948,22.0031,0.1378,2.3797,0.5064,5.7761,0.8336,79.86,39.1032,0.084,12.5167,69.3548,617.32,21.343000000000004,38.8294,11.54,402.7377,40.702,0.1265,1.001,2.1764,28.7493,0.9316,0.1642,0.2702,0.3991,0.2702,66.3203,2.7412,3.8239,100.6867,1,2008-09-28 09:50:00
14.9692,3.5061,9.0785,0.0136,5.8508,3.205,3.233,0.0,1.6673,530.2409,0.6853,2.0506,1.2499,0.3198,2.4863,0.0816,1.9614,0.2936,8.942,3.1289999999999996,23.0665,0.1273,2.394,0.491,3.5913,0.8414,79.9,51.0695,0.084,12.5949,46.9861,612.7009,19.6645,64.0311,11.54,287.6815,39.5584,0.1604,1.002,2.1764,23.4878,0.9315,0.3085,0.3441,0.3546,0.3441,66.2825,2.5877,3.8239,91.3367,-1,2008-09-28 17:05:00
14.3055,4.486000000000001,9.0785,0.0133,5.8508,3.205,3.3539999999999996,0.0,3.5244,529.9445,0.7217,3.2327,1.2499,0.3237,2.7404,0.1011,1.974,0.2824,9.3868,3.1289999999999996,23.5232,0.132,2.394,0.491,3.5913,0.8414,80.46,51.0695,0.094,12.4845,41.1429,611.1355,18.973,13.2956,7.91,161.5835,39.5584,0.1451,1.002,1.4926,12.7335,0.9329,0.5342,0.3663,0.3332,0.3663,65.971,2.6052,2.6691,108.0122,-1,2008-09-28 17:06:00
14.5257,3.2357,9.0807,0.0091,4.9215,3.2039999999999997,3.178,0.0,2.7202,530.3364,0.5137,3.2327,1.185,0.3378,2.7404,0.1061,2.0269999999999997,0.2944,8.322000000000001,2.9619999999999997,19.9076,0.1402,2.4079,0.4645,3.6143,0.8529,82.3,51.0695,0.1001,12.499,31.7181,614.7864,18.973,13.7863,9.92,161.5835,39.8019,0.1162,1.0,1.8705,12.7335,0.9312,0.1009,0.2589,0.2843,0.2589,66.0788,2.6052,3.4462,108.0122,-1,2008-09-28 17:49:00
14.5257,6.912999999999999,9.0785,0.0148,5.8508,3.205,3.069,0.0,2.7202,530.3364,0.539,1.81,1.2499,0.2561,2.7825,0.0344,2.0269999999999997,0.2944,8.9036,3.1289999999999996,23.024,0.1351,2.394,0.491,3.5913,0.8414,81.44,51.0695,0.1001,12.499,55.6818,629.9973,18.7284,13.2956,9.92,104.965,39.5584,0.1016,1.002,1.8705,28.4484,0.9224,0.1431,0.2731,0.3199,0.273,66.3221,2.3213,3.4462,85.7689,-1,2008-09-28 17:55:00
17.6298,7.3859,8.9021,0.0146,5.4061,3.3480000000000003,2.955,0.0,1.4325,531.0418,0.6275,1.8941,0.9756,0.1913,3.9057,0.0345,2.0433,0.3602,8.9191,2.865,24.5324,0.1242,2.3867,0.4958,3.3744,0.8037,79.82,51.0695,0.0997,12.5651,36.8664,623.5636,22.2442,64.0311,9.82,111.3104,37.9057,0.1548,0.9988,1.8492,11.5332,0.9179,0.3075,0.3179,0.4046,0.3179,66.3044,2.9139999999999997,3.5086,103.5033,-1,2008-09-28 18:34:00
17.0283,4.497,8.0788,0.015,6.8693,3.338,2.932,0.0,2.0031,531.8136,0.5963,1.6286,1.079,0.3365,9.69,0.0328,2.0854,0.3551,9.3181,2.923,29.2212,0.1424,2.4151,0.5104,3.2496,0.8343,78.7,51.0695,0.1168,12.4804,25.9542,621.7564,18.2462,17.2047,7.01,139.0641,40.224,0.1199,0.9986,1.3181,8.1812,0.9226,0.2182,0.3029,0.2736,0.3029,65.8829,2.1102,2.4389,105.9689,-1,2008-09-28 18:43:00
12.2751,2.1779,8.0788,0.0111,6.8693,3.338,4.938,0.0,1.6799,532.6327,0.5488,2.329,1.079,0.2269,2.81,0.0939,2.1085,0.2588,8.6799,2.923,25.1172,0.1211,2.4151,0.5104,3.2496,0.8343,8.517999999999999,51.0695,0.0793,12.5008,34.7032,616.89,17.6223,19.874,7.77,93.8974,40.224,0.1106,0.9986,1.4588,9.0017,0.9322,0.2686,0.2776,0.3379,0.2776,66.3052,2.1237,2.7003,104.2989,-1,2008-09-28 19:18:00
10.7575,3.7579,14.1912,0.0137,5.2393,3.359,4.515,0.0,2.9665,531.7491,0.3133,2.8962,1.6966,0.1833,2.5912,0.0851,1.9611,0.211,8.2832,2.948,20.8865,0.135,2.3797,0.5064,5.7761,0.8336,10.11,51.0695,0.0664,12.4727,58.2716,622.7273,21.343000000000004,65.1247,7.87,402.7377,40.702,0.0616,1.001,1.48,28.7493,0.9334,0.2379,0.1581,0.2957,0.158,66.0304,2.7412,2.9252,100.6867,-1,2008-09-28 19:29:00
14.6455,3.706,5.8424,0.0111,4.5354,3.357,2.5839999999999996,0.0,1.5103,530.1782,0.423,1.9891,0.9327,0.1813,2.4678,0.0842,1.9155,0.2805,8.6544,3.467,29.809,0.1307,2.4241,0.5657,2.2685,0.8014,80.67,51.0695,0.0941,12.58,34.6535,615.4036,21.0481,19.2044,10.78,61.0981,38.8281,0.0867,0.9973,2.0333,22.5556,0.931,0.3039,0.2238,0.3319,0.2238,66.2357,2.7141,3.4542,89.4944,-1,2008-09-28 20:02:00
11.28,2.6227,14.1912,0.0131,5.2393,3.359,3.2,0.0,2.3204,528.7673,0.5388,3.4895,1.6966,0.2413,2.5684,0.0811,1.9809,0.2234,9.0942,2.948,34.1825,0.1411,2.3797,0.5064,5.7761,0.8336,79.86,74.372,0.0615,12.498,90.8475,612.6036,26.535,23.5359,6.95,458.8084,40.702,0.1265,1.001,1.3144,45.1548,0.9331,0.1642,0.2702,0.3991,0.2702,66.3203,3.8984,2.229,90.0089,-1,2008-09-28 20:42:00
14.9692,4.0299,9.2743,0.0146,6.7139999999999995,3.158,2.541,0.0,3.1957,530.2409,0.774,1.8507,1.3169,0.3395,3.81,0.0335,1.9614,0.2936,8.8546,2.964,27.6705,0.1389,2.2954,0.5104,3.7145,0.8036,80.2,737.3048,0.084,12.5167,24.5315,630.1609,23.1949,30.1541,11.54,72.2421,40.0517,0.1564,1.0,2.1764,11.7355,0.9178,0.4267,0.3927,0.3738,0.3926,66.2479,3.0935,3.8239,103.1978,-1,2008-09-28 21:08:00
9.6762,4.8154,9.0807,0.0133,4.9215,3.2039999999999997,2.677,0.0,1.7443,532.0064,0.3605,2.5459,1.185,0.2141,2.842,0.0381,1.9363,0.1874,8.8909,2.9619999999999997,24.4144,0.1369,2.4079,0.4645,3.6143,0.8529,80.01,737.3048,0.0554,12.6122,19.5976,621.2755,19.4362,33.6789,10.89,173.6965,39.8019,0.0883,1.0,2.0469999999999997,12.2383,0.9224,0.271,0.1827,0.3253,0.1827,66.3049,2.2481,3.9403,105.8678,-1,2008-09-28 21:27:00
14.3055,4.58,18.5218,0.0169,9.3057,3.1660000000000004,2.7430000000000003,0.0,2.0031,529.9445,0.7915,1.6286,2.2605,0.2297,9.69,0.0328,1.974,0.2824,8.662,3.008,24.8064,0.133,2.2726,0.5231,7.3173,0.8121,81.32,227.6623,0.094,12.4804,30.4118,625.3073,18.2462,17.2047,7.91,139.0641,39.5064,0.1521,0.9997,1.4926,8.1812,0.9226,0.184,0.4004,0.263,0.4004,66.1995,2.1102,2.6691,105.9689,-1,2008-09-28 22:44:00
9.363,5.5049,9.0785,0.0095,5.8508,3.205,3.023,0.0,2.5555,530.7036,0.7526,1.6286,1.2499,0.3451,9.69,0.1061,2.1207,0.1986,8.2776,3.1289999999999996,27.8836,0.1346,2.394,0.491,3.5913,0.8414,82.25,77.2047,0.0572,12.5222,15.2493,609.3064,18.2462,28.4998,8.4,139.0641,39.5584,0.1598,1.002,1.5828,8.1812,0.9312,0.3149,0.3782,0.2862,0.3783,65.8701,2.1102,2.8909,105.9689,-1,2008-09-28 23:54:00
14.5194,4.8264,9.3047,0.0153,4.4847,3.1630000000000003,2.932,0.0,3.5244,529.5182,0.5963,3.7721,1.1413,0.3365,2.4647,0.034,2.113,0.3068,9.3181,3.179,32.4807,0.1291,2.2671,0.5413,3.7737,0.8376,78.7,77.2047,0.0921,12.4845,37.0291,614.3709,23.5482,13.7863,10.65,425.5212,40.556999999999995,0.1199,1.0,2.0113,33.3179,0.9222,0.2182,0.3029,0.2736,0.3029,65.8829,2.7664,3.6722,98.59,-1,2008-09-29 02:06:00
17.7634,4.3696,18.5218,0.0135,9.3057,3.1660000000000004,3.182,0.0,1.5981,529.2673,0.4453,1.6286,2.2605,0.1275,9.69,0.0347,2.0421,0.3628,8.8519,3.008,22.3195,0.1284,2.2726,0.5231,7.3173,0.8121,77.44,77.2047,0.1215,12.5145,43.9407,632.0473,18.2462,32.4821,8.94,139.0641,39.5064,0.1058,0.9997,1.6891,8.1812,0.9157,0.8599,0.2235,0.2438,0.2235,66.1883,2.1102,3.1572,105.9689,-1,2008-09-29 03:07:00
15.8974,3.9776,9.3047,0.0122,4.4847,3.1630000000000003,3.156,0.0,2.5554,531.0009,0.7517,2.329,1.1413,0.2542,2.81,0.0381,1.8299,0.2909,8.8597,3.179,27.4975,0.1364,2.2671,0.5413,3.7737,0.8376,78.79,78.8778,0.0821,12.5224,26.9171,618.4818,17.6223,33.9139,13.28,93.8974,40.556999999999995,0.1427,1.0,2.5009,9.0017,0.9224,0.2465,0.3772,0.4254,0.3772,66.2249,2.1237,4.4922,104.2989,-1,2008-09-29 03:50:00
14.3705,2.8254,8.0788,0.0115,6.8693,3.338,4.515,0.0,1.4325,529.5182,0.3133,2.8962,1.079,0.1833,2.5912,0.0838,2.077,0.2985,8.2832,2.923,24.5276,0.1405,2.4151,0.5104,3.2496,0.8343,10.11,91.6729,0.0824,12.5651,40.6647,613.5209,21.343000000000004,13.2956,8.99,402.7377,40.224,0.0616,0.9986,1.6978,28.7493,0.9316,0.2379,0.1581,0.2957,0.158,66.0304,2.7412,3.2531,100.6867,-1,2008-09-29 04:18:00
14.5257,3.4658,18.5218,0.0139,9.3057,3.1660000000000004,2.677,0.0,4.6274,530.3364,0.3605,3.2327,2.2605,0.2141,2.7404,0.1061,2.0269999999999997,0.2944,8.8909,3.008,29.0043,0.136,2.2726,0.5231,7.3173,0.8121,80.01,22.6231,0.1001,12.5341,27.758000000000003,616.1973,18.973,27.5529,9.92,161.5835,39.5064,0.0883,0.9997,1.8705,12.7335,0.9312,0.271,0.1827,0.3253,0.1827,66.3049,2.6052,3.4462,108.0122,-1,2008-09-29 04:47:00
14.3055,3.9686,14.1912,0.0192,5.2393,3.359,2.585,0.0,1.8442,529.9445,0.5931,3.361,1.6966,0.1924,2.7625,0.1011,1.974,0.2824,9.7137,2.948,20.636,0.1318,2.3797,0.5064,5.7761,0.8336,81.46,22.6231,0.094,12.4716,54.9865,609.4973,19.2136,13.2956,7.91,237.124,40.702,0.1178,1.001,1.4926,41.2286,0.9329,0.299,0.3016,0.31,0.3016,66.3288,2.327,2.6691,102.9956,-1,2008-09-29 05:32:00
16.9045,4.351,9.3047,0.0116,4.4847,3.1630000000000003,2.987,0.0,1.7443,529.6464,0.5578,3.7721,1.1413,0.2029,2.4647,0.0342,2.032,0.3435,8.135,3.179,17.2615,0.1287,2.2671,0.5413,3.7737,0.8376,82.22,22.6231,0.0925,12.6122,20.4255,636.1309,23.5482,13.7863,5.81,425.5212,40.556999999999995,0.1219,1.0,1.097,33.3179,0.9213,0.2383,0.2814,0.3273,0.2813,66.0557,2.7664,2.0923,98.59,-1,2008-09-29 07:53:00
14.6674,7.2128,11.1381,0.0107,6.7695,3.037,2.736,0.0,1.5993,531.0364,0.6787,1.7544,1.43,0.2922,2.6919999999999997,0.0363,2.1244,0.3116,8.1161,3.5010000000000003,23.6096,0.1211,2.3283,0.5271,4.2551,0.812,81.74,22.6231,0.0868,12.5051,78.5597,629.0873,19.3615,36.1994,8.97,249.4323,38.2031,0.1314,0.998,1.6892,43.3956,0.9192,0.1877,0.3427,0.3178,0.3428,66.1149,2.2175,3.3351,104.6689,-1,2008-09-29 09:15:00
13.5037,5.5816,12.5942,0.0084,8.1842,3.093,3.59,0.0,1.9999,524.4955,0.6451,3.0942,1.4635,0.301,2.8563,0.1011,1.0912,0.1474,8.8105,3.1180000000000003,17.8882,0.1354,2.3193,0.5138,5.1911,0.8068,80.84,22.6231,0.0527,12.5004,33.7812,612.78,23.4732,58.2876,11.12,350.2491,41.2183,0.1298,1.0,2.1201,23.0652,0.9329,0.3005,0.3265,0.2844,0.3265,66.362,3.255,4.055,96.79,-1,2008-09-29 11:13:00
13.5037,4.9264,3.7543,0.0159,6.0533,3.241,3.244,0.0,1.9999,524.4955,0.5521,1.9095,0.5443,0.34,2.2408,0.0326,1.0912,0.1474,13.5481,2.843,25.1718,0.1373,2.3234,0.5096,1.5336,0.81,80.27,10.9425,0.0527,12.5004,28.3784,642.3273,17.6813,57.7987,11.12,120.0668,40.8494,0.1124,0.9992,2.1201,9.3675,0.9109,0.1137,0.2769,0.3687,0.2769,66.4257,2.1561,4.055,100.6222,-1,2008-09-29 11:53:00
10.6124,3.1456,3.7543,0.011,6.0533,3.241,2.537,0.0,1.5981,528.0491,0.5656,1.5045,0.5443,0.3647,2.7877,0.0839,2.1169,0.2247,8.6968,2.843,27.9356,0.1282,2.3234,0.5096,1.5336,0.81,81.92,10.9425,0.0784,12.5145,31.0345,625.61,16.974,37.6004,8.99,146.6057,40.8494,0.1269,0.9992,1.7025,15.7725,0.9256,0.3511,0.2873,0.2723,0.2873,66.2815,2.0873,3.1945,96.1589,-1,2008-09-29 12:25:00
17.0283,4.3441,3.7543,0.0151,6.0533,3.241,2.7430000000000003,0.0,3.5244,531.8136,0.7915,1.9095,0.5443,0.2297,2.2408,0.0328,2.0854,0.3551,8.662,2.843,31.2129,0.1356,2.3234,0.5096,1.5336,0.81,81.32,78.6525,0.1168,12.4845,40.118,618.1018,17.6813,62.8115,7.01,120.0668,40.8494,0.1521,0.9992,1.3181,9.3675,0.9226,0.184,0.4004,0.263,0.4004,66.1995,2.1561,2.4389,100.6222,-1,2008-09-29 14:03:00
8.0633,4.0483,9.2743,0.0145,6.7139999999999995,3.158,3.282,0.0,1.9288,532.3273,0.6894,1.5312,1.3169,0.3903,3.5659,0.0939,2.3967,0.1933,8.9857,2.964,27.4813,0.1295,2.2954,0.5104,3.7145,0.8036,78.95,78.6525,0.0699,12.4431,34.0587,617.98,22.0711,13.1291,10.57,93.9563,40.0517,0.1508,1.0,1.9856,20.2273,0.9322,0.213,0.347,0.4313,0.347,66.3551,2.9357,3.6139,104.3367,-1,2008-09-29 14:04:00
14.3055,3.177,3.7543,0.0171,6.0533,3.241,2.7430000000000003,0.0,2.0031,529.9445,0.7915,3.0942,0.5443,0.2297,2.8563,0.0328,1.974,0.2824,8.662,2.843,24.9946,0.1299,2.3234,0.5096,1.5336,0.81,81.32,78.6525,0.094,12.4804,30.2881,623.0245,23.4732,58.2876,7.91,350.2491,40.8494,0.1521,0.9992,1.4926,23.0652,0.9226,0.184,0.4004,0.263,0.4004,66.1995,3.255,2.6691,96.79,-1,2008-09-29 14:08:00
14.3055,4.8659,9.8339,0.0148,5.654,2.9960000000000004,3.1460000000000004,0.0,1.4369,529.9445,0.7143,2.9142,1.0598,0.2447,2.5414,0.034,1.974,0.2824,8.7782,3.283,22.23,0.1299,2.2892,0.52,3.8692,0.7931,81.4,78.6525,0.094,12.5273,20.4651,630.6764,18.4874,33.9139,7.91,239.3081,39.3453,0.1458,1.001,1.4926,27.6524,0.9222,0.3439,0.3617,0.2916,0.3616,66.3797,2.4039,2.6691,88.6578,-1,2008-09-29 15:09:00
14.3055,2.3731,18.5218,0.0113,9.3057,3.1660000000000004,3.358,0.0,2.6375,529.9445,0.7201,1.4115,2.2605,0.3553,3.0148,0.0353,1.974,0.2824,8.4537,3.008,25.6798,0.1447,2.2726,0.5231,7.3173,0.8121,80.43,78.6525,0.094,12.5118,23.3236,624.1136,19.2221,77.3544,7.91,143.8979,39.5064,0.1564,0.9997,1.4926,15.1326,0.9197,0.3336,0.365,0.3474,0.365,65.9611,2.2912,2.6691,100.7456,-1,2008-09-29 15:16:00
10.4446,4.1739,8.8345,0.0113,5.5142,3.236,2.841,0.0,1.6799,531.3036,0.5891,2.8863,1.0655,0.2993,2.3409999999999997,0.0692,1.925,0.2011,8.0787,3.22,18.6383,0.1299,2.3932,0.5538,3.3484,0.828,80.44,59.1201,0.0619,12.5008,70.8333,605.1609,19.4567,64.0311,9.45,228.3369,37.9015,0.1182,1.001,1.7786,22.346,0.9341,0.2935,0.2973,0.309,0.2973,66.0133,2.1768,3.3535,97.1467,-1,2008-09-29 16:27:00
13.7383,3.2527,9.3047,0.0106,4.4847,3.1630000000000003,2.8989999999999996,0.0,15.8735,531.52,0.9065,2.5459,1.1413,0.3598,2.842,0.1003,1.917,0.2634,8.8355,3.179,25.7524,0.1284,2.2671,0.5413,3.7737,0.8376,76.44,59.1201,0.0794,12.5996,41.6961,611.43,19.4362,37.6004,9.75,173.6965,40.556999999999995,0.1871,1.0,1.8344,12.2383,0.9289,0.3155,0.4589,0.2824,0.4589999999999999,66.0979,2.2481,3.4417,105.8678,-1,2008-09-29 17:21:00
12.8307,5.4725,11.3652,0.0083,5.6456,3.127,2.54,0.0,1.9299,528.5973,0.4992,2.0463,1.5904,0.241,2.301,0.0312,2.22,0.2848,8.6556,2.893,40.4031,0.13,2.3479,0.4746,4.6742,0.8201,81.73,59.1201,0.0859,12.4357,36.2225,633.3136,19.9146,39.8457,6.24,103.5054,41.1275,0.1087,0.9964,1.1805,22.5049,0.9207,0.2445,0.2537,0.324,0.2537,66.3872,2.4387,2.1791,98.5244,-1,2008-09-29 21:26:00
13.4487,3.5892,8.8345,0.0167,5.5142,3.236,3.074,0.0,1.5905,533.9936,0.5637,1.6708,1.0655,0.3389999999999999,3.5954,0.1003,2.2318,0.3001,8.7402,3.22,29.8753,0.1236,2.3932,0.5538,3.3484,0.828,78.93,59.1201,0.0861,12.5743,37.4026,613.6673,17.4644,50.4835,8.27,109.9168,37.9015,0.1268,1.001,1.5487,50.3778,0.9337,0.3081,0.2856,0.3389999999999999,0.2857,66.346,2.6076,2.7629,96.8789,1,2008-09-29 21:48:00
13.283,5.2546,3.7543,0.0159,6.0533,3.241,3.054,0.0,1.9126,531.8455,0.5782,3.6068,0.5443,0.3478,3.2598,0.0881,2.2544,0.2994,8.3591,2.843,25.2876,0.1364,2.3234,0.5096,1.5336,0.81,79.94,39.5528,0.0888,12.5484,45.6641,611.5609,21.2152,21.8828,8.64,659.1696,40.8494,0.1119,0.9992,1.6245,7.2372,0.9256,0.2154,0.2914,0.3253,0.2914,65.973,2.8586,3.0979,85.1778,-1,2008-09-29 22:13:00
14.3055,7.1475,9.3047,0.0088,4.4847,3.1630000000000003,2.987,0.0,1.4369,529.9445,0.575,3.7721,1.1413,0.2238,2.4647,0.0997,1.974,0.2824,8.7597,3.179,21.2995,0.1328,2.2671,0.5413,3.7737,0.8376,76.87,39.5528,0.094,12.5273,41.5902,611.2073,23.5482,13.7863,7.91,425.5212,40.556999999999995,0.1255,1.0,1.4926,33.3179,0.9289,0.4044,0.2918,0.3265,0.2918,65.9682,2.7664,2.6691,98.59,-1,2008-09-30 01:33:00
16.2693,7.8141,9.0633,0.0093,7.6188,3.114,5.586,0.0,1.4509,532.0109,0.8155,1.9891,0.8782,0.1054,2.4678,0.1088,2.0679,0.3364,8.5298,2.7880000000000003,34.3077,0.1334,2.292,0.4466,3.3014,0.8568,15.69,39.5528,0.1166,12.4059,48.1416,609.7009,21.0481,15.3056,11.35,61.0981,36.4259,0.1646,0.9972,2.1334,22.5556,0.9298,0.3877,0.4146,0.336,0.4146,65.9458,2.7141,4.0075,89.4944,-1,2008-09-30 01:36:00
16.9045,3.6107,8.8345,0.0108,5.5142,3.236,3.023,0.0,2.9665,529.6464,0.7526,1.0322,1.0655,0.3451,2.6284,0.0337,2.032,0.3435,8.2776,3.22,22.2958,0.1263,2.3932,0.5538,3.3484,0.828,82.25,39.5528,0.0925,12.4727,46.1388,631.6664,18.8957,31.9373,5.81,93.1951,37.9015,0.1598,1.001,1.097,25.826,0.9228,0.3149,0.3782,0.2862,0.3783,65.8701,2.4722,2.0923,87.2789,1,2008-09-30 02:44:00
13.7383,3.6306,9.762,0.0102,3.6812,3.216,0.042,0.0,2.9574,531.52,0.5875,2.8962,1.3378,0.1698,2.5912,0.1058,1.917,0.2634,8.8424,3.102,16.3432,0.1289,2.4237,0.4984,3.7116,0.8285,4.1080000000000005,39.5528,0.0794,12.5108,48.8095,615.26,21.343000000000004,23.5359,9.75,402.7377,38.0211,0.1131,0.999,1.8344,28.7493,0.9307,0.8808,0.2942,0.2332,0.2941,66.1354,2.7412,3.4417,100.6867,-1,2008-09-30 04:01:00
14.5257,3.2291,18.5218,0.0106,9.3057,3.1660000000000004,2.295,0.0,4.6274,530.3364,0.5877,3.7721,2.2605,0.3401,2.4647,0.1058,2.0269999999999997,0.2944,8.5735,3.008,17.8138,0.1307,2.2726,0.5231,7.3173,0.8121,80.69,39.5528,0.1001,12.5341,37.0299,616.9664,23.5482,27.5529,9.92,425.5212,39.5064,0.1244,0.9997,1.8705,33.3179,0.9307,0.2883,0.2978,0.3508,0.2978,65.9602,2.7664,3.4462,98.59,-1,2008-09-30 04:42:00
9.0462,2.7661,12.5942,0.0137,8.1842,3.093,2.7739999999999996,0.0,1.5201,532.1636,0.6803,1.9903,1.4635,0.2821,2.4803,0.0894,1.7199,0.1556,8.9562,3.1180000000000003,18.0983,0.1307,2.3193,0.5138,5.1911,0.8068,78.17,39.5528,0.0502,12.4992,35.1145,620.8864,17.3398,37.6004,8.98,82.5868,41.2183,0.1283,1.0,1.6874,7.8546,0.927,0.15,0.3415,0.3843,0.3415,66.2283,1.9981,2.8688,103.3633,-1,2008-09-30 08:44:00
22.8636,3.574,18.9296,0.0076,3.8415,3.3139999999999996,3.074,0.0,2.1434,533.9718,0.7163,1.8265,2.0664,0.4068,4.2249,0.1087,1.9524,0.4464,8.8078,2.819,31.1057,0.1438,2.416,0.4681,6.8518,0.7696,78.29,39.5528,0.1329,12.5967,62.6444,619.0173,25.0951,13.9153,5.44,107.2418,36.1962,0.1604,0.9983,1.0188,10.1774,0.9325,0.1257,0.3598,0.3625,0.3598,66.396,3.2853,1.7080000000000002,105.2711,-1,2008-09-30 12:31:00
14.6674,5.7,8.8345,0.0239,5.5142,3.236,2.806,0.0,1.6799,531.0364,0.4766,2.8863,1.0655,0.3572,2.3409999999999997,0.0362,2.1244,0.3116,8.3159,3.22,28.4165,0.1263,2.3932,0.5538,3.3484,0.828,82.21,39.5528,0.0868,12.5008,62.4434,626.8564,19.4567,64.0311,8.97,228.3369,37.9015,0.0971,1.001,1.6892,22.346,0.9213,0.3148,0.2403,0.2909,0.2403,66.0015,2.1768,3.3351,97.1467,-1,2008-09-30 13:29:00
16.9045,2.8024,11.3652,0.0136,5.6456,3.127,2.841,0.0,1.7446,529.6464,0.5891,1.4985,1.5904,0.2993,2.4708,0.0337,2.032,0.3435,8.0787,2.893,22.9188,0.133,2.3479,0.4746,4.6742,0.8201,80.44,47.069,0.0925,12.6106,70.4663,631.2527,19.1269,37.6004,5.81,172.2855,41.1275,0.1182,0.9964,1.097,15.8835,0.9228,0.2935,0.2973,0.309,0.2973,66.0133,2.4461,2.0923,98.0044,-1,2008-09-30 14:20:00
21.8236,7.5974,18.9296,0.0158,3.8415,3.3139999999999996,5.437,0.0,1.6712,531.0182,0.6221,1.6708,2.0664,0.1423,3.5954,0.1092,1.861,0.4061,9.4336,2.819,26.26,0.1386,2.416,0.4681,6.8518,0.7696,13.97,47.069,0.1319,12.5661,32.1285,618.2318,17.4644,50.4835,9.21,109.9168,36.1962,0.1344,0.9983,1.7344,50.3778,0.9317,0.1828,0.3139,0.3997,0.3139,66.3004,2.6076,3.1321,96.8789,-1,2008-09-30 14:36:00
16.0625,4.3131,9.8339,0.0105,5.654,2.9960000000000004,3.074,0.0,2.0031,530.5109,0.6541,2.329,1.0598,0.17,2.81,0.0353,1.9739,0.3171,8.897,3.283,29.3734,0.1403,2.2892,0.52,3.8692,0.7931,78.29,47.069,0.1089,12.4804,30.3233,624.7109,17.6223,33.9139,12.07,93.8974,39.3453,0.1295,1.001,2.2752,9.0017,0.9197,0.8123,0.3279999999999999,0.2903,0.3279999999999999,66.2412,2.1237,4.2427,104.2989,-1,2008-09-30 15:16:00
16.9045,4.7955,10.7007,0.0128,2.5955,3.46,3.178,0.0,1.6673,529.6464,0.5137,2.0229,1.3192,0.3378,4.3859,0.0363,2.032,0.3435,8.322000000000001,2.6319999999999997,27.0072,0.1339,2.4167,0.4583,4.0856,0.8405,82.3,47.069,0.0925,12.5949,52.7919,622.6591,26.9966,19.2044,5.81,125.4251,38.1808,0.1162,0.997,1.097,11.2302,0.92,0.1009,0.2589,0.2843,0.2589,66.0788,3.3317,2.0923,105.8489,-1,2008-09-30 15:26:00
12.6151,5.2435,14.1912,0.0134,5.2393,3.359,2.841,0.0,2.5554,531.4591,0.5891,3.361,1.6966,0.2993,2.7625,0.0362,1.9611,0.2474,8.0787,2.948,21.7987,0.1356,2.3797,0.5064,5.7761,0.8336,80.44,130.0095,0.0799,12.5224,47.0588,629.2973,19.2136,13.2956,9.66,237.124,40.702,0.1182,1.001,1.8176,41.2286,0.9213,0.2935,0.2973,0.309,0.2973,66.0133,2.327,3.2073,102.9956,-1,2008-09-30 16:13:00
15.8974,4.0713,8.0788,0.0178,6.8693,3.338,4.397,0.0,3.0943,531.0009,0.5093,2.1664,1.079,0.2083,2.4419,0.0381,1.8299,0.2909,8.1166,2.923,22.8619,0.1438,2.4151,0.5104,3.2496,0.8343,10.24,130.0095,0.0821,12.6037,43.9169,624.74,20.4451,41.9387,13.28,121.3099,40.224,0.102,0.9986,2.5009,28.7771,0.9224,0.2072,0.257,0.2776,0.257,66.2506,2.5464,4.4922,91.0211,-1,2008-09-30 16:50:00
16.0625,5.7786,9.3047,0.0103,4.4847,3.1630000000000003,0.8505,0.0,2.6375,530.5109,0.5875,2.5459,1.1413,0.1698,2.842,0.034,1.9739,0.3171,8.8424,3.179,30.6953,0.1415,2.2671,0.5413,3.7737,0.8376,4.542,40.6502,0.1089,12.5118,33.2657,625.6218,19.4362,28.4998,12.07,173.6965,40.556999999999995,0.1131,1.0,2.2752,12.2383,0.9222,0.8808,0.2942,0.2332,0.2941,66.1354,2.2481,4.2427,105.8678,-1,2008-09-30 17:27:00
10.4446,5.5691,8.8345,0.0173,5.5142,3.236,4.397,0.0,1.6799,531.3036,0.5093,2.8863,1.0655,0.2083,2.3409999999999997,0.0363,1.925,0.2011,8.1166,3.22,23.6518,0.1299,2.3932,0.5538,3.3484,0.828,10.24,108.5721,0.0619,12.5008,40.0,623.57,19.4567,64.0311,9.45,228.3369,37.9015,0.102,1.001,1.7786,22.346,0.92,0.2072,0.257,0.2776,0.257,66.2506,2.1768,3.3535,97.1467,-1,2008-09-30 19:17:00
12.6151,3.6401,8.0788,0.0112,6.8693,3.338,3.282,0.0,1.5103,531.4591,0.6894,2.1664,1.079,0.3903,2.4419,0.0851,1.9611,0.2474,8.9857,2.923,34.1662,0.1346,2.4151,0.5104,3.2496,0.8343,78.95,47.0754,0.0799,12.58,63.1579,611.4273,20.4451,77.3544,9.66,121.3099,40.224,0.1508,0.9986,1.8176,28.7771,0.9334,0.213,0.347,0.4313,0.347,66.3551,2.5464,3.2073,91.0211,-1,2008-09-30 19:17:00
13.7109,5.9703,14.1912,0.0149,5.2393,3.359,5.46,0.0,2.9574,531.8827,0.8037,2.5893,1.6966,0.1874,3.3543,0.1058,1.9109,0.262,8.8356,2.948,24.0019,0.1453,2.3797,0.5064,5.7761,0.8336,7.74,47.0754,0.1027,12.5108,68.3473,614.11,20.1197,65.1247,6.9,393.0408,40.702,0.1476,1.001,1.2973,20.854,0.9307,0.2199,0.4071,0.3094,0.4071,66.3989,2.5941,2.3906,96.91,-1,2008-09-30 21:39:00
12.3064,6.3906,4.1294,0.0108,5.3629,3.154,3.0869999999999997,0.0,1.5905,528.4045,0.7888,3.6334,0.5492,0.2996,1.6953,0.1003,1.9943,0.2454,9.0639,2.9410000000000003,24.3585,0.1299,2.2563,0.5033,1.7353,0.8238,77.68,166.8498,0.0796,12.5743,32.0,610.1709,8.9612,19.2044,9.01,306.0856,42.0235,0.1568,0.9984,1.7051,16.5374,0.9337,0.2071,0.3962,0.3796,0.3962,66.2631,1.1131,2.9594,87.22,-1,2008-09-30 21:42:00
9.9068,5.2422,5.8424,0.0167,4.5354,3.357,2.841,0.0,2.9602,531.5418,0.5891,2.0791,0.9327,0.2993,2.6792,0.0337,2.232,0.2211,8.0787,3.467,26.26145,0.1305,2.4241,0.5657,2.2685,0.8014,80.44,166.8498,0.0737,12.499,104.8544,619.0327,20.6887,64.0311,7.57,234.9223,38.8281,0.1182,0.9973,1.4242,19.5433,0.9228,0.2935,0.2973,0.309,0.2973,66.0133,2.741,2.5744,91.64,-1,2008-09-30 23:34:00
9.363,5.5748,14.1912,0.018,5.2393,3.359,3.1460000000000004,0.0,2.4002,530.7036,0.7143,1.81,1.6966,0.2447,2.7825,0.045,2.1207,0.1986,8.7782,2.948,30.6311,0.1318,2.3797,0.5064,5.7761,0.8336,81.4,40.8765,0.0572,12.4992,65.733,634.0909,18.7284,23.5359,8.4,104.965,40.702,0.1458,1.001,1.5828,28.4484,0.9213,0.3439,0.3617,0.2916,0.3616,66.3797,2.3213,2.8909,85.7689,-1,2008-09-30 23:58:00
10.7575,2.7758,7.097,0.0105,4.5748,3.474,3.0869999999999997,0.0,1.6673,531.7491,0.7888,1.9994,0.8158,0.2996,4.0665,0.0851,1.9611,0.211,9.0639,3.517,27.0311,0.1263,2.4172,0.6282,2.6568,0.825,77.68,48.4774,0.0664,12.5949,47.2441,614.5564,23.65,39.4243,7.87,139.5406,37.4357,0.1568,0.9993,1.48,10.8702,0.9334,0.2071,0.3962,0.3796,0.3962,66.2631,3.438,2.9252,103.7022,-1,2008-01-10 00:20:00
9.363,8.226,9.3047,0.0158,4.4847,3.1630000000000003,3.1460000000000004,0.0,4.2742,530.7036,0.7143,2.329,1.1413,0.2447,2.81,0.045,2.1207,0.1986,8.7782,3.179,24.0616,0.1335,2.2671,0.5413,3.7737,0.8376,81.4,48.4774,0.0572,12.6339,39.1505,632.7164,17.6223,33.9139,8.4,93.8974,40.556999999999995,0.1458,1.0,1.5828,9.0017,0.9213,0.3439,0.3617,0.2916,0.3616,66.3797,2.1237,2.8909,104.2989,-1,2008-01-10 01:11:00
14.3055,3.977,9.8339,0.0135,5.654,2.9960000000000004,5.46,0.0,1.7516,529.9445,0.8037,2.9142,1.0598,0.1874,2.5414,0.1067,1.974,0.2824,8.8356,3.283,22.4948,0.1423,2.2892,0.52,3.8692,0.7931,7.74,48.4774,0.094,12.5596,31.8804,614.1373,18.4874,33.9139,7.91,239.3081,39.3453,0.1476,1.001,1.4926,27.6524,0.9324,0.2199,0.4071,0.3094,0.4071,66.3989,2.4039,2.6691,88.6578,-1,2008-01-10 02:53:00
13.4487,4.3632,9.0633,0.0268,7.6188,3.114,2.987,0.0,2.1434,533.9936,0.575,2.2477,0.8782,0.2238,4.7419,0.1112,2.2318,0.3001,8.7597,2.7880000000000003,28.1353,0.1334,2.292,0.4466,3.3014,0.8568,76.87,73.512,0.0861,12.5967,52.8402,619.1891,23.4306,49.5678,8.27,141.0297,36.4259,0.1255,0.9972,1.5487,27.4614,0.9316,0.4044,0.2918,0.3265,0.2918,65.9682,3.057,2.7629,102.2822,1,2008-01-10 05:56:00
11.8556,3.6475,8.8316,0.0113,12.591,2.91,2.8339999999999996,0.0,2.9142,531.5636,0.5072,1.8929,1.0309,0.2888,3.8342,0.085,2.0805,0.2467,8.2914,4.232,26.3762,0.1453,2.2247,0.6598,3.4142,0.733,80.39,41.0611,0.084,12.3535,44.4444,622.3254,27.017,29.1808,9.03,119.7328,38.6589,0.1227,0.9992,1.6988,15.6713,0.9278,0.2246,0.2561,0.2438,0.256,66.2522,3.1345,3.1801,101.5878,-1,2008-01-10 07:19:00
12.3221,3.7989,8.8316,0.0097,12.591,2.91,3.178,0.0,1.9158,531.81,0.5137,1.8536,1.0309,0.3378,2.2532,0.1124,1.9298,0.2378,8.322000000000001,4.232,29.4042,0.1413,2.2247,0.6598,3.4142,0.733,82.3,59.8462,0.0751,12.5276,77.4704,616.8427,19.0276,29.1808,7.99,50.2161,38.6589,0.1162,0.9992,1.5024,7.2979,0.9281,0.1009,0.2589,0.2843,0.2589,66.0788,2.384,2.6686,102.7367,-1,2008-01-10 07:28:00
12.8307,4.6056,8.8316,0.0088,12.591,2.91,3.136,0.0,2.8262,528.5973,0.7443,1.8536,1.0309,0.3132,2.2532,0.1037,2.22,0.2848,8.8215,4.232,34.2167,0.1318,2.2247,0.6598,3.4142,0.733,81.31,74.6027,0.0859,12.3841,42.2222,621.7009,19.0276,21.8162,6.24,50.2161,38.6589,0.1404,0.9992,1.1805,7.2979,0.9316,0.1611,0.3767,0.2895,0.3767,66.3826,2.384,2.1791,102.7367,-1,2008-01-10 08:15:00
10.8309,5.4201,8.8316,0.0102,12.591,2.91,5.31,0.0,3.3837,531.1982,0.4109,2.8614,1.0309,0.1165,3.0466,0.0859,2.2418,0.2428,8.8581,4.232,31.2819,0.1291,2.2247,0.6598,3.4142,0.733,13.6,74.6027,0.0616,12.4124,50.2857,601.38,18.6376,40.721,10.63,166.1507,38.6589,0.0827,0.9992,2.0011,16.4838,0.9356,0.8703,0.206,0.2714,0.206,66.1061,2.2535,3.6826,102.9378,-1,2008-01-10 09:15:00
9.5553,3.2322,8.8316,0.0167,12.591,2.91,4.194,0.0,5.292999999999999,530.7091,0.3006,1.8536,1.0309,0.3458,2.2532,0.0822,1.8681,0.1785,8.7556,4.232,32.1743,0.1291,2.2247,0.6598,3.4142,0.733,8.532,15.3444,0.0554,12.4694,52.7859,625.5091,19.0276,18.5899,5.64,50.2161,38.6589,0.0628,0.9992,1.0627,7.2979,0.9291,0.2728,0.1523,0.2987,0.1522,66.2801,2.384,1.8358,102.7367,-1,2008-01-10 09:16:00
12.8307,5.1659,11.967,0.0325,10.8468,2.9139999999999997,2.7430000000000003,0.0,1.7559,528.5973,0.7915,1.6013,1.4555,0.2297,3.4792,0.1037,2.22,0.2848,8.662,4.005,35.0053,0.1282,2.2053,0.6272,4.6303,0.7672,81.32,15.3444,0.0859,12.5294,66.6667,622.5564,19.7334,55.8949,6.24,124.7586,38.6922,0.1521,0.9945,1.1805,42.1436,0.9316,0.184,0.4004,0.263,0.4004,66.1995,2.5422,2.1791,103.61,-1,2008-01-10 14:22:00
13.7332,4.4263,8.8316,0.022,12.591,2.91,2.705,0.0,1.7559,531.3445,0.6149,1.8536,1.0309,0.1976,2.2532,0.1045,2.0359,0.2796,9.4749,4.232,26.2155,0.1308,2.2247,0.6598,3.4142,0.733,79.79,15.3444,0.0936,12.5294,62.5,622.6127,19.0276,21.8162,5.71,50.2161,38.6589,0.1314,0.9992,1.0746,7.2979,0.9318,0.1196,0.3123,0.3237,0.3123,65.8154,2.384,1.565,102.7367,-1,2008-01-10 15:16:00
12.6151,3.8467,4.1294,0.0129,5.3629,3.154,3.1239999999999997,0.0,1.5103,531.4591,0.6095,1.9891,0.5492,0.278,2.4678,0.0851,1.9611,0.2474,8.7646,2.9410000000000003,29.6922,0.1289,2.2563,0.5033,1.7353,0.8238,79.61,56.1631,0.0799,12.58,41.3519,617.1745,21.0481,19.2044,9.66,61.0981,42.0235,0.1184,0.9984,1.8176,22.5556,0.9334,0.4231,0.3081,0.3476,0.3081,66.4179,2.7141,3.2073,89.4944,-1,2008-01-10 16:43:00
11.28,3.7154,11.967,0.0113,10.8468,2.9139999999999997,2.71,0.0,4.2036,528.7673,0.6338,2.4603,1.4555,0.3494,3.4463,0.0832,1.9809,0.2234,8.8097,4.005,31.1416,0.1374,2.2053,0.6272,4.6303,0.7672,80.46,54.1279,0.0615,12.6082,58.8957,610.2145,18.6107,13.3303,6.95,261.0801,38.6922,0.1303,0.9945,1.3144,18.6989,0.9331,0.1991,0.3189,0.3913,0.3188,66.5094,2.2951,2.229,90.3111,-1,2008-01-10 19:57:00
19.3112,7.1117,12.0932,0.0139999999999999,14.1621,2.92,5.586,0.0,5.292999999999999,527.6991,0.8155,1.8536,1.357,0.1054,2.2532,0.0352,2.0119,0.3885,8.5298,4.137,26.5918,0.1336,2.1996,0.6539,4.3562,0.7772,15.69,54.1279,0.1164,12.4694,42.9161,625.1473,19.0276,21.8162,8.46,50.2161,36.022,0.1646,0.9959,1.6032,7.2979,0.9224,0.3877,0.4146,0.336,0.4146,65.9458,2.384,2.7216,102.7367,-1,2008-01-10 21:15:00
12.8307,2.7865,12.0932,0.0133,14.1621,2.92,2.8089999999999997,0.0,2.1771,528.5973,0.3082,3.6996,1.357,0.2828,2.6472,0.1,2.22,0.2848,8.3808,4.137,29.0827,0.1315,2.1996,0.6539,4.3562,0.7772,79.55,54.1279,0.0859,12.4018,53.3333,622.2382,19.705,31.7663,6.24,178.9413,36.022,0.0683,0.9959,1.1805,14.4775,0.9325,0.2418,0.1557,0.2491,0.1557,66.4761,2.5167,2.1791,104.0556,-1,2008-01-10 21:50:00
14.5257,2.7352,12.0932,0.0107,14.1621,2.92,3.1460000000000004,0.0,2.1771,530.3364,0.7143,3.6996,1.357,0.2447,2.6472,0.1058,2.0269999999999997,0.2944,8.7782,4.137,18.6295,0.1287,2.1996,0.6539,4.3562,0.7772,81.4,54.1279,0.1001,12.4018,43.9462,617.6191,19.705,31.7663,9.92,178.9413,36.022,0.1458,0.9959,1.8705,14.4775,0.9307,0.3439,0.3617,0.2916,0.3616,66.3797,2.5167,3.4462,104.0556,-1,2008-01-10 22:47:00
12.8307,4.7687,7.1979999999999995,0.0136,7.2893,3.3960000000000004,4.393,0.0,2.3863,528.5973,0.5521,3.127,1.1293,0.3571,3.0927,0.0827,2.22,0.2848,8.7037,2.803,27.8596,0.1339,2.2717,0.5029,2.9565,0.8435,8.243,54.1279,0.0859,12.5718,35.7424,625.3664,18.5843,14.5355,6.24,197.9741,41.0741,0.1187,0.9956,1.1805,14.2066,0.9258,0.2363,0.2796,0.2919,0.2797,66.2435,2.4089,2.1791,101.4244,-1,2008-01-10 23:34:00
14.3055,2.9657,7.1979999999999995,0.01,7.2893,3.3960000000000004,3.074,0.0,1.9077,529.9445,0.5637,1.8392,1.1293,0.3389999999999999,2.9352,0.1011,1.974,0.2824,8.7402,2.803,20.1913,0.1236,2.2717,0.5029,2.9565,0.8435,78.93,54.1279,0.094,12.5808,55.0,609.8409,18.2407,8.57,7.91,92.6308,41.0741,0.1268,0.9956,1.4926,7.0193,0.9329,0.3081,0.2856,0.3389999999999999,0.2857,66.346,2.114,2.6691,103.0967,-1,2008-02-10 00:21:00
13.7332,5.3052,7.1979999999999995,0.0166,7.2893,3.3960000000000004,2.8089999999999997,0.0,2.5341,531.3445,0.3082,1.8392,1.1293,0.2828,2.9352,0.0851,2.0359,0.2796,8.3808,2.803,23.4301,0.1306,2.2717,0.5029,2.9565,0.8435,79.55,130.0641,0.0936,12.6278,43.6578,615.9345,18.2407,24.7249,5.71,92.6308,41.0741,0.0683,0.9956,1.0746,7.0193,0.9273,0.2418,0.1557,0.2491,0.1557,66.4761,2.114,1.565,103.0967,-1,2008-02-10 00:22:00
13.1807,2.3751,12.0932,0.0135,14.1621,2.92,5.46,0.0,2.7277,533.1809,0.8037,3.6996,1.357,0.1874,2.6472,0.0851,1.0744,0.1416,8.8356,4.137,21.8389,0.131,2.1996,0.6539,4.3562,0.7772,7.74,130.0641,0.0396,12.4647,210.596,614.8055,19.705,31.7663,5.65,178.9413,36.022,0.1476,0.9959,1.0597,14.4775,0.9273,0.2199,0.4071,0.3094,0.4071,66.3989,2.5167,1.8871,104.0556,1,2008-02-10 03:17:00
12.3718,8.1944,5.992000000000001,0.0148,13.4098,3.014,3.136,0.0,2.7812,529.8991,0.7443,2.2984,0.9075,0.3132,6.7206,0.0324,2.0142,0.2492,8.8215,4.333,33.6765,0.1337,2.2216,0.6894,2.4707,0.7284,81.31,130.0641,0.0912,12.5847,72.3099,635.4745,17.7133,34.1255,7.56,109.4789,41.2332,0.1404,0.9956,1.4267,8.2349,0.9211,0.1611,0.3767,0.2895,0.3767,66.3826,2.1102,2.5286,102.7622,-1,2008-02-10 03:27:00
13.1304,4.6431,5.992000000000001,0.0181,13.4098,3.014,3.1489999999999996,0.0,2.6952,531.1754,0.6124,2.4603,0.9075,0.2569,3.4463,0.0333,2.0396,0.2678,8.7646,4.333,27.4383,0.1363,2.2216,0.6894,2.4707,0.7284,80.66,35.0279,0.0775,12.6149,47.3755,634.6191,18.6107,31.7663,8.09,261.0801,41.2332,0.1258,0.9956,1.523,18.6989,0.9215,0.3436,0.3107,0.3356,0.3107,66.2939,2.2951,2.645,90.3111,-1,2008-02-10 04:11:00
13.5037,6.0446,5.992000000000001,0.0123,13.4098,3.014,2.8989999999999996,0.0,2.7812,524.4955,0.9065,2.4468,0.9075,0.3598,2.5626,0.1011,1.0912,0.1474,8.8355,4.333,14.606,0.1398,2.2216,0.6894,2.4707,0.7284,76.44,35.0279,0.0527,12.5847,52.4964,618.9436,25.4503,66.8955,11.12,292.7853,41.2332,0.1871,0.9956,2.1201,39.2998,0.9329,0.3155,0.4589,0.2824,0.4589999999999999,66.0979,3.7322,4.055,94.9722,-1,2008-02-10 04:23:00
9.363,7.4113,7.1979999999999995,0.0113,7.2893,3.3960000000000004,3.178,0.0,2.7202,530.7036,0.5137,1.9095,1.1293,0.3378,2.2408,0.0344,2.1207,0.1986,8.322000000000001,2.803,23.1861,0.1291,2.2717,0.5029,2.9565,0.8435,82.3,35.0279,0.0572,12.499,23.8914,624.7364,17.6813,13.7863,8.4,120.0668,41.0741,0.1162,0.9956,1.5828,9.3675,0.9224,0.1009,0.2589,0.2843,0.2589,66.0788,2.1561,2.8909,100.6222,-1,2008-02-10 04:24:00
13.5037,3.1153,12.0932,0.0112,14.1621,2.92,4.393,0.0,1.9965,524.4955,0.5521,2.6372,1.357,0.3571,3.0031,0.0328,1.0912,0.1474,8.7037,4.137,28.6167,0.13,2.1996,0.6539,4.3562,0.7772,8.243,35.0279,0.0527,12.5218,44.0036,621.1182,18.5197,55.8949,11.12,253.2398,36.022,0.1187,0.9959,2.1201,26.8396,0.9226,0.2363,0.2796,0.2919,0.2797,66.2435,2.2047,4.055,103.5467,-1,2008-02-10 06:49:00
13.5037,5.1688,5.992000000000001,0.0136,13.4098,3.014,3.074,0.0,2.5341,524.4955,0.6541,1.8299,0.9075,0.17,2.6553,0.0353,1.0912,0.1474,8.897,4.333,22.7886,0.1275,2.2216,0.6894,2.4707,0.7284,78.29,35.0279,0.0527,12.6278,59.5041,628.2791,18.2267,31.7663,11.12,120.1953,41.2332,0.1295,0.9956,2.1201,8.3819,0.9197,0.8123,0.3279999999999999,0.2903,0.3279999999999999,66.2412,2.2838,4.055,100.1367,-1,2008-02-10 07:35:00
56.764,5.2422,12.0932,0.0094,14.1621,2.92,2.7430000000000003,0.0,2.5341,495.3682,0.7915,1.8929,1.357,0.2297,3.8342,0.1111,1.7909,1.0166,8.662,4.137,26.26145,0.1464,2.1996,0.6539,4.3562,0.7772,81.32,353.8319,0.3332,12.6278,68.5714,619.0327,27.017,29.1808,415.03,119.7328,36.022,0.1521,0.9959,83.7821,15.6713,0.9325,0.184,0.4004,0.263,0.4004,66.1995,3.1345,122.8283,101.5878,-1,2008-02-10 07:58:00
17.0809,3.9177,7.8454,0.0133,5.5781,3.686,3.023,0.0,2.298,532.0973,0.7526,3.6996,1.0767,0.3451,2.6472,0.0924,2.085,0.3561,8.2776,3.929,30.9873,0.1438,2.3106,0.7758,3.5224,0.7304,82.25,65.7689,0.1336,12.6198,28.614,614.9964,19.705,8.57,7.74,178.9413,44.8976,0.1598,0.9981,1.4546,14.4775,0.9323,0.3149,0.3782,0.2862,0.3783,65.8701,2.5167,2.7235,104.0556,-1,2008-02-10 08:24:00
20.0671,4.0285,5.992000000000001,0.0176,13.4098,3.014,2.54,0.0,3.2099,532.2427,0.4992,3.6996,0.9075,0.241,2.6472,0.0452,1.9313,0.3876,8.6556,4.333,36.283,0.1453,2.2216,0.6894,2.4707,0.7284,81.73,55.8468,0.1319,12.4614,76.1221,640.5318,19.705,14.5355,8.17,178.9413,41.2332,0.1087,0.9956,1.535,14.4775,0.9052,0.2445,0.2537,0.324,0.2537,66.3872,2.5167,2.7254,104.0556,-1,2008-02-10 08:52:00
70.1626,5.28,5.992000000000001,0.0229,13.4098,3.014,3.128,0.0,5.292999999999999,534.3145,0.653,1.8536,0.9075,0.4245,2.2532,0.0822,1.0024,0.7033,8.7326,4.333,27.2417,0.1447,2.2216,0.6894,2.4707,0.7284,78.98,55.8468,0.1804,12.4694,50.9735,618.6855,19.0276,21.8162,430.37,50.2161,41.2332,0.1306,0.9956,80.5462,7.2979,0.9291,0.3498,0.3306,0.2818,0.3306,66.2215,2.384,110.6133,102.7367,-1,2008-02-10 08:57:00
13.5037,4.6148,7.1979999999999995,0.0095,7.2893,3.3960000000000004,5.46,0.0,2.298,524.4955,0.8037,1.8392,1.1293,0.1874,2.9352,0.0352,1.0912,0.1474,8.8356,2.803,23.9046,0.1353,2.2717,0.5029,2.9565,0.8435,7.74,37.6251,0.0527,12.6198,28.4987,632.0991,18.2407,8.57,11.12,92.6308,41.0741,0.1476,0.9956,2.1201,7.0193,0.9224,0.2199,0.4071,0.3094,0.4071,66.3989,2.114,4.055,103.0967,1,2008-02-10 09:10:00
12.3718,3.1414,5.992000000000001,0.0146,13.4098,3.014,2.694,0.0,2.7812,529.8991,0.5357,2.2984,0.9075,0.2611,6.7206,0.1017,2.0142,0.2492,9.1141,4.333,24.5095,0.1448,2.2216,0.6894,2.4707,0.7284,81.56,37.6251,0.0912,12.5847,29.4551,621.7909,17.7133,34.1255,7.56,109.4789,41.2332,0.1202,0.9956,1.4267,8.2349,0.9316,0.3792,0.2712,0.2859,0.2712,66.2459,2.1102,2.5286,102.7622,-1,2008-02-10 09:42:00
17.6298,2.991,5.992000000000001,0.0108,13.4098,3.014,3.08,0.0,1.9158,531.0418,0.7097,1.8929,0.9075,0.2729,3.8342,0.0345,2.0433,0.3602,8.9979,4.333,23.7121,0.1453,2.2216,0.6894,2.4707,0.7284,78.42,77.5636,0.0997,12.5276,68.0089,626.8354,27.017,29.1808,9.82,119.7328,41.2332,0.1377,0.9956,1.8492,15.6713,0.9179,0.3814,0.3589,0.4163,0.359,66.2937,3.1345,3.5086,101.5878,-1,2008-02-10 10:03:00
14.3055,5.5495,7.1979999999999995,0.0131,7.2893,3.3960000000000004,3.3539999999999996,0.0,3.5244,529.9445,0.7217,1.9095,1.1293,0.3237,2.2408,0.0328,1.974,0.2824,9.3868,2.803,23.5717,0.13,2.2717,0.5029,2.9565,0.8435,80.46,39.4516,0.094,12.4845,56.3492,627.7555,17.6813,51.2665,7.91,120.0668,41.0741,0.1451,0.9956,1.4926,9.3675,0.9226,0.5342,0.3663,0.3332,0.3663,65.971,2.1561,2.6691,100.6222,1,2008-02-10 14:07:00
13.1807,5.605,12.0932,0.0191,14.1621,2.92,3.59,0.0,5.292999999999999,533.1809,0.6451,1.8299,1.357,0.301,2.6553,0.0867,1.0744,0.1416,8.8105,4.137,33.6506,0.1378,2.1996,0.6539,4.3562,0.7772,80.84,39.4516,0.0396,12.4694,95.8606,616.4091,18.2267,24.7249,5.65,120.1953,36.022,0.1298,0.9959,1.0597,8.3819,0.9323,0.3005,0.3265,0.2844,0.3265,66.362,2.2838,1.8871,100.1367,1,2008-02-10 14:10:00
13.7332,6.275,9.662,0.0149,7.2796,3.475,2.8339999999999996,0.0,2.5341,531.3445,0.5072,2.0354,1.3081,0.2888,2.6142,0.0851,2.0359,0.2796,8.2914,3.029,24.0276,0.1453,2.2826,0.5426,3.6912,0.821,80.39,39.4516,0.0936,12.6278,34.6667,617.3982,20.2072,16.0891,5.71,244.9328,38.2031,0.1227,0.9989,1.0746,20.5506,0.9273,0.2246,0.2561,0.2438,0.256,66.2522,2.5625,1.565,90.4233,-1,2008-02-10 14:54:00
57.0065,4.6676,9.662,0.0128,7.2796,3.475,4.393,0.0,2.1771,458.8464,0.5521,1.8178,1.3081,0.3571,2.4834,0.0851,1.0936,0.6234,8.7037,3.029,18.8532,0.1299,2.2826,0.5426,3.6912,0.821,8.243,239.9809,0.177,12.4018,39.7094,616.8073,18.6279,16.0891,271.73,42.7898,38.2031,0.1187,0.9989,59.2203,9.728,0.9273,0.2363,0.2796,0.2919,0.2797,66.2435,2.1438,125.6939,104.1344,-1,2008-02-10 15:10:00
13.7383,5.1336,18.5218,0.0143,9.3057,3.1660000000000004,2.8989999999999996,0.0,1.3597,531.52,0.9065,2.9142,2.2605,0.3598,2.5414,0.1003,1.917,0.2634,8.8355,3.008,20.3804,0.1339,2.2726,0.5231,7.3173,0.8121,76.44,71.1973,0.0794,12.5027,27.1311,620.2,18.4874,33.9139,9.75,239.3081,39.5064,0.1871,0.9997,1.8344,27.6524,0.9289,0.3155,0.4589,0.2824,0.4589999999999999,66.0979,2.4039,3.4417,88.6578,-1,2008-02-10 15:44:00
14.3055,2.9179,9.3536,0.016,9.5119,2.937,2.8989999999999996,0.0,2.9142,529.9445,0.9065,3.9649,1.3271,0.3598,3.234,0.1003,1.974,0.2824,8.8355,4.269,24.6661,0.1206,2.2119999999999997,0.6757,3.9099,0.6778,76.44,107.7999,0.094,12.3535,24.5077,616.6573,18.6685,16.0891,7.91,220.8321,41.8011,0.1871,0.9982,1.4926,7.9081,0.9289,0.3155,0.4589,0.2824,0.4589999999999999,66.0979,2.1212,2.6691,103.82,-1,2008-02-10 15:58:00
91.1106,5.0005,8.9223,0.0124,6.5818,3.4130000000000003,2.585,0.0,4.8026,513.8473,0.5931,1.1389,1.1881,0.1924,3.7322,0.089,1.3216,1.2041,9.7137,2.6260000000000003,26.1117,0.1373,2.2732,0.4628,3.5594,0.8557,81.46,30.3421,0.2767,12.4933,26.0504,619.0327,22.6445,37.6775,445.8,192.8288,39.8933,0.1178,0.9977,86.7573,34.2865,0.9319,0.299,0.3016,0.31,0.3016,66.3288,2.748,142.1606,97.3978,-1,2008-02-10 16:32:00
12.8307,3.787,9.662,0.0183,7.2796,3.475,2.272,0.0,1.9077,528.5973,0.7336,2.6186,1.3081,0.2948,2.8954,0.1,2.22,0.2848,8.2345,3.029,22.1972,0.1292,2.2826,0.5426,3.6912,0.821,79.7,30.3421,0.0859,12.5808,44.9649,623.0027,17.6993,24.7249,6.24,115.7726,38.2031,0.1645,0.9989,1.1805,9.7555,0.9325,0.236,0.3698,0.2157,0.3698,66.2545,2.1734,2.1791,101.6667,-1,2008-02-10 16:58:00
12.2751,3.2510000000000003,9.662,0.0133,7.2796,3.475,2.8989999999999996,0.0,2.6952,532.6327,0.9065,1.8392,1.3081,0.3598,2.9352,0.0353,2.1085,0.2588,8.8355,3.029,26.2629,0.1375,2.2826,0.5426,3.6912,0.821,76.44,41.2178,0.0793,12.6149,36.8126,625.1691,18.2407,8.57,7.77,92.6308,38.2031,0.1871,0.9989,1.4588,7.0193,0.9197,0.3155,0.4589,0.2824,0.4589999999999999,66.0979,2.114,2.7003,103.0967,-1,2008-02-10 17:00:00
13.1807,7.2454,7.8454,0.0104,5.5781,3.686,4.194,0.0,1.9158,533.1809,0.3006,3.9649,1.0767,0.3458,3.234,0.1124,1.0744,0.1416,8.7556,3.929,30.5174,0.1351,2.3106,0.7758,3.5224,0.7304,8.532,41.2178,0.0396,12.5276,81.3239,622.8718,18.6685,67.0767,5.65,220.8321,44.8976,0.0628,0.9981,1.0597,7.9081,0.9281,0.2728,0.1523,0.2987,0.1522,66.2801,2.1212,1.8871,103.82,-1,2008-02-10 17:19:00
17.0809,4.9715,9.662,0.02,7.2796,3.475,2.305,0.0,2.6952,532.0973,0.6257,2.0354,1.3081,0.2334,2.6142,0.0326,2.085,0.3561,9.534,3.029,27.4041,0.1309,2.2826,0.5426,3.6912,0.821,77.34,41.0782,0.1336,12.6149,45.5598,626.1064,20.2072,16.0891,7.74,244.9328,38.2031,0.1193,0.9989,1.4546,20.5506,0.9225,0.2328,0.3168,0.2967,0.3168,66.2731,2.5625,2.7235,90.4233,-1,2008-02-10 19:21:00
13.5037,4.277,7.8454,0.0146,5.5781,3.686,3.466,0.0,2.5341,524.4955,0.2911,3.127,1.0767,0.2032,3.0927,0.0997,1.0912,0.1474,21.5944,3.929,23.1901,0.1236,2.3106,0.7758,3.5224,0.7304,81.76,41.0782,0.0527,12.6278,49.9257,616.7473,18.5843,14.5355,11.12,197.9741,44.8976,0.0761,0.9981,2.1201,14.2066,0.9289,0.4135,0.1711,0.341,0.171,67.9586,2.4089,4.055,101.4244,-1,2008-02-10 19:25:00
17.0809,4.7353,9.3536,0.0154,9.5119,2.937,2.305,0.0,1.9846,532.0973,0.6257,3.9649,1.3271,0.2334,3.234,0.0824,2.085,0.3561,9.534,4.269,23.905,0.132,2.2119999999999997,0.6757,3.9099,0.6778,77.34,41.0782,0.1336,12.5967,52.0231,621.9336,18.6685,66.6983,7.74,220.8321,41.8011,0.1193,0.9982,1.4546,7.9081,0.9327,0.2328,0.3168,0.2967,0.3168,66.2731,2.1212,2.7235,103.82,-1,2008-02-10 20:54:00
14.5194,3.9965,9.3536,0.0102,9.5119,2.937,4.393,0.0,2.7259,529.5182,0.5521,3.9649,1.3271,0.3571,3.234,0.1067,2.113,0.3068,8.7037,4.269,18.7085,0.1318,2.2119999999999997,0.6757,3.9099,0.6778,8.243,41.0782,0.0921,12.4729,33.2871,620.04,18.6685,16.0891,10.65,220.8321,41.8011,0.1187,0.9982,2.0113,7.9081,0.9324,0.2363,0.2796,0.2919,0.2797,66.2435,2.1212,3.6722,103.82,1,2008-02-10 21:32:00
17.0809,6.4423,9.3536,0.0117,9.5119,2.937,2.69,0.0,1.9846,532.0973,0.6581,2.0354,1.3271,0.266,2.6142,0.0326,2.085,0.3561,9.0447,4.269,30.7204,0.1306,2.2119999999999997,0.6757,3.9099,0.6778,82.4,41.0782,0.1336,12.5967,62.0061,633.5082,20.2072,16.0891,7.74,244.9328,41.8011,0.1376,0.9982,1.4546,20.5506,0.9225,0.1469,0.3331,0.2978,0.3331,66.2788,2.5625,2.7235,90.4233,-1,2008-02-10 21:33:00
9.7546,3.2662,9.662,0.0141,7.2796,3.475,2.359,0.0,2.7277,527.2555,0.7129,4.0681,1.3081,0.3733,4.148,0.034,0.9802,0.0956,8.6472,3.029,23.4468,0.1282,2.2826,0.5426,3.6912,0.821,80.95,68.2176,0.0318,12.4647,35.2941,625.8164,20.5581,16.0891,7.49,462.6253,38.2031,0.1433,0.9989,1.4206,30.7103,0.9222,0.2933,0.3606,0.3065,0.3606,66.3097,2.2831,2.3908,91.0489,-1,2008-02-10 22:23:00
14.5448,5.1569,9.3536,0.0145,9.5119,2.937,2.305,0.0,2.9142,532.0945,0.6257,2.2676,1.3271,0.2334,3.8793,0.0326,2.0071,0.2919,9.534,4.269,21.7279,0.13,2.2119999999999997,0.6757,3.9099,0.6778,77.34,68.2176,0.0868,12.3535,34.0645,640.1427,23.831999999999997,23.81,5.86,483.4778,41.8011,0.1193,0.9982,1.1013,47.8766,0.9225,0.2328,0.3168,0.2967,0.3168,66.2731,3.3101,1.9029,97.47,-1,2008-02-10 22:33:00
17.0809,3.3746,9.3536,0.0104,9.5119,2.937,2.8339999999999996,0.0,2.8123,532.0973,0.5072,3.9649,1.3271,0.2888,3.234,0.0824,2.085,0.3561,8.2914,4.269,30.222,0.1263,2.2119999999999997,0.6757,3.9099,0.6778,80.39,68.2176,0.1336,12.4455,49.2476,618.1809,18.6685,66.6983,7.74,220.8321,41.8011,0.1227,0.9982,1.4546,7.9081,0.9327,0.2246,0.2561,0.2438,0.256,66.2522,2.1212,2.7235,103.82,-1,2008-02-10 23:32:00
60.1633,3.9365,19.9526,0.0118,9.7599,2.9930000000000003,4.31,0.0,4.8026,539.0691,0.6412,2.0908,2.823,0.3957,2.8349,0.0864,1.3198,0.794,9.0402,4.253,23.9156,0.1281,2.1919,0.6841,8.478,0.7492,8.437999999999999,237.4625,0.2194,12.4933,60.5042,623.6309,19.7219,37.6775,427.42,134.7096,42.4908,0.1189,0.9971,79.2885,19.1644,0.9323,0.1387,0.3245,0.2991,0.3245,66.339,2.5511,110.1081,97.6444,-1,2008-02-10 23:32:00
91.1106,3.4184,19.9526,0.0188,9.7599,2.9930000000000003,4.31,0.0,4.8026,513.8473,0.6412,2.0908,2.823,0.3957,2.8349,0.0864,1.3216,1.2041,9.0402,4.253,22.174,0.1288,2.1919,0.6841,8.478,0.7492,8.437999999999999,237.4625,0.2767,12.4933,21.8402,624.05,19.7219,37.6775,445.8,134.7096,42.4908,0.1189,0.9971,86.7573,19.1644,0.9323,0.1387,0.3245,0.2991,0.3245,66.339,2.5511,142.1606,97.6444,-1,2008-03-10 00:24:00
21.0996,2.582,9.662,0.0279,7.2796,3.475,2.71,0.0,1.7443,532.6345,0.6338,3.5752,1.3081,0.3494,2.4881,0.0832,2.0657,0.4359,8.8097,3.029,22.7275,0.1174,2.2826,0.5426,3.6912,0.821,80.46,237.4625,0.1592,12.6122,61.8725,620.7164,19.0845,57.0677,10.16,198.6794,38.2031,0.1303,0.9989,1.9075,18.7508,0.9331,0.1991,0.3189,0.3913,0.3188,66.5094,2.4605,3.3109,104.9722,-1,2008-03-10 00:55:00
13.5037,6.284,9.3536,0.0146,9.5119,2.937,5.586,0.0,2.3863,524.4955,0.8155,3.6996,1.3271,0.1054,2.6472,0.034,1.0912,0.1474,8.5298,4.269,24.0673,0.133,2.2119999999999997,0.6757,3.9099,0.6778,15.69,237.4625,0.0527,12.5718,29.6774,626.9182,19.705,31.7663,11.12,178.9413,41.8011,0.1646,0.9982,2.1201,14.4775,0.9222,0.3877,0.4146,0.336,0.4146,65.9458,2.5167,4.055,104.0556,-1,2008-03-10 02:41:00
12.6151,6.6172,9.662,0.024,7.2796,3.475,3.244,0.0,2.3204,531.4591,0.5521,3.5752,1.3081,0.34,2.4881,0.0345,1.9611,0.2474,13.5481,3.029,25.3216,0.1378,2.2826,0.5426,3.6912,0.821,80.27,50.5947,0.0799,12.498,40.0,620.9536,19.0845,16.0891,9.66,198.6794,38.2031,0.1124,0.9989,1.8176,18.7508,0.9179,0.1137,0.2769,0.3687,0.2769,66.4257,2.4605,3.2073,104.9722,-1,2008-03-10 03:52:00
17.2472,5.1124,8.9223,0.0118,6.5818,3.4130000000000003,3.0839999999999996,0.0,6.4694,530.9445,0.5987,1.1925,1.1881,0.2097,3.7956,1.0959,1.9567,0.3375,9.2064,2.6260000000000003,23.6178,0.13,2.2732,0.4628,3.5594,0.8557,79.12,286.1303,0.1018,12.5204,34.4725,623.2618,21.785,37.6775,8.08,195.7843,39.8933,0.1221,0.9977,1.5218,28.7688,0.9325,0.1854,0.3032,0.2884,0.3033,66.2931,2.4853,2.9648,97.84,-1,2008-03-10 03:56:00
17.1775,4.1239,8.9223,0.0166,6.5818,3.4130000000000003,4.194,0.0,1.9158,531.2836,0.3006,3.6996,1.1881,0.3458,2.6472,0.0869,1.8915,0.3249,8.7556,2.6260000000000003,26.8251,0.1423,2.2732,0.4628,3.5594,0.8557,8.532,286.1303,0.1108,12.5276,77.0138,620.5782,19.705,31.7663,7.62,178.9413,39.8933,0.0628,0.9977,1.4343,14.4775,0.9323,0.2728,0.1523,0.2987,0.1522,66.2801,2.5167,2.5789999999999997,104.0556,-1,2008-03-10 04:49:00
13.1304,5.0348,8.9223,0.0138,6.5818,3.4130000000000003,3.093,0.0,2.9142,531.1754,0.7265,3.9649,1.1881,0.1713,3.234,0.0323,2.0396,0.2678,8.8973,2.6260000000000003,23.1222,0.1354,2.2732,0.4628,3.5594,0.8557,80.92,286.1303,0.0775,12.3535,64.3815,639.29,18.6685,66.6983,8.09,220.8321,39.8933,0.1332,0.9977,1.523,7.9081,0.9201,0.3639,0.368,0.3354,0.368,66.3435,2.1212,2.645,103.82,-1,2008-03-10 05:01:00
14.5194,5.5044,9.3536,0.0316,9.5119,2.937,5.46,0.0,2.1771,529.5182,0.8037,2.2676,1.3271,0.1874,3.8793,0.1067,2.113,0.3068,8.8356,4.269,28.1684,0.1278,2.2119999999999997,0.6757,3.9099,0.6778,7.74,286.1303,0.0921,12.4018,63.4409,606.72,23.831999999999997,53.0018,10.65,483.4778,41.8011,0.1476,0.9982,2.0113,47.8766,0.9324,0.2199,0.4071,0.3094,0.4071,66.3989,3.3101,3.6722,97.47,-1,2008-03-10 05:45:00
12.8307,3.3124,9.3536,0.015,9.5119,2.937,2.8089999999999997,0.0,2.3863,528.5973,0.3082,2.4603,1.3271,0.2828,3.4463,0.1,2.22,0.2848,8.3808,4.269,25.9046,0.1303,2.2119999999999997,0.6757,3.9099,0.6778,79.55,80.1759,0.0859,12.5718,73.5202,619.3036,18.6107,31.7663,6.24,261.0801,41.8011,0.0683,0.9982,1.1805,18.6989,0.9325,0.2418,0.1557,0.2491,0.1557,66.4761,2.2951,2.1791,90.3111,-1,2008-03-10 06:15:00
13.8979,3.5149,9.3956,0.0218,6.9553,3.431,4.31,0.0,4.0233,530.0846,0.6412,1.1925,1.287,0.3957,3.7956,0.0935,1.9812,0.2753,9.0402,2.992,21.0446,0.1339,2.2949,0.5715,3.6655,0.7573,8.437999999999999,80.1759,0.0898,12.4276,49.1835,621.0973,21.785,37.6775,9.01,195.7843,39.0131,0.1189,0.9957,1.6997,28.7688,0.9325,0.1387,0.3245,0.2991,0.3245,66.339,2.4853,2.596,97.84,-1,2008-03-10 08:35:00
12.8307,2.3933,12.4529,0.0161,9.2412,3.014,2.8339999999999996,0.0,2.7277,528.5973,0.5072,3.9649,1.4174,0.2888,3.234,0.085,2.22,0.2848,8.2914,4.25,25.4798,0.13,2.1911,0.6914,5.0084,0.7403,80.39,80.1759,0.0859,12.4647,46.3636,624.0073,18.6685,66.6983,6.24,220.8321,40.2187,0.1227,0.9949,1.1805,7.9081,0.9278,0.2246,0.2561,0.2438,0.256,66.2522,2.1212,2.1791,103.82,-1,2008-03-10 09:30:00
12.6429,2.4673,12.4529,0.0202,9.2412,3.014,3.136,0.0,5.292999999999999,529.2564,0.7443,1.8929,1.4174,0.3132,3.8342,0.0867,1.8034,0.228,8.8215,4.25,33.3616,0.1315,2.1911,0.6914,5.0084,0.7403,81.31,80.1759,0.0681,12.4694,39.6166,613.5473,27.017,29.1808,14.12,119.7328,40.2187,0.1404,0.9949,2.6679,15.6713,0.9323,0.1611,0.3767,0.2895,0.3767,66.3826,3.1345,4.5485,101.5878,-1,2008-03-10 11:40:00
13.7332,2.4776,7.5579,0.0138,10.3794,3.085,2.677,0.0,1.7559,531.3445,0.3605,1.1948,1.2292,0.2141,5.1102,0.1045,2.0359,0.2796,8.8909,4.684,25.1914,0.1318,2.1995,0.7673,3.4019,0.7182,80.01,80.1759,0.0936,12.5294,41.8605,623.7427,18.8444,12.4257,5.71,166.3002,45.0112,0.0883,0.9986,1.0746,52.2659,0.9318,0.271,0.1827,0.3253,0.1827,66.3049,2.5953,1.565,97.7778,-1,2008-03-10 12:31:00
11.4779,3.5466,9.4427,0.0142,8.6196,3.326,3.409,0.0,3.6799,532.3427,0.8204,2.0635,1.4211,0.2591,3.2595,0.0863,2.0841,0.2392,8.3383,3.217,25.3099,0.1344,2.3081,0.565,4.1132,0.8346,78.38,80.1759,0.0663,12.5004,51.3291,622.6336,18.8868,15.7234,8.18,162.0382,43.5596,0.1787,0.9972,1.5366,13.845999999999998,0.9347,0.3416,0.414,0.3144,0.414,65.965,2.2898,2.8189,112.1367,-1,2008-03-10 18:45:00
67.3679,9.8065,9.4427,0.02,8.6196,3.326,2.585,0.0,2.978,514.4364,0.5931,2.8145,1.4211,0.1924,4.1204,0.0319,1.866,1.2571,9.7137,3.217,28.4429,0.1378,2.3081,0.565,4.1132,0.8346,81.46,80.1759,0.3315,12.4245,46.493,624.2064,24.4466,10.4366,431.71,205.353,43.5596,0.1178,0.9972,83.919,36.8841,0.9225,0.299,0.3016,0.31,0.3016,66.3288,3.5580000000000003,138.3859,107.3156,-1,2008-03-10 19:23:00
12.6333,4.0128,9.4427,0.0285,8.6196,3.326,3.409,0.0,1.7517,532.1382,0.8204,2.0635,1.4211,0.2591,3.2595,0.0299,2.0329,0.2568,8.3383,3.217,36.0446,0.1371,2.3081,0.565,4.1132,0.8346,78.38,80.1759,0.0828,12.5592,47.2222,632.8627,18.8868,15.7234,9.02,162.0382,43.5596,0.1787,0.9972,1.6951,13.845999999999998,0.9179,0.3416,0.414,0.3144,0.414,65.965,2.2898,3.0501,112.1367,-1,2008-03-10 19:23:00
12.6333,5.7591,9.4427,0.0178,8.6196,3.326,3.409,0.0,3.6799,532.1382,0.8204,2.8145,1.4211,0.2591,4.1204,0.0299,2.0329,0.2568,8.3383,3.217,34.0215,0.1339,2.3081,0.565,4.1132,0.8346,78.38,80.1759,0.0828,12.5004,21.5517,632.1709,24.4466,15.7234,9.02,205.353,43.5596,0.1787,0.9972,1.6951,36.8841,0.9179,0.3416,0.414,0.3144,0.414,65.965,3.5580000000000003,3.0501,107.3156,-1,2008-03-10 20:11:00
12.6333,4.6356,9.4427,0.0169,8.6196,3.326,3.409,0.0,3.6799,532.1382,0.8204,2.0635,1.4211,0.2591,3.2595,0.0299,2.0329,0.2568,8.3383,3.217,27.1064,0.13,2.3081,0.565,4.1132,0.8346,78.38,80.1759,0.0828,12.5004,38.6813,636.2818,18.8868,15.7234,9.02,162.0382,43.5596,0.1787,0.9972,1.6951,13.845999999999998,0.9179,0.3416,0.414,0.3144,0.414,65.965,2.2898,3.0501,112.1367,-1,2008-03-10 20:26:00
10.7575,4.3128,8.9223,0.016,6.5818,3.4130000000000003,2.806,0.0,2.9602,531.7491,0.4766,3.127,1.1881,0.3572,3.0927,0.0363,1.9611,0.211,8.3159,2.6260000000000003,24.8006,0.127,2.2732,0.4628,3.5594,0.8557,82.21,80.1759,0.0664,12.499,136.9193,625.6055,18.5843,8.57,7.87,197.9741,39.8933,0.0971,0.9977,1.48,14.2066,0.92,0.3148,0.2403,0.2909,0.2403,66.0015,2.4089,2.9252,101.4244,-1,2008-03-10 20:35:00
16.0105,5.7178,7.5579,0.0107,10.3794,3.085,4.194,0.0,2.8123,530.6345,0.3006,1.1925,1.2292,0.3458,3.7956,0.109,1.9733,0.3159,8.7556,4.684,27.8298,0.1289,2.1995,0.7673,3.4019,0.7182,8.532,80.1759,0.1057,12.4455,50.168,621.1345,21.785,9.29,7.6,195.7843,45.0112,0.0628,0.9986,1.4323,28.7688,0.9322,0.2728,0.1523,0.2987,0.1522,66.2801,2.4853,2.6072,97.84,-1,2008-03-10 20:46:00
13.1807,4.4256,7.5579,0.0132,10.3794,3.085,2.54,0.0,1.9158,533.1809,0.4992,1.6145,1.2292,0.241,2.9547,0.1124,1.0744,0.1416,8.6556,4.684,26.4193,0.1337,2.1995,0.7673,3.4019,0.7182,81.73,80.1759,0.0396,12.5276,108.0169,622.54,20.7519,16.1351,5.65,58.5754,45.0112,0.1087,0.9986,1.0597,18.8116,0.9281,0.2445,0.2537,0.324,0.2537,66.3872,2.5459,1.8871,129.2522,-1,2008-03-10 21:15:00
13.1304,6.5672,3.2761,0.0144,11.238,3.0410000000000004,2.69,0.0,2.5341,531.1754,0.6581,4.4397,0.4645,0.266,2.6887,0.0323,2.0396,0.2678,9.0447,4.033,27.7087,0.132,2.2434,0.6695,1.3017,0.7154,82.4,80.1759,0.0775,12.6278,74.4186,634.9482,19.0034,17.3638,8.09,247.5305,39.7336,0.1376,0.9976,1.523,21.5254,0.9201,0.1469,0.3331,0.2978,0.3331,66.2788,2.51,2.645,96.3311,-1,2008-03-10 21:52:00
13.7332,4.6582,7.5579,0.0195,10.3794,3.085,2.272,0.0,1.9077,531.3445,0.7336,1.8392,1.2292,0.2948,2.9352,0.085,2.0359,0.2796,8.2345,4.684,23.8213,0.132,2.1995,0.7673,3.4019,0.7182,79.7,80.1759,0.0936,12.5808,51.0386,623.9273,18.2407,8.57,5.71,92.6308,45.0112,0.1645,0.9986,1.0746,7.0193,0.9278,0.236,0.3698,0.2157,0.3698,66.2545,2.114,1.565,103.0967,-1,2008-03-10 22:08:00
20.0671,5.4022,9.3956,0.0282,6.9553,3.431,2.54,0.0,1.9846,532.2427,0.4992,2.8309,1.287,0.241,4.8821,0.1257,1.9313,0.3876,8.6556,2.992,23.3521,0.1325,2.2949,0.5715,3.6655,0.7573,81.73,80.1759,0.1319,12.5967,41.2371,622.6782,16.6512,12.4257,8.17,203.9037,39.0131,0.1087,0.9957,1.535,52.1767,0.9324,0.2445,0.2537,0.324,0.2537,66.3872,2.1527,2.7254,96.6233,-1,2008-03-10 22:53:00
12.8307,4.5022,9.4262,0.0158,7.8861,3.0010000000000003,3.069,0.0,1.9299,528.5973,0.539,4.328,1.0881,0.2561,2.9506,0.1045,2.22,0.2848,8.9036,4.04,32.9674,0.1453,2.2392,0.6743,3.613,0.6814,81.44,80.1759,0.0859,12.4357,68.0315,618.9518,19.6457,37.6775,6.24,349.1131,38.3293,0.1016,0.9954,1.1805,21.903,0.9318,0.1431,0.2731,0.3199,0.273,66.3221,2.4696,2.1791,97.3911,-1,2008-03-10 23:46:00
13.9266,3.1843,9.3956,0.019,6.9553,3.431,3.3539999999999996,0.0,1.4091,528.7618,0.7217,1.1948,1.287,0.3237,5.1102,0.0328,1.9743,0.275,9.3868,2.992,23.8635,0.1318,2.2949,0.5715,3.6655,0.7573,80.46,80.1759,0.1013,12.7739,50.1458,622.76,18.8444,9.29,10.07,166.3002,39.0131,0.1451,0.9957,1.9045,52.2659,0.9226,0.5342,0.3663,0.3332,0.3663,65.971,2.5953,3.3664,97.7778,-1,2008-04-10 00:58:00
15.1731,2.3399,9.4262,0.0142,7.8861,3.0010000000000003,2.3080000000000003,0.0,9.8811,531.3091,0.7232,2.8053,1.0881,0.5024,2.9044,0.084,1.9363,0.2938,9.0744,4.04,29.6544,0.1279,2.2392,0.6743,3.613,0.6814,80.69,80.1759,0.0862,12.5492,46.4122,622.54,20.1079,53.4387,10.85,181.776,38.3293,0.1474,0.9954,2.0421,13.4945,0.932,0.2185,0.3678,0.3383,0.3678,66.2771,2.5095,3.609,96.4644,-1,2008-04-10 01:49:00
11.4779,2.2464,5.5015,0.0169,8.03,3.341,3.409,0.0,3.6799,532.3427,0.8204,2.0635,0.9557,0.2591,3.2595,0.0863,2.0841,0.2392,8.3383,3.362,31.5768,0.1344,2.3079,0.6257,2.4804,0.7131,78.38,80.1759,0.0663,12.5004,56.25,620.0609,18.8868,15.7234,8.18,162.0382,45.0861,0.1787,0.9979,1.5366,13.845999999999998,0.9347,0.3416,0.414,0.3144,0.414,65.965,2.2898,2.8189,112.1367,-1,2008-04-10 02:36:00
11.4779,2.6374,10.4867,0.0114,6.6398,3.0239999999999996,3.409,0.0,3.6799,532.3427,0.8204,1.4519,1.2131,0.2591,3.3360000000000003,0.0863,2.0841,0.2392,8.3383,4.425,30.0519,0.1354,2.2407,0.6842,3.7884,0.6812,78.38,80.1759,0.0663,12.5004,33.5766,615.6464,16.2848,14.9541,8.18,109.0473,36.1258,0.1787,0.9984,1.5366,17.4497,0.9347,0.3416,0.414,0.3144,0.414,65.965,2.1204,2.8189,110.9933,-1,2008-04-10 03:53:00
14.5448,7.4993,9.4262,0.016,7.8861,3.0010000000000003,2.9619999999999997,0.0,2.298,532.0945,0.3632,4.4397,1.0881,0.3383,2.6887,0.0323,2.0071,0.2919,8.9541,4.04,23.7588,0.1337,2.2392,0.6743,3.613,0.6814,81.86,25.2265,0.0868,12.6198,73.6706,639.7155,19.0034,17.3638,5.86,247.5305,38.3293,0.0876,0.9954,1.1013,21.5254,0.9201,0.1714,0.184,0.2821,0.184,66.419,2.51,1.9029,96.3311,-1,2008-04-10 04:12:00
12.6333,4.387,10.4867,0.032,6.6398,3.0239999999999996,3.409,0.0,3.6799,532.1382,0.8204,1.4519,1.2131,0.2591,3.3360000000000003,0.0863,2.0329,0.2568,8.3383,4.425,28.4839,0.1333,2.2407,0.6842,3.7884,0.6812,78.38,25.2265,0.0828,12.5004,35.8068,619.3227,16.2848,7.3755,9.02,109.0473,36.1258,0.1787,0.9984,1.6951,17.4497,0.9347,0.3416,0.414,0.3144,0.414,65.965,2.1204,3.0501,110.9933,-1,2008-04-10 04:45:00
67.3679,3.4336,10.4867,0.0093,6.6398,3.0239999999999996,2.303,0.0,3.6799,514.4364,0.6691,1.4519,1.2131,0.2135,3.3360000000000003,0.0567,1.866,1.2571,8.627,4.425,32.9711,0.1325,2.2407,0.6842,3.7884,0.6812,83.13,25.2265,0.3315,12.5004,44.044,619.0355,16.2848,7.3755,431.71,109.0473,36.1258,0.1304,0.9984,83.919,17.4497,0.877,0.2553,0.3387,0.3149,0.3387,66.2798,2.1204,138.3859,110.9933,-1,2008-04-10 09:29:00
13.1304,8.9509,9.3956,0.0167,6.9553,3.431,3.093,0.0,2.6952,531.1754,0.7265,4.4397,1.287,0.1713,2.6887,0.1114,2.0396,0.2678,8.8973,2.992,23.8674,0.1378,2.2949,0.5715,3.6655,0.7573,80.92,53.5775,0.0775,12.6149,58.8556,618.9009,19.0034,16.6043,8.09,247.5305,39.0131,0.1332,0.9957,1.523,21.5254,0.9324,0.3639,0.368,0.3354,0.368,66.3435,2.51,2.645,96.3311,-1,2008-04-10 15:16:00
13.1304,6.4163,9.3956,0.0079,6.9553,3.431,2.585,0.0,2.7548,531.1754,0.5931,4.4397,1.287,0.1924,2.6887,0.0321,2.0396,0.2678,9.7137,2.992,40.8846,0.1351,2.2949,0.5715,3.6655,0.7573,81.46,53.5775,0.0775,12.7051,59.2593,636.1564,19.0034,37.6775,8.09,247.5305,39.0131,0.1178,0.9957,1.523,21.5254,0.9218,0.299,0.3016,0.31,0.3016,66.3288,2.51,2.645,96.3311,-1,2008-04-10 16:58:00
15.1191,6.2357,7.5579,0.0128,10.3794,3.085,3.097,0.0,2.6952,532.1455,0.7699,1.6145,1.2292,0.1395,2.9547,0.1017,2.0581,0.3112,8.1409,4.684,23.6578,0.1282,2.1995,0.7673,3.4019,0.7182,81.65,27.5232,0.1108,12.6149,47.3265,624.1291,20.7519,16.6043,9.89,58.5754,45.0112,0.1651,0.9986,1.8585,18.8116,0.9316,0.2074,0.3889,0.2367,0.3889,66.2133,2.5459,3.4623,129.2522,-1,2008-04-10 18:15:00
12.3718,3.3667,5.5015,0.0103,8.03,3.341,2.925,0.0,2.7812,529.8991,0.5863,2.0635,0.9557,0.2571,3.2595,0.1017,2.0142,0.2492,9.1637,3.362,28.7252,0.1307,2.3079,0.6257,2.4804,0.7131,81.59,59.3775,0.0912,12.5847,25.2632,622.2127,18.8868,53.4387,7.56,162.0382,45.0861,0.1196,0.9979,1.4267,13.845999999999998,0.9316,0.2742,0.2964,0.301,0.2964,66.432,2.2898,2.5286,112.1367,-1,2008-04-10 18:25:00
17.0809,2.3646,3.2761,0.0131,11.238,3.0410000000000004,2.69,0.0,1.9846,532.0973,0.6581,3.3775,0.4645,0.266,2.9472,0.0824,2.085,0.3561,9.0447,4.033,30.3233,0.131,2.2434,0.6695,1.3017,0.7154,82.4,59.3775,0.1336,12.5967,44.3778,624.47,21.0143,16.0891,7.74,480.8505,39.7336,0.1376,0.9976,1.4546,35.7206,0.9327,0.1469,0.3331,0.2978,0.3331,66.2788,2.8091,2.7235,93.6222,-1,2008-04-10 18:59:00
6.0256,6.0516,9.3956,0.0196,6.9553,3.431,4.194,0.0,5.292999999999999,528.0127,0.3006,4.328,1.287,0.3458,2.9506,0.0867,1.1073,0.0667,8.7556,2.992,35.7993,0.1211,2.2949,0.5715,3.6655,0.7573,8.532,93.8008,0.023,12.4694,89.7959,613.0664,19.6457,37.6775,9.04,349.1131,39.0131,0.0628,0.9957,1.7121,21.903,0.9323,0.2728,0.1523,0.2987,0.1522,66.2801,2.4696,2.9281,97.3911,-1,2008-04-10 19:12:00
20.0671,6.1495,5.5015,0.0141,8.03,3.341,2.305,0.0,9.8811,532.2427,0.6257,2.8145,0.9557,0.2334,4.1204,0.0924,1.9313,0.3876,9.534,3.362,29.5218,0.1273,2.3079,0.6257,2.4804,0.7131,77.34,93.8008,0.1319,12.5492,64.1711,616.7591,24.4466,7.3755,8.17,205.353,45.0861,0.1193,0.9979,1.535,36.8841,0.9323,0.2328,0.3168,0.2967,0.3168,66.2731,3.5580000000000003,2.7254,107.3156,-1,2008-04-10 19:47:00
12.3718,2.5985,12.4529,0.0116,9.2412,3.014,2.9619999999999997,0.0,2.8123,529.8991,0.3632,1.6145,1.4174,0.3383,2.9547,0.1017,2.0142,0.2492,8.9541,4.25,31.3079,0.1328,2.1911,0.6914,5.0084,0.7403,81.86,70.4993,0.0912,12.4455,42.1637,621.4527,20.7519,57.0677,7.56,58.5754,40.2187,0.0876,0.9949,1.4267,18.8116,0.9316,0.1714,0.184,0.2821,0.184,66.419,2.5459,2.5286,129.2522,-1,2008-04-10 19:54:00
9.363,5.1653,7.5579,0.0172,10.3794,3.085,3.1489999999999996,0.0,2.4002,530.7036,0.6124,3.5752,1.2292,0.2569,2.4881,0.0344,2.1207,0.1986,8.7646,4.684,18.5252,0.1355,2.1995,0.7673,3.4019,0.7182,80.66,70.4993,0.0572,12.4992,29.912,626.1973,19.0845,16.0891,8.4,198.6794,45.0112,0.1258,0.9986,1.5828,18.7508,0.9224,0.3436,0.3107,0.3356,0.3107,66.2939,2.4605,2.8909,104.9722,-1,2008-04-10 20:39:00
13.8979,4.0743,10.4867,0.0117,6.6398,3.0239999999999996,2.54,0.0,2.7902,530.0846,0.4992,2.8145,1.2131,0.241,4.1204,0.0989,1.9812,0.2753,8.6556,4.425,36.222,0.1413,2.2407,0.6842,3.7884,0.6812,81.73,70.4993,0.0898,12.5439,35.8108,617.9236,24.4466,15.7234,9.01,205.353,36.1258,0.1087,0.9984,1.6997,36.8841,0.9324,0.2445,0.2537,0.324,0.2537,66.3872,3.5580000000000003,2.596,107.3156,-1,2008-04-10 22:06:00
14.5257,3.6022,7.5579,0.0118,10.3794,3.085,3.59,0.0,2.4002,530.3364,0.6451,3.5752,1.2292,0.301,2.4881,0.1061,2.0269999999999997,0.2944,8.8105,4.684,25.5696,0.1289,2.1995,0.7673,3.4019,0.7182,80.84,68.1642,0.1001,12.4992,41.0256,615.6564,19.0845,57.6265,9.92,198.6794,45.0112,0.1298,0.9986,1.8705,18.7508,0.9312,0.3005,0.3265,0.2844,0.3265,66.362,2.4605,3.4462,104.9722,1,2008-04-10 23:18:00
14.3055,3.4324,12.4529,0.0154,9.2412,3.014,2.826,0.0,1.8442,529.9445,0.5862,1.8178,1.4174,0.3634,2.4834,0.1011,1.974,0.2824,8.7187,4.25,15.0471,0.1402,2.1911,0.6914,5.0084,0.7403,79.1,77.973,0.094,12.4716,51.8112,608.3682,18.6279,66.6983,7.91,42.7898,40.2187,0.1165,0.9949,1.4926,9.728,0.9329,0.3179,0.2981,0.2937,0.298,66.3447,2.1438,2.6691,104.1344,1,2008-05-10 00:33:00
13.1807,4.3157,5.5015,0.0189,8.03,3.341,3.136,0.0,5.292999999999999,533.1809,0.7443,21.2283,0.9557,0.3132,3.234,0.1124,1.0744,0.1416,8.8215,3.362,25.1278,0.1317,2.3079,0.6257,2.4804,0.7131,81.31,76.0785,0.0396,12.4694,86.1338,623.3355,43.5737,34.1255,5.65,428.5956,45.0861,0.1404,0.9979,1.0597,899.0504,0.9281,0.1611,0.3767,0.2895,0.3767,66.3826,5.4447,1.8871,86.1644,-1,2008-05-10 00:33:00
12.8307,4.6557,12.4529,0.0155,9.2412,3.014,3.128,0.0,2.8262,528.5973,0.653,2.2676,1.4174,0.4245,3.8793,0.0991,2.22,0.2848,8.7326,4.25,28.3055,0.1292,2.1911,0.6914,5.0084,0.7403,78.98,76.0785,0.0859,12.3841,65.6115,624.05,23.831999999999997,77.5527,6.24,483.4778,40.2187,0.1306,0.9949,1.1805,47.8766,0.93,0.3498,0.3306,0.2818,0.3306,66.2215,3.3101,2.1791,97.47,-1,2008-05-10 01:35:00
12.5176,4.9375,7.5844,0.0117,10.0424,3.035,3.0839999999999996,0.0,6.4694,530.2591,0.5987,2.8145,0.8886,0.2097,4.1204,0.0374,0.9847,0.1233,9.2064,4.146,23.9037,0.1281,2.2337,0.6758,2.9875,0.7085,79.12,76.0785,0.0378,12.5204,29.7521,624.6227,24.4466,15.7234,8.28,205.353,39.39,0.1221,0.9983,1.5615,36.8841,0.923,0.1854,0.3032,0.2884,0.3033,66.2931,3.5580000000000003,2.5755,107.3156,-1,2008-05-10 04:01:00
15.1731,4.1801,9.4262,0.0102,7.8861,3.0010000000000003,2.3080000000000003,0.0,116.3478,531.3091,0.7232,4.4397,1.0881,0.5024,2.6887,0.0979,1.9363,0.2938,9.0744,4.04,18.1563,0.1327,2.2392,0.6743,3.613,0.6814,80.69,27.7025,0.0862,9.8773,54.1608,616.3273,19.0034,37.6775,10.85,247.5305,38.3293,0.1474,0.9954,2.0421,21.5254,0.933,0.2185,0.3678,0.3383,0.3678,66.2771,2.51,3.609,96.3311,-1,2008-05-10 04:20:00
91.1106,6.2217,9.1963,0.0135,6.1021,3.218,3.069,0.0,2.978,513.8473,0.539,1.2989,1.2977,0.2561,5.3306,0.1016,1.3216,1.2041,8.9036,3.267,24.5446,0.1453,2.2939,0.5614,3.6639,0.7996,81.44,27.7025,0.2767,12.4245,31.09,629.3464,20.5936,13.2644,445.8,75.0426,39.841,0.1016,0.9981,86.7573,37.4887,0.9237,0.1431,0.2731,0.3199,0.273,66.3221,2.8908,142.1606,107.4811,-1,2008-05-10 04:48:00
14.5194,6.818,7.5844,0.0163,10.0424,3.035,2.295,0.0,6.4694,529.5182,0.5877,1.2989,0.8886,0.3401,5.3306,0.1067,2.113,0.3068,8.5735,4.146,27.0904,0.1293,2.2337,0.6758,2.9875,0.7085,80.69,27.7025,0.0921,12.5204,46.1126,605.5527,20.5936,7.3755,10.65,75.0426,39.39,0.1244,0.9983,2.0113,37.4887,0.9324,0.2883,0.2978,0.3508,0.2978,65.9602,2.8908,3.6722,107.4811,-1,2008-05-10 05:31:00
60.1633,4.2573,9.1963,0.0137,6.1021,3.218,2.54,0.0,3.1141,539.0691,0.4992,1.2989,1.2977,0.241,5.3306,0.0935,1.3198,0.794,8.6556,3.267,22.8831,0.1424,2.2939,0.5614,3.6639,0.7996,81.73,43.2861,0.2194,12.5237,38.5852,623.9527,20.5936,13.2644,427.42,75.0426,39.841,0.1087,0.9981,79.2885,37.4887,0.9325,0.2445,0.2537,0.324,0.2537,66.3872,2.8908,110.1081,107.4811,-1,2008-05-10 05:53:00
14.5448,3.7884,9.4262,0.0108,7.8861,3.0010000000000003,2.305,0.0,1.9026,532.0945,0.6257,2.3617,1.0881,0.2334,2.5368,0.1111,2.0071,0.2919,9.534,4.04,22.2034,0.131,2.2392,0.6743,3.613,0.6814,77.34,43.2861,0.0868,12.6145,64.1184,624.63,19.8839,17.3638,5.86,76.4444,38.3293,0.1193,0.9954,1.1013,13.3839,0.9325,0.2328,0.3168,0.2967,0.3168,66.2731,2.4537,1.9029,119.3544,-1,2008-05-10 06:15:00
67.3679,9.7229,9.1963,0.0146,6.1021,3.218,4.31,0.0,3.1938,514.4364,0.6412,1.2989,1.2977,0.3957,5.3306,0.0306,1.866,1.2571,9.0402,3.267,29.0276,0.1366,2.2939,0.5614,3.6639,0.7996,8.437999999999999,43.2861,0.3315,12.5243,22.2863,633.1882,20.5936,7.3755,431.71,75.0426,39.841,0.1189,0.9981,83.919,37.4887,0.9223,0.1387,0.3245,0.2991,0.3245,66.339,2.8908,138.3859,107.4811,-1,2008-05-10 08:02:00
17.0809,4.6415,9.1963,0.0254,6.1021,3.218,3.069,0.0,2.8123,532.0973,0.539,1.2989,1.2977,0.2561,5.3306,0.109,2.085,0.3561,8.9036,3.267,26.976999999999997,0.1453,2.2939,0.5614,3.6639,0.7996,81.44,43.2861,0.1336,12.4455,43.3873,617.2209,20.5936,13.2644,7.74,75.0426,39.841,0.1016,0.9981,1.4546,37.4887,0.9322,0.1431,0.2731,0.3199,0.273,66.3221,2.8908,2.7235,107.4811,-1,2008-05-10 08:40:00
15.1731,3.1249,9.1963,0.0147,6.1021,3.218,3.0839999999999996,0.0,116.3478,531.3091,0.5987,3.9075,1.2977,0.2097,2.7962,0.084,1.9363,0.2938,9.2064,3.267,26.9923,0.1328,2.2939,0.5614,3.6639,0.7996,79.12,72.1094,0.0862,9.8773,35.2381,622.4309,20.7667,53.4387,10.85,332.6243,39.841,0.1221,0.9981,2.0421,5.3368,0.932,0.1854,0.3032,0.2884,0.3033,66.2931,2.5213,3.609,95.2556,-1,2008-05-10 09:04:00
14.448,3.7573,8.7895,0.0155,9.2722,3.0580000000000003,2.826,0.0,2.0794,532.1073,0.5862,2.4659999999999997,1.0179,0.3634,3.4228,0.0989,1.8126,0.2619,8.7187,4.207,28.6582,0.1211,2.2474,0.6916,3.319,0.7003,79.1,72.1094,0.0751,12.5039,73.253,622.9073,19.1733,13.2644,7.83,184.7464,37.761,0.1165,0.9966,1.4715,21.3426,0.9324,0.3179,0.2981,0.2937,0.298,66.3447,2.4696,2.6162,97.1056,-1,2008-05-10 09:47:00
13.8979,7.4533,8.7895,0.0181,9.2722,3.0580000000000003,3.1489999999999996,0.0,3.2968,530.0846,0.6124,2.4659999999999997,1.0179,0.2569,3.4228,0.1016,1.9812,0.2753,8.7646,4.207,23.5176,0.1378,2.2474,0.6916,3.319,0.7003,80.66,121.1691,0.0898,12.4361,31.6109,626.2636,19.1733,13.2644,9.01,184.7464,37.761,0.1258,0.9966,1.6997,21.3426,0.9237,0.3436,0.3107,0.3356,0.3107,66.2939,2.4696,2.596,97.1056,-1,2008-05-10 10:00:00
12.8307,4.1054,5.5015,0.0134,8.03,3.341,2.8339999999999996,0.0,2.5341,528.5973,0.5072,2.0354,0.9557,0.2888,2.6142,0.1,2.22,0.2848,8.2914,3.362,31.3745,0.1339,2.3079,0.6257,2.4804,0.7131,80.39,55.7204,0.0859,12.6278,52.7009,620.5091,20.2072,16.1351,6.24,244.9328,45.0861,0.1227,0.9979,1.1805,20.5506,0.9325,0.2246,0.2561,0.2438,0.256,66.2522,2.5625,2.1791,90.4233,-1,2008-05-10 10:43:00
13.8979,6.3655,8.7895,0.0126,9.2722,3.0580000000000003,3.1489999999999996,0.0,2.0794,530.0846,0.6124,2.4659999999999997,1.0179,0.2569,3.4228,0.1016,1.9812,0.2753,8.7646,4.207,25.1431,0.1402,2.2474,0.6916,3.319,0.7003,80.66,35.58,0.0898,12.5039,43.6941,624.8955,19.1733,13.2644,9.01,184.7464,37.761,0.1258,0.9966,1.6997,21.3426,0.9237,0.3436,0.3107,0.3356,0.3107,66.2939,2.4696,2.596,97.1056,-1,2008-05-10 11:05:00
15.1731,3.4539999999999997,3.2761,0.0134,11.238,3.0410000000000004,2.114,0.0,116.3478,531.3091,0.5351,4.4397,0.4645,0.2729,2.6887,0.084,1.9363,0.2938,9.1526,4.033,29.4636,0.1302,2.2434,0.6695,1.3017,0.7154,81.75,35.58,0.0862,9.8773,40.9731,619.5527,19.0034,9.29,10.85,247.5305,39.7336,0.102,0.9976,2.0421,21.5254,0.932,0.0595,0.2709,0.3056,0.2709,66.2847,2.51,3.609,96.3311,-1,2008-05-10 11:30:00
20.0671,4.736000000000001,5.5015,0.0139,8.03,3.341,2.585,0.0,1.6822,532.2427,0.5931,16.5289,0.9557,0.1924,3.234,0.0452,1.9313,0.3876,9.7137,3.362,36.3451,0.1289,2.3079,0.6257,2.4804,0.7131,81.46,118.4201,0.1319,12.4839,41.543,640.7609,34.7921,34.1255,8.17,61.0039,45.0861,0.1178,0.9979,1.535,899.1189999999999,0.9052,0.299,0.3016,0.31,0.3016,66.3288,3.9489,2.7254,85.45,-1,2008-05-10 12:03:00
17.7634,3.0517,5.5015,0.0124,8.03,3.341,3.358,0.0,2.8123,529.2673,0.7201,2.3617,0.9557,0.3553,2.5368,0.1024,2.0421,0.3628,8.4537,3.362,30.3384,0.1206,2.3079,0.6257,2.4804,0.7131,80.43,91.4264,0.1215,12.4455,40.7932,627.2173,19.8839,17.3638,8.94,76.4444,45.0861,0.1564,0.9979,1.6891,13.3839,0.9296,0.3336,0.365,0.3474,0.365,65.9611,2.4537,3.1572,119.3544,-1,2008-05-10 12:17:00
12.5176,3.9522,8.7895,0.015,9.2722,3.0580000000000003,2.272,0.0,2.7548,530.2591,0.7336,2.4659999999999997,1.0179,0.2948,3.4228,0.0911,0.9847,0.1233,8.2345,4.207,21.2465,0.1309,2.2474,0.6916,3.319,0.7003,79.7,91.4264,0.0378,12.7051,56.044,626.7445,19.1733,53.4387,8.28,184.7464,37.761,0.1645,0.9966,1.5615,21.3426,0.9308,0.236,0.3698,0.2157,0.3698,66.2545,2.4696,2.5755,97.1056,-1,2008-05-10 13:49:00
12.5176,4.9673,8.7895,0.0127,9.2722,3.0580000000000003,3.0839999999999996,0.0,3.2968,530.2591,0.5987,3.9075,1.0179,0.2097,2.7962,0.0374,0.9847,0.1233,9.2064,4.207,21.5576,0.1309,2.2474,0.6916,3.319,0.7003,79.12,91.4264,0.0378,12.4361,63.6542,620.0009,20.7667,12.9565,8.28,332.6243,37.761,0.1221,0.9966,1.5615,5.3368,0.923,0.1854,0.3032,0.2884,0.3033,66.2931,2.5213,2.5755,95.2556,-1,2008-05-10 14:34:00
10.8309,4.55,19.9526,0.0089,9.7599,2.9930000000000003,2.967,0.0,2.6952,531.1982,0.7251,1.1925,2.823,0.1815,3.7956,0.0859,2.2418,0.2428,8.9833,4.253,26.2719,0.1293,2.1919,0.6841,8.478,0.7492,81.19,91.4264,0.0616,12.6149,84.3982,606.9809,21.785,37.6775,10.63,195.7843,42.4908,0.1457,0.9971,2.0011,28.7688,0.9356,0.2207,0.3672,0.2978,0.3672,66.0907,2.4853,3.6826,97.84,1,2008-05-10 15:30:00
13.7332,4.2324,9.662,0.0107,7.2796,3.475,3.093,0.0,1.7559,531.3445,0.7265,3.5752,1.3081,0.1713,2.4881,0.1045,2.0359,0.2796,8.8973,3.029,28.7462,0.1378,2.2826,0.5426,3.6912,0.821,80.92,91.4264,0.0936,12.5294,31.0811,621.8764,19.0845,16.1351,5.71,198.6794,38.2031,0.1332,0.9989,1.0746,18.7508,0.9318,0.3639,0.368,0.3354,0.368,66.3435,2.4605,1.565,104.9722,1,2008-05-10 15:35:00
12.5176,8.1035,6.6447,0.0192,8.6074,3.01,2.305,0.0,6.4694,530.2591,0.6257,4.4397,0.8408,0.2334,2.6887,0.0845,0.9847,0.1233,9.534,4.296,19.064,0.1295,2.2377,0.6769,2.5909,0.7397,77.34,91.4264,0.0378,12.5204,60.6414,626.9282,19.0034,37.6775,8.28,247.5305,38.992,0.1193,0.9995,1.5615,21.5254,0.9315,0.2328,0.3168,0.2967,0.3168,66.2731,2.51,2.5755,96.3311,-1,2008-05-10 16:15:00
13.7332,6.4994,9.4427,0.0099,8.6196,3.326,3.069,0.0,3.2099,531.3445,0.539,2.3617,1.4211,0.2561,2.5368,0.1045,2.0359,0.2796,8.9036,3.217,28.5411,0.1289,2.3081,0.565,4.1132,0.8346,81.44,91.4264,0.0936,12.4614,65.4088,615.8764,19.8839,53.4387,5.71,76.4444,43.5596,0.1016,0.9972,1.0746,13.3839,0.9318,0.1431,0.2731,0.3199,0.273,66.3221,2.4537,1.565,119.3544,1,2008-05-10 16:37:00
61.8956,4.6392,9.662,0.0144,7.2796,3.475,3.093,0.0,1.9158,534.16,0.7265,3.5752,1.3081,0.1713,2.4881,0.1124,1.109,0.6864,8.8973,3.029,30.2949,0.1289,2.2826,0.5426,3.6912,0.821,80.92,91.4264,0.1881,12.5276,107.5171,622.4209,19.0845,23.81,432.94,198.6794,38.2031,0.1332,0.9989,81.0506,18.7508,0.9281,0.3639,0.368,0.3354,0.368,66.3435,2.4605,111.2887,104.9722,1,2008-05-10 16:49:00
13.7332,5.6033,8.501,0.0126,9.7076,2.912,3.069,0.0,2.8262,531.3445,0.539,2.2676,1.0892,0.2561,3.8793,0.1045,2.0359,0.2796,8.9036,4.0760000000000005,32.9574,0.1423,2.237,0.6263,3.2669,0.7446,81.44,91.4264,0.0936,12.3841,30.5489,619.3336,23.831999999999997,17.7576,5.71,483.4778,38.4298,0.1016,0.9988,1.0746,47.8766,0.9318,0.1431,0.2731,0.3199,0.273,66.3221,3.3101,1.565,97.47,1,2008-05-10 18:46:00
15.1731,5.0215,8.7895,0.0143,9.2722,3.0580000000000003,2.3080000000000003,0.0,9.8811,531.3091,0.7232,3.9075,1.0179,0.5024,2.7962,0.084,1.9363,0.2938,9.0744,4.207,25.6986,0.1325,2.2474,0.6916,3.319,0.7003,80.69,91.4264,0.0862,12.5492,31.0924,617.1791,20.7667,12.9565,10.85,332.6243,37.761,0.1474,0.9966,2.0421,5.3368,0.932,0.2185,0.3678,0.3383,0.3678,66.2771,2.5213,3.609,95.2556,-1,2008-05-10 18:59:00
12.5176,7.8785,14.9507,0.0127,7.3505,3.054,2.114,0.0,116.3478,530.2591,0.5351,0.6693,1.4106,0.2729,3.3356,0.0845,0.9847,0.1233,9.1526,4.156000000000001,25.9771,0.13,2.2752,0.6697,5.2375,0.7223,81.75,91.4264,0.0378,9.8773,21.9608,618.2573,22.9282,7.3755,8.28,101.9967,35.0319,0.102,0.9984,1.5615,28.6564,0.9315,0.0595,0.2709,0.3056,0.2709,66.2847,3.2793,2.5755,112.5811,-1,2008-05-10 19:45:00
13.1304,6.2464,14.9507,0.0137,7.3505,3.054,2.925,0.0,6.4694,531.1754,0.5863,0.6693,1.4106,0.2571,3.3356,0.0321,2.0396,0.2678,9.1637,4.156000000000001,33.1448,0.1286,2.2752,0.6697,5.2375,0.7223,81.59,91.4264,0.0775,12.5204,39.2707,639.8009,22.9282,14.9541,8.09,101.9967,35.0319,0.1196,0.9984,1.523,28.6564,0.9218,0.2742,0.2964,0.301,0.2964,66.432,3.2793,2.645,112.5811,-1,2008-05-10 20:12:00
14.8076,8.6184,14.9507,0.016,7.3505,3.054,2.7039999999999997,0.0,2.0794,534.2564,0.6677,1.5568,1.4106,0.1861,2.6882,0.1016,1.3737,0.2034,9.7571,4.156000000000001,17.925,0.1309,2.2752,0.6697,5.2375,0.7223,77.1,91.4264,0.0558,12.5039,29.2571,629.5382,21.2136,7.3755,10.87,68.3062,35.0319,0.1407,0.9984,2.0346,13.7738,0.9237,0.2765,0.3364,0.3229999999999999,0.3363,66.003,2.6287,3.7527,116.8167,-1,2008-05-10 20:30:00
12.8307,1.7904,14.9507,0.0135,7.3505,3.054,2.7910000000000004,0.0,1.7559,528.5973,0.6584,2.6469,1.4106,0.4323,3.5483,0.1037,2.22,0.2848,8.7609,4.156000000000001,29.3586,0.1378,2.2752,0.6697,5.2375,0.7223,80.67,91.4264,0.0859,12.5294,35.7143,625.4264,21.0173,10.4366,6.24,204.1999,35.0319,0.1422,0.9984,1.1805,9.0973,0.9316,0.33,0.3335,0.3264,0.3334,66.1478,2.5268,2.1791,92.37,-1,2008-05-10 22:13:00
67.3679,8.2545,10.3199,0.0099,7.0615,3.045,3.097,0.0,2.3968,514.4364,0.7699,0.6693,1.1092,0.1395,3.3356,0.0306,1.866,1.2571,8.1409,4.185,27.7632,0.131,2.2674,0.6772,3.4433,0.7202,81.65,91.4264,0.3315,12.5165,65.9207,630.7955,22.9282,10.4366,431.71,101.9967,33.3658,0.1651,1.001,83.919,28.6564,0.9223,0.2074,0.3889,0.2367,0.3889,66.2133,3.2793,138.3859,112.5811,-1,2008-06-10 00:41:00
12.6333,2.8027,7.062,0.0185,5.2708,3.423,2.136,0.0,31.3389,532.1382,0.5867,0.6693,0.8988,0.3853,3.3356,0.0863,2.0329,0.2568,9.088,2.84,27.9713,0.1354,2.2797,0.5197,2.6311,0.8137,82.76,58.5087,0.0828,12.5722,27.8652,617.6791,22.9282,9.3586,9.02,101.9967,37.2572,0.1221,0.9974,1.6951,28.6564,0.9347,0.3449,0.2971,0.2965,0.2971,66.229,3.2793,3.0501,112.5811,-1,2008-06-10 01:25:00
91.1106,7.0696,10.3199,0.0117,7.0615,3.045,2.136,0.0,2.0794,513.8473,0.5867,2.4659999999999997,1.1092,0.3853,3.4228,0.1853,1.3216,1.2041,9.088,4.185,24.3734,0.1325,2.2674,0.6772,3.4433,0.7202,82.76,85.0589,0.2767,12.5039,36.2301,622.0664,19.1733,13.2644,445.8,184.7464,33.3658,0.1221,1.001,86.7573,21.3426,0.9236,0.3449,0.2971,0.2965,0.2971,66.229,2.4696,142.1606,97.1056,-1,2008-06-10 01:27:00
67.3679,6.015,14.9507,0.0129,7.3505,3.054,2.374,0.0,3.4124,514.4364,0.6846,1.5568,1.4106,0.5012,2.6882,0.0306,1.866,1.2571,9.6515,4.156000000000001,30.7182,0.132,2.2752,0.6697,5.2375,0.7223,80.79,85.0589,0.3315,12.6012,16.3107,628.8655,21.2136,9.3586,431.71,68.3062,35.0319,0.1386,0.9984,83.919,13.7738,0.9223,0.2303,0.3448,0.3358,0.3447,66.1799,2.6287,138.3859,116.8167,-1,2008-06-10 01:30:00
14.448,8.0432,10.3199,0.0198,7.0615,3.045,2.71,0.0,4.0233,532.1073,0.6338,0.6693,1.1092,0.3494,3.3356,0.0452,1.8126,0.2619,8.8097,4.185,32.4059,0.1347,2.2674,0.6772,3.4433,0.7202,80.46,72.6469,0.0751,12.4276,34.8936,633.76,22.9282,10.4366,7.83,101.9967,33.3658,0.1303,1.001,1.4715,28.6564,0.9052,0.1991,0.3189,0.3913,0.3188,66.5094,3.2793,2.6162,112.5811,-1,2008-06-10 02:44:00
13.8979,5.1201,10.3199,0.0164,7.0615,3.045,2.374,0.0,2.7902,530.0846,0.6846,1.5568,1.1092,0.5012,2.6882,0.0989,1.9812,0.2753,9.6515,4.185,30.6359,0.1329,2.2674,0.6772,3.4433,0.7202,80.79,72.6469,0.0898,12.5439,48.5651,621.0336,21.2136,12.9565,9.01,68.3062,33.3658,0.1386,1.001,1.6997,13.7738,0.9324,0.2303,0.3448,0.3358,0.3447,66.1799,2.6287,2.596,116.8167,-1,2008-06-10 02:49:00
17.4117,4.7022,10.3199,0.0177,7.0615,3.045,3.128,0.0,3.2587,532.8227,0.653,1.8065,1.1092,0.4245,2.3852,0.03,2.1206,0.3692,8.7326,4.185,29.2938,0.1378,2.2674,0.6772,3.4433,0.7202,78.98,72.6469,0.1041,12.2747,38.9452,633.5745,19.7442,12.2248,7.93,152.4982,33.3658,0.1306,1.001,1.4883,9.3883,0.9168,0.3498,0.3306,0.2818,0.3306,66.2215,2.2872,2.7404,95.4022,-1,2008-06-10 03:31:00
14.5194,4.1182,7.5844,0.013,10.0424,3.035,2.932,0.0,2.0031,529.5182,0.5963,1.9957,0.8886,0.3365,3.0809,0.034,2.113,0.3068,9.3181,4.146,28.8169,0.1325,2.2337,0.6758,2.9875,0.7085,78.7,72.6469,0.0921,12.4804,33.8028,615.1636,18.5881,39.8457,10.65,113.7328,39.39,0.1199,0.9983,2.0113,16.2209,0.9222,0.2182,0.3029,0.2736,0.3029,65.8829,2.2257,3.6722,104.0856,1,2008-06-10 03:50:00
6.0256,4.2996,7.5579,0.0189,10.3794,3.085,4.194,0.0,1.7559,528.0127,0.3006,3.3775,1.2292,0.3458,2.9472,0.1124,1.1073,0.0667,8.7556,4.684,19.9461,0.1354,2.1995,0.7673,3.4019,0.7182,8.532,72.6469,0.023,12.5294,53.2258,626.5918,21.0143,17.3638,9.04,480.8505,45.0112,0.0628,0.9986,1.7121,35.7206,0.9281,0.2728,0.1523,0.2987,0.1522,66.2801,2.8091,2.9281,93.6222,1,2008-06-10 03:57:00
14.448,4.1813,7.062,0.0153,5.2708,3.423,2.3080000000000003,0.0,9.8811,532.1073,0.7232,2.6469,0.8988,0.5024,3.5483,0.0318,1.8126,0.2619,9.0744,2.84,19.1189,0.1263,2.2797,0.5197,2.6311,0.8137,80.69,72.6469,0.0751,12.5492,32.9718,624.7473,21.0173,7.3755,7.83,204.1999,37.2572,0.1474,0.9974,1.4715,9.0973,0.9228,0.2185,0.3678,0.3383,0.3678,66.2771,2.5268,2.6162,92.37,-1,2008-06-10 04:26:00
11.4779,6.4886,10.3199,0.0164,7.0615,3.045,3.137,0.0,2.7922,532.3427,0.5842,0.6693,1.1092,0.284,3.3356,0.0319,2.0841,0.2392,8.2061,4.185,21.7509,0.1325,2.2674,0.6772,3.4433,0.7202,81.22,160.5042,0.0663,12.5351,48.4048,629.0127,22.9282,13.2644,8.18,101.9967,33.3658,0.1236,1.001,1.5366,28.6564,0.9225,0.2453,0.2946,0.281,0.2945,66.0643,3.2793,2.8189,112.5811,-1,2008-06-10 05:21:00
13.1304,7.9285,10.3199,0.0124,7.0615,3.045,3.136,0.0,2.7548,531.1754,0.7443,2.6469,1.1092,0.3132,3.5483,0.0323,2.0396,0.2678,8.8215,4.185,25.4943,0.1337,2.2674,0.6772,3.4433,0.7202,81.31,160.5042,0.0775,12.7051,54.8223,637.5445,21.0173,12.9565,8.09,204.1999,33.3658,0.1404,1.001,1.523,9.0973,0.9201,0.1611,0.3767,0.2895,0.3767,66.3826,2.5268,2.645,92.37,-1,2008-06-10 05:24:00
60.1633,5.1132,10.3199,0.0122,7.0615,3.045,2.799,0.0,2.0794,539.0691,0.6675,0.6693,1.1092,0.1495,3.3356,0.1853,1.3198,0.794,8.9605,4.185,20.0076,0.1319,2.2674,0.6772,3.4433,0.7202,79.09,101.2092,0.2194,12.5039,69.7789,625.2818,22.9282,13.2644,427.42,101.9967,33.3658,0.1284,1.001,79.2885,28.6564,0.9236,0.4081,0.3349,0.2954,0.3349,66.0683,3.2793,110.1081,112.5811,-1,2008-06-10 06:11:00
14.448,8.3516,10.3199,0.0107,7.0615,3.045,2.54,0.0,2.7902,532.1073,0.4992,0.6693,1.1092,0.241,3.3356,0.0845,1.8126,0.2619,8.6556,4.185,21.0498,0.1325,2.2674,0.6772,3.4433,0.7202,81.73,101.2092,0.0751,12.5439,60.6593,620.1955,22.9282,7.3755,7.83,101.9967,33.3658,0.1087,1.001,1.4715,28.6564,0.9323,0.2445,0.2537,0.324,0.2537,66.3872,3.2793,2.6162,112.5811,-1,2008-06-10 06:26:00
67.3679,5.3109,8.7517,0.0077,9.9513,3.0039999999999996,2.94,0.0,3.4124,514.4364,0.7313,1.8065,1.2208,0.2512,2.3852,0.0319,1.866,1.2571,8.324,4.162,26.2879,0.1464,2.2737,0.6652,3.3115,0.7612,81.77,101.2092,0.3315,12.6012,59.0164,623.1273,19.7442,12.2248,431.71,152.4982,37.8384,0.1401,0.9967,83.919,9.3883,0.9225,0.2112,0.3688,0.2701,0.3688,66.0411,2.2872,138.3859,95.4022,-1,2008-06-10 06:49:00
11.7201,4.4746,8.7517,0.0133,9.9513,3.0039999999999996,2.136,0.0,3.3923,531.9873,0.5867,1.8065,1.2208,0.3853,2.3852,0.0803,2.068,0.2424,9.088,4.162,24.6959,0.131,2.2737,0.6652,3.3115,0.7612,82.76,129.6218,0.0906,12.3808,44.2037,625.9391,19.7442,12.2248,10.25,152.4982,37.8384,0.1221,0.9967,1.9267,9.3883,0.9303,0.3449,0.2971,0.2965,0.2971,66.229,2.2872,3.4925,95.4022,-1,2008-06-10 07:12:00
67.3679,4.0694,7.062,0.0116,5.2708,3.423,3.137,0.0,3.4124,514.4364,0.5842,2.6469,0.8988,0.284,3.5483,0.0319,1.866,1.2571,8.2061,2.84,28.9752,0.1325,2.2797,0.5197,2.6311,0.8137,81.22,129.6218,0.3315,12.6012,21.8258,621.3927,21.0173,12.9565,431.71,204.1999,37.2572,0.1236,0.9974,83.919,9.0973,0.9225,0.2453,0.2946,0.281,0.2945,66.0643,2.5268,138.3859,92.37,-1,2008-06-10 07:17:00
11.7201,6.3223,8.7517,0.0114,9.9513,3.0039999999999996,2.925,0.0,3.2587,531.9873,0.5863,1.8389,1.2208,0.2571,2.8843,0.0863,2.068,0.2424,9.1637,4.162,25.722,0.1413,2.2737,0.6652,3.3115,0.7612,81.59,129.6218,0.0906,12.2747,33.7011,617.4955,19.5297,12.2248,10.25,170.6909,37.8384,0.1196,0.9967,1.9267,8.7736,0.9347,0.2742,0.2964,0.301,0.2964,66.432,2.3759,3.4925,89.7222,-1,2008-06-10 07:35:00
67.3679,5.8746,7.062,0.0106,5.2708,3.423,2.114,0.0,3.4124,514.4364,0.5351,1.5568,0.8988,0.2729,2.6882,0.0306,1.866,1.2571,9.1526,2.84,33.0104,0.1322,2.2797,0.5197,2.6311,0.8137,81.75,129.6218,0.3315,12.6012,23.0523,632.5664,21.2136,9.3586,431.71,68.3062,37.2572,0.102,0.9974,83.919,13.7738,0.9223,0.0595,0.2709,0.3056,0.2709,66.2847,2.6287,138.3859,116.8167,-1,2008-06-10 07:38:00
17.4117,4.8172,14.274,0.0185,8.0883,3.049,2.114,0.0,2.4927,532.8227,0.5351,2.8248,1.6998,0.2729,2.9210000000000003,0.03,2.1206,0.3692,9.1526,3.959,25.7305,0.1279,2.2563,0.6665,5.3743,0.7189,81.75,129.6218,0.1041,12.4363,33.0312,633.9309,22.0636,32.6609,7.93,221.6175,37.6511,0.102,0.9988,1.4883,9.7942,0.9168,0.0595,0.2709,0.3056,0.2709,66.2847,2.8417,2.7404,95.7878,-1,2008-06-10 08:24:00
20.7331,4.1828,11.9141,0.0198,7.6851,2.987,2.694,0.0,2.4785,530.5455,0.5357,1.8389,1.4147,0.2611,2.8843,0.0573,1.9626,0.4069,9.1141,4.255,32.0785,0.1413,2.2705,0.6492,4.4788,0.743,81.56,129.6218,0.1255,12.5078,23.7624,613.3409,19.5297,12.2248,9.42,170.6909,37.5925,0.1202,0.9983,1.7755,8.7736,0.8759,0.3792,0.2712,0.2859,0.2712,66.2459,2.3759,3.491,89.7222,-1,2008-06-10 08:57:00
12.5176,7.5153,7.062,0.0139,5.2708,3.423,3.0839999999999996,0.0,9.8811,530.2591,0.5987,1.5568,0.8988,0.2097,2.6882,0.0374,0.9847,0.1233,9.2064,2.84,21.1934,0.146,2.2797,0.5197,2.6311,0.8137,79.12,193.4633,0.0378,12.5492,44.3497,621.0782,21.2136,9.3586,8.28,68.3062,37.2572,0.1221,0.9974,1.5615,13.7738,0.923,0.1854,0.3032,0.2884,0.3033,66.2931,2.6287,2.5755,116.8167,-1,2008-06-10 09:11:00
15.1731,6.2351,7.4718,0.015,8.5044,2.969,2.374,0.0,2.7902,531.3091,0.6846,2.6469,1.1612,0.5012,3.5483,0.084,1.9363,0.2938,9.6515,4.178,29.9044,0.146,2.2432,0.6369,3.6262,0.7090000000000001,80.79,193.4633,0.0862,12.5439,35.6522,618.7664,21.0173,10.4366,10.85,204.1999,48.5321,0.1386,0.9973,2.0421,9.0973,0.932,0.2303,0.3448,0.3358,0.3447,66.1799,2.5268,3.609,92.37,-1,2008-06-10 09:57:00
13.1304,5.2041,11.9141,0.0123,7.6851,2.987,3.136,0.0,2.7548,531.1754,0.7443,2.8248,1.4147,0.3132,2.9210000000000003,0.0323,2.0396,0.2678,8.8215,4.255,24.1581,0.1364,2.2705,0.6492,4.4788,0.743,81.31,193.4633,0.0775,12.7051,31.9202,639.9518,22.0636,12.2248,8.09,221.6175,37.5925,0.1404,0.9983,1.523,9.7942,0.9201,0.1611,0.3767,0.2895,0.3767,66.3826,2.8417,2.645,95.7878,-1,2008-06-10 10:07:00
12.6333,5.146,8.7517,0.0102,9.9513,3.0039999999999996,3.093,0.0,3.2587,532.1382,0.7265,2.8248,1.2208,0.1713,2.9210000000000003,0.1111,2.0329,0.2568,8.8973,4.162,33.7369,0.1351,2.2737,0.6652,3.3115,0.7612,80.92,193.4633,0.0828,12.2747,53.5032,612.7745,22.0636,32.6609,9.02,221.6175,37.8384,0.1332,0.9967,1.6951,9.7942,0.9325,0.3639,0.368,0.3354,0.368,66.3435,2.8417,3.0501,95.7878,-1,2008-06-10 11:51:00
17.4117,4.8902,8.7517,0.0112,9.9513,3.0039999999999996,2.303,0.0,2.1963,532.8227,0.6691,1.8065,1.2208,0.2135,2.3852,0.03,2.1206,0.3692,8.627,4.162,32.7742,0.1378,2.2737,0.6652,3.3115,0.7612,83.13,193.4633,0.1041,12.2937,51.5254,625.4127,19.7442,12.2248,7.93,152.4982,37.8384,0.1304,0.9967,1.4883,9.3883,0.9168,0.2553,0.3387,0.3149,0.3387,66.2798,2.2872,2.7404,95.4022,-1,2008-06-10 12:39:00
11.7201,8.4634,11.9141,0.011,7.6851,2.987,3.136,0.0,2.4927,531.9873,0.7443,1.8065,1.4147,0.3132,2.3852,0.0301,2.068,0.2424,8.8215,4.255,37.8425,0.1211,2.2705,0.6492,4.4788,0.743,81.31,193.4633,0.0906,12.4363,26.4901,631.8055,19.7442,12.2248,10.25,152.4982,37.5925,0.1404,0.9983,1.9267,9.3883,0.9166,0.1611,0.3767,0.2895,0.3767,66.3826,2.2872,3.4925,95.4022,-1,2008-06-10 12:42:00
67.3679,4.2983,11.9141,0.0085,7.6851,2.987,2.741,0.0,2.3968,514.4364,0.3668,0.6693,1.4147,0.2527,3.3356,0.0864,1.866,1.2571,8.7786,4.255,20.979,0.1329,2.2705,0.6492,4.4788,0.743,80.45,42.5048,0.3315,12.5165,25.4882,629.5309,22.9282,14.9541,431.71,101.9967,37.5925,0.0798,0.9983,83.919,28.6564,0.9323,0.3858,0.1841,0.3206,0.1841,66.2251,3.2793,138.3859,112.5811,-1,2008-06-10 13:08:00
16.0105,9.1663,12.0932,0.0122,14.1621,2.92,2.69,0.0,1.9846,530.6345,0.6581,2.6186,1.357,0.266,2.8954,0.0326,1.9733,0.3159,9.0447,4.137,24.218000000000004,0.1328,2.1996,0.6539,4.3562,0.7772,82.4,42.5048,0.1057,12.5967,63.5641,627.6455,17.6993,24.7249,7.6,115.7726,36.022,0.1376,0.9959,1.4323,9.7555,0.9225,0.1469,0.3331,0.2978,0.3331,66.2788,2.1734,2.6072,101.6667,1,2008-06-10 13:38:00
13.1807,7.1003,8.9223,0.0113,6.5818,3.4130000000000003,2.932,0.0,5.292999999999999,533.1809,0.5963,2.2676,1.1881,0.3365,3.8793,0.0822,1.0744,0.1416,9.3181,2.6260000000000003,26.8018,0.1378,2.2732,0.4628,3.5594,0.8557,78.7,42.5048,0.0396,12.4694,46.875,611.75,23.831999999999997,99.0375,5.65,483.4778,39.8933,0.1199,0.9977,1.0597,47.8766,0.9291,0.2182,0.3029,0.2736,0.3029,65.8829,3.3101,1.8871,97.47,1,2008-06-10 13:55:00
13.8979,10.9187,10.3199,0.0154,7.0615,3.045,2.374,0.0,4.0233,530.0846,0.6846,1.5568,1.1092,0.5012,2.6882,0.0989,1.9812,0.2753,9.6515,4.185,28.6008,0.1281,2.2674,0.6772,3.4433,0.7202,80.79,0.0,0.0898,12.4276,45.5814,621.8773,21.2136,9.3586,9.01,68.3062,33.3658,0.1386,1.001,1.6997,13.7738,0.9324,0.2303,0.3448,0.3358,0.3447,66.1799,2.6287,2.596,116.8167,1,2008-06-10 15:00:00
14.3961,5.9964,7.2222,0.0141,10.4498,3.069,2.694,0.0,2.3968,531.6964,0.5357,2.8248,0.8779,0.2611,2.9210000000000003,0.089,2.0737,0.2985,9.1141,4.136,23.7805,0.1411,2.2718,0.6599,2.6638,0.6957,81.56,0.0,0.1028,12.5165,45.4012,623.5491,22.0636,12.2248,8.21,221.6175,36.8835,0.1202,0.9951,1.5441,9.7942,0.9319,0.3792,0.2712,0.2859,0.2712,66.2459,2.8417,2.7655,95.7878,-1,2008-06-10 15:01:00
16.9045,3.1765,7.2222,0.006,10.4498,3.069,5.653,0.0,4.2036,529.6464,0.7152,2.8248,0.8779,0.3198,2.9210000000000003,0.0851,2.032,0.3435,8.9818,4.136,19.5172,0.1347,2.2718,0.6599,2.6638,0.6957,12.94,141.6245,0.0925,12.6082,16.5589,621.6509,22.0636,9.3586,5.81,221.6175,36.8835,0.1369999999999999,0.9951,1.097,9.7942,0.9334,0.3699,0.3596,0.3758,0.3596,66.3426,2.8417,2.0923,95.7878,-1,2008-06-10 15:52:00
18.4727,3.3232,7.2222,0.0136,10.4498,3.069,2.374,0.0,4.8026,535.9491,0.6846,2.8248,0.8779,0.5012,2.9210000000000003,0.0845,1.9753,0.3649,9.6515,4.136,27.401,0.1305,2.2718,0.6599,2.6638,0.6957,80.79,141.6245,0.1212,12.4933,44.4444,619.3,22.0636,12.2248,9.88,221.6175,36.8835,0.1386,0.9951,1.8435,9.7942,0.9323,0.2303,0.3448,0.3358,0.3447,66.1799,2.8417,3.5115,95.7878,-1,2008-06-10 16:42:00
13.8979,2.7876,7.2222,0.0143,10.4498,3.069,3.59,0.0,3.1141,530.0846,0.6451,2.4719,0.8779,0.301,3.814,0.0989,1.9812,0.2753,8.8105,4.136,30.1735,0.1424,2.2718,0.6599,2.6638,0.6957,80.84,141.6245,0.0898,12.5237,24.5788,620.8,18.8466,16.2835,9.01,204.6393,36.8835,0.1298,0.9951,1.6997,13.442,0.9324,0.3005,0.3265,0.2844,0.3265,66.362,2.2132,2.596,95.1156,-1,2008-06-10 16:50:00
67.3679,5.7353,9.3914,0.0131,5.8125,3.072,2.925,0.0,3.4124,514.4364,0.5863,1.8065,1.3882,0.2571,2.3852,0.0306,1.866,1.2571,9.1637,3.882,31.0876,0.1174,2.2809,0.6621,4.0745,0.7348,81.59,141.6245,0.3315,12.6012,30.2267,631.6264,19.7442,12.2248,431.71,152.4982,43.3855,0.1196,0.999,83.919,9.3883,0.9223,0.2742,0.2964,0.301,0.2964,66.432,2.2872,138.3859,95.4022,-1,2008-06-10 17:26:00
11.7201,4.6133,7.2222,0.0182,10.4498,3.069,2.799,0.0,2.4927,531.9873,0.6675,2.5759,0.8779,0.1495,2.55,0.0571,2.068,0.2424,8.9605,4.136,30.6162,0.1336,2.2718,0.6599,2.6638,0.6957,79.09,41.4871,0.0906,12.4363,40.2286,612.6927,22.1347,16.2835,10.25,178.0595,36.8835,0.1284,0.9951,1.9267,9.6915,0.8771,0.4081,0.3349,0.2954,0.3349,66.0683,2.7594,3.4925,97.17,-1,2008-06-10 17:26:00
20.7331,2.5272,9.3914,0.0212,5.8125,3.072,3.137,0.0,3.2587,530.5455,0.5842,1.8389,1.3882,0.284,2.8843,0.0571,1.9626,0.4069,8.2061,3.882,31.3727,0.1211,2.2809,0.6621,4.0745,0.7348,81.22,41.4871,0.1255,12.2747,53.584,615.0727,19.5297,12.2248,9.42,170.6909,43.3855,0.1236,0.999,1.7755,8.7736,0.8765,0.2453,0.2946,0.281,0.2945,66.0643,2.3759,3.491,89.7222,-1,2008-06-10 17:35:00
13.8979,4.0841,9.3914,0.0114,5.8125,3.072,2.303,0.0,2.7902,530.0846,0.6691,2.4719,1.3882,0.2135,3.814,0.0935,1.9812,0.2753,8.627,3.882,28.1426,0.1388,2.2809,0.6621,4.0745,0.7348,83.13,41.4871,0.0898,12.5439,38.8215,623.9545,18.8466,66.4854,9.01,204.6393,43.3855,0.1304,0.999,1.6997,13.442,0.9325,0.2553,0.3387,0.3149,0.3387,66.2798,2.2132,2.596,95.1156,-1,2008-06-10 18:54:00
12.5176,5.44,7.2222,0.0161,10.4498,3.069,2.69,0.0,116.3478,530.2591,0.6581,2.6469,0.8779,0.266,3.5483,0.0323,0.9847,0.1233,9.0447,4.136,20.6354,0.1328,2.2718,0.6599,2.6638,0.6957,82.4,41.4871,0.0378,9.8773,50.8728,634.0127,21.0173,10.4366,8.28,204.1999,36.8835,0.1376,0.9951,1.5615,9.0973,0.9201,0.1469,0.3331,0.2978,0.3331,66.2788,2.5268,2.5755,92.37,-1,2008-06-10 18:55:00
11.7201,4.4213,9.3914,0.0122,5.8125,3.072,2.303,0.0,3.3923,531.9873,0.6691,2.4719,1.3882,0.2135,3.814,0.0874,2.068,0.2424,8.627,3.882,28.1993,0.1283,2.2809,0.6621,4.0745,0.7348,83.13,41.4871,0.0906,12.3808,45.0512,623.2873,18.8466,16.2835,10.25,204.6393,43.3855,0.1304,0.999,1.9267,13.442,0.9308,0.2553,0.3387,0.3149,0.3387,66.2798,2.2132,3.4925,95.1156,-1,2008-06-10 19:42:00
12.6333,2.8462,9.3914,0.0151,5.8125,3.072,2.7039999999999997,0.0,2.9431,532.1382,0.6677,1.8389,1.3882,0.1861,2.8843,0.0863,2.0329,0.2568,9.7571,3.882,25.5747,0.1283,2.2809,0.6621,4.0745,0.7348,77.1,41.4871,0.0828,12.5718,25.5591,621.4045,19.5297,12.7229,9.02,170.6909,43.3855,0.1407,0.999,1.6951,8.7736,0.9347,0.2765,0.3364,0.3229999999999999,0.3363,66.003,2.3759,3.0501,89.7222,-1,2008-06-10 20:02:00
13.8979,7.364,18.2826,0.0109,7.7758,3.0980000000000003,2.694,0.0,2.0794,530.0846,0.5357,0.6693,3.0047,0.2611,3.3356,0.1016,1.9812,0.2753,9.1141,4.058,17.4511,0.1355,2.2729,0.67,8.0099,0.6676,81.56,24.0179,0.0898,12.5039,35.4481,629.6236,22.9282,9.3586,9.01,101.9967,43.8116,0.1202,0.9986,1.6997,28.6564,0.9237,0.3792,0.2712,0.2859,0.2712,66.2459,3.2793,2.596,112.5811,-1,2008-06-10 20:36:00
13.1304,5.6724,18.2826,0.0148,7.7758,3.0980000000000003,2.305,0.0,6.4694,531.1754,0.6257,1.5568,3.0047,0.2334,2.6882,0.0323,2.0396,0.2678,9.534,4.058,28.2958,0.1331,2.2729,0.67,8.0099,0.6676,77.34,0.0,0.0775,12.5204,63.0137,630.4555,21.2136,14.9541,8.09,68.3062,43.8116,0.1193,0.9986,1.523,13.7738,0.9201,0.2328,0.3168,0.2967,0.3168,66.2731,2.6287,2.645,116.8167,-1,2008-06-10 20:47:00
15.1731,3.3019,18.2826,0.018,7.7758,3.0980000000000003,3.005,0.0,2.0794,531.3091,0.8405,1.5568,3.0047,0.2085,2.6882,0.0979,1.9363,0.2938,8.7286,4.058,34.1725,0.1339,2.2729,0.67,8.0099,0.6676,80.23,0.0,0.0862,12.5039,37.422,619.2464,21.2136,12.9565,10.85,68.3062,43.8116,0.1667,0.9986,2.0421,13.7738,0.933,0.252,0.4271,0.2649,0.4271,66.3143,2.6287,3.609,116.8167,-1,2008-06-10 21:46:00
23.281999999999996,5.8656,9.3914,0.0126,5.8125,3.072,2.501,0.0,21.7024,529.8827,0.4463,1.8065,1.3882,0.3913,2.3852,0.0304,1.9602,0.4564,8.3845,3.882,28.7957,0.1366,2.2809,0.6621,4.0745,0.7348,81.39,65.9827,0.1355,12.3858,24.2152,625.4718,19.7442,12.2248,11.05,152.4982,43.3855,0.0914,0.999,2.0854,9.3883,0.9173,0.2774,0.2247,0.2569,0.2247,65.9729,2.2872,3.8031,95.4022,-1,2008-06-10 21:48:00
60.1633,5.0427,18.2826,0.0134,7.7758,3.0980000000000003,2.925,0.0,3.4124,539.0691,0.5863,2.5759,3.0047,0.2571,2.55,0.089,1.3198,0.794,9.1637,4.058,22.863000000000003,0.136,2.2729,0.67,8.0099,0.6676,81.59,52.2049,0.2194,12.6012,52.1348,622.3745,22.1347,16.2835,427.42,178.0595,43.8116,0.1196,0.9986,79.2885,9.6915,0.9319,0.2742,0.2964,0.301,0.2964,66.432,2.7594,110.1081,97.17,-1,2008-06-10 22:37:00
11.7201,4.9672,9.3914,0.0186,5.8125,3.072,3.097,0.0,3.2587,531.9873,0.7699,3.1688,1.3882,0.1395,2.6616,0.0803,2.068,0.2424,8.1409,3.882,22.0985,0.1327,2.2809,0.6621,4.0745,0.7348,81.65,52.2049,0.0906,12.2747,61.3995,621.8627,20.4644,32.6609,10.25,160.4816,43.3855,0.1651,0.999,1.9267,10.3526,0.9303,0.2074,0.3889,0.2367,0.3889,66.2133,2.6096,3.4925,97.43,-1,2008-06-10 23:03:00
17.4117,5.9723,18.2826,0.0237,7.7758,3.0980000000000003,2.136,0.0,3.2587,532.8227,0.5867,2.34,3.0047,0.3853,3.6563,0.03,2.1206,0.3692,9.088,4.058,31.2905,0.1327,2.2729,0.67,8.0099,0.6676,82.76,52.2049,0.1041,12.2747,27.1326,627.3545,19.2252,32.6609,7.93,133.3637,43.8116,0.1221,0.9986,1.4883,14.5714,0.9168,0.3449,0.2971,0.2965,0.2971,66.229,2.1066,2.7404,95.9856,-1,2008-07-10 01:46:00
8.2886,5.1033,9.3914,0.0146,5.8125,3.072,2.945,0.0,21.7024,532.47,0.9383,2.0827,1.3882,0.1252,2.55,0.0304,2.1429,0.1776,8.9607,3.882,29.0537,0.1388,2.2809,0.6621,4.0745,0.7348,79.43,52.2049,0.0482,12.3858,46.5544,632.2891,21.2775,16.2835,9.14,104.2124,43.3855,0.187,0.999,1.7165,14.0361,0.9173,0.3443,0.4711,0.2686,0.4711,66.1488,2.5735,3.1224,97.5678,-1,2008-07-10 03:29:00
15.1731,5.8227,18.2826,0.0079,7.7758,3.0980000000000003,2.3080000000000003,0.0,9.8811,531.3091,0.7232,1.5568,3.0047,0.5024,2.6882,1.0959,1.9363,0.2938,9.0744,4.058,24.1408,0.1317,2.2729,0.67,8.0099,0.6676,80.69,52.2049,0.0862,12.5492,62.9442,622.4309,21.2136,12.9565,10.85,68.3062,43.8116,0.1474,0.9986,2.0421,13.7738,0.9325,0.2185,0.3678,0.3383,0.3678,66.2771,2.6287,3.609,116.8167,-1,2008-07-10 03:39:00
12.5176,6.2608,9.3914,0.0104,5.8125,3.072,3.0839999999999996,0.0,9.8811,530.2591,0.5987,2.8248,1.3882,0.2097,2.9210000000000003,0.0374,0.9847,0.1233,9.2064,3.882,23.7265,0.1309,2.2809,0.6621,4.0745,0.7348,79.12,52.2049,0.0378,12.5492,65.9409,623.8545,22.0636,12.2248,8.28,221.6175,43.3855,0.1221,0.999,1.5615,9.7942,0.923,0.1854,0.3032,0.2884,0.3033,66.2931,2.8417,2.5755,95.7878,-1,2008-07-10 07:32:00
12.6938,7.9419,4.963,0.0319,6.6306,3.656,2.2430000000000003,0.0,1.5973,531.7464,0.4034,2.5857,0.5734,0.2401,2.6351,0.0315,2.2909,0.2908,8.6024,3.205,31.316999999999997,0.1388,2.2858,0.655,1.8599,0.8307,79.8,52.2049,0.0849,12.5214,55.5891,627.8827,19.2238,28.0255,9.1299,80.992,37.4755,0.0749,0.9972,1.717,7.6342,0.9161,0.1166,0.2034,0.2674,0.2034,65.9525,2.1180000000000003,3.1198,98.3222,-1,2008-07-10 07:41:00
11.7201,4.4816,4.963,0.023,6.6306,3.656,3.137,0.0,3.3923,531.9873,0.5842,1.4375,0.5734,0.284,2.5228,0.0874,2.068,0.2424,8.2061,3.205,28.3907,0.1378,2.2858,0.655,1.8599,0.8307,81.22,52.2049,0.0906,12.3808,44.2516,623.3645,19.6525,51.6664,10.25,94.2194,37.4755,0.1236,0.9972,1.9267,29.3073,0.9308,0.2453,0.2946,0.281,0.2945,66.0643,2.8328,3.4925,107.3989,-1,2008-07-10 08:25:00
8.2886,5.941,6.305,0.0115,6.1121,3.427,3.097,0.0,1.751,532.47,0.7699,2.349,0.8507,0.1395,3.5024,0.0299,2.1429,0.1776,8.1409,2.679,28.2459,0.1309,2.2757,0.4764,2.6684,0.8218,81.65,52.2049,0.0482,12.5643,33.1852,636.9027,18.619,51.6664,9.14,163.0849,42.3217,0.1651,0.9992,1.7165,12.9658,0.9179,0.2074,0.3889,0.2367,0.3889,66.2133,2.3004,3.1224,93.6611,-1,2008-07-10 08:26:00
12.2013,3.742,4.963,0.0163,6.6306,3.656,2.6630000000000003,0.0,21.7024,533.1364,0.6809,2.0533,0.5734,0.292,4.1545,0.0356,2.0133,0.2456,9.9095,3.205,22.0459,0.1309,2.2858,0.655,1.8599,0.8307,81.76,100.1445,0.0849,12.3858,34.1679,643.4145,25.1995,66.4854,7.24,212.0211,37.4755,0.1434,0.9972,1.358,40.0215,0.9172,0.168,0.3466,0.2371,0.3466,66.1883,3.1392,2.4138,99.42,-1,2008-07-10 09:11:00
17.4779,4.2518,6.305,0.0154,6.1121,3.427,2.2430000000000003,0.0,4.787,529.4391,0.4034,2.349,0.8507,0.2401,3.5024,0.0315,2.0075,0.3509,8.6024,2.679,22.0115,0.1343,2.2757,0.4764,2.6684,0.8218,79.8,119.8239,0.1086,12.5339,51.3919,632.7845,18.619,51.6664,10.07,163.0849,42.3217,0.0749,0.9992,1.902,12.9658,0.9161,0.1166,0.2034,0.2674,0.2034,65.9525,2.3004,3.6046,93.6611,-1,2008-07-10 09:20:00
12.2013,5.6678,6.305,0.0101,6.1121,3.427,2.501,0.0,2.0669999999999997,533.1364,0.4463,2.349,0.8507,0.3913,3.5024,0.0336,2.0133,0.2456,8.3845,2.679,27.8129,0.1309,2.2757,0.4764,2.6684,0.8218,81.39,378.7581,0.0849,12.5788,23.8379,635.9918,18.619,80.837,7.24,163.0849,42.3217,0.0914,0.9992,1.358,12.9658,0.9175,0.2774,0.2247,0.2569,0.2247,65.9729,2.3004,2.4138,93.6611,-1,2008-07-10 09:59:00
17.4117,3.253,4.963,0.0142,6.6306,3.656,3.137,0.0,21.7024,532.8227,0.5842,2.0866,0.5734,0.284,3.5484,0.0863,2.1206,0.3692,8.2061,3.205,29.7843,0.1309,2.2858,0.655,1.8599,0.8307,81.22,132.9913,0.1041,12.3858,32.6882,622.3555,20.4407,66.4854,7.93,131.3385,37.4755,0.1236,0.9972,1.4883,8.9332,0.9347,0.2453,0.2946,0.281,0.2945,66.0643,2.4361,2.7404,94.6522,-1,2008-07-10 10:04:00
11.7201,3.2128,4.963,0.0092,6.6306,3.656,2.136,0.0,2.0669999999999997,531.9873,0.5867,2.5857,0.5734,0.3853,2.6351,0.0803,2.068,0.2424,9.088,3.205,31.9878,0.1327,2.2858,0.655,1.8599,0.8307,82.76,132.9913,0.0906,12.5788,68.6606,624.9882,19.2238,28.0255,10.25,80.992,37.4755,0.1221,0.9972,1.9267,7.6342,0.9303,0.3449,0.2971,0.2965,0.2971,66.229,2.1180000000000003,3.4925,98.3222,-1,2008-07-10 10:10:00
60.1633,3.5555,6.305,0.0122,6.1121,3.427,2.694,0.0,3.1138,539.0691,0.5357,1.6137,0.8507,0.2611,3.7643,0.089,1.3198,0.794,9.1141,2.679,28.349,0.1317,2.2757,0.4764,2.6684,0.8218,81.56,71.0842,0.2194,12.5247,29.8217,616.2636,15.6457,66.4854,427.42,93.7671,42.3217,0.1202,0.9992,79.2885,23.7795,0.9319,0.3792,0.2712,0.2859,0.2712,66.2459,1.9932,110.1081,104.9022,-1,2008-07-10 10:51:00
17.4117,8.9449,10.7222,0.0146,6.553,3.398,2.945,0.0,2.4927,532.8227,0.9383,2.3426,1.2833,0.1252,2.8841,0.03,2.1206,0.3692,8.9607,2.398,27.9706,0.1371,2.2732,0.4108,3.971,0.8741,79.43,71.0842,0.1041,12.4363,41.0735,626.8809,18.9545,66.4854,7.93,165.8437,37.0354,0.187,1.0,1.4883,26.5572,0.9168,0.3443,0.4711,0.2686,0.4711,66.1488,2.4054,2.7404,98.45,-1,2008-07-10 11:15:00
11.7201,66.3942,4.963,0.0126,6.6306,3.656,2.9619999999999997,0.0,1.751,531.9873,0.3632,1.4375,0.5734,0.3383,2.5228,0.0874,2.068,0.2424,8.9541,3.205,96.3465,0.132,2.2858,0.655,1.8599,0.8307,81.86,71.0842,0.0906,12.5643,53.4759,625.6436,19.6525,51.6664,10.25,94.2194,37.4755,0.0876,0.9972,1.9267,29.3073,0.9308,0.1714,0.184,0.2821,0.184,66.419,2.8328,3.4925,107.3989,-1,2008-07-10 11:16:00
11.7201,6.5708,6.305,0.0157,6.1121,3.427,2.303,0.0,3.3923,531.9873,0.6691,2.34,0.8507,0.2135,3.6563,0.0299,2.068,0.2424,8.627,2.679,33.7386,0.1309,2.2757,0.4764,2.6684,0.8218,83.13,186.4769,0.0906,12.3808,38.6266,629.6345,19.2252,32.6609,10.25,133.3637,42.3217,0.1304,0.9992,1.9267,14.5714,0.9179,0.2553,0.3387,0.3149,0.3387,66.2798,2.1066,3.4925,95.9856,-1,2008-07-10 11:36:00
11.7201,4.9627,6.305,0.0108,6.1121,3.427,3.137,0.0,2.4927,531.9873,0.5842,1.4375,0.8507,0.284,2.5228,0.0569,2.068,0.2424,8.2061,2.679,31.4055,0.1439,2.2757,0.4764,2.6684,0.8218,81.22,41.1335,0.0906,12.4363,24.3442,612.7873,19.6525,51.6664,10.25,94.2194,42.3217,0.1236,0.9992,1.9267,29.3073,0.8778,0.2453,0.2946,0.281,0.2945,66.0643,2.8328,3.4925,107.3989,-1,2008-07-10 12:40:00
13.1807,6.2746,12.0932,0.0158,14.1621,2.92,2.677,0.0,1.9158,533.1809,0.3605,1.8536,1.357,0.2141,2.2532,0.0867,1.0744,0.1416,8.8909,4.137,29.531,0.13,2.1996,0.6539,4.3562,0.7772,80.01,52.7014,0.0396,12.5276,68.8,621.9682,19.0276,55.8949,5.65,50.2161,36.022,0.0883,0.9959,1.0597,7.2979,0.9323,0.271,0.1827,0.3253,0.1827,66.3049,2.384,1.8871,102.7367,1,2008-07-10 13:10:00
12.4089,7.9648,6.305,0.0127,6.1121,3.427,2.6630000000000003,0.0,4.787,532.8145,0.6809,1.4375,0.8507,0.292,2.5228,0.0315,2.1082,0.2616,9.9095,2.679,28.1991,0.1362,2.2757,0.4764,2.6684,0.8218,81.76,193.8286,0.0736,12.5339,47.7167,633.5555,19.6525,51.6664,6.88,94.2194,42.3217,0.1434,0.9992,1.2913,29.3073,0.9161,0.168,0.3466,0.2371,0.3466,66.1883,2.8328,2.4746,107.3989,-1,2008-07-10 13:48:00
12.6333,7.7685,6.305,0.0183,6.1121,3.427,2.925,0.0,3.2587,532.1382,0.5863,2.0533,0.8507,0.2571,4.1545,0.0308,2.0329,0.2568,9.1637,2.679,36.343,0.1363,2.2757,0.4764,2.6684,0.8218,81.59,60.543,0.0828,12.2747,22.3602,630.9482,25.1995,16.2835,9.02,212.0211,42.3217,0.1196,0.9992,1.6951,40.0215,0.9156,0.2742,0.2964,0.301,0.2964,66.432,3.1392,3.0501,99.42,-1,2008-07-10 14:35:00
12.6938,4.6832,10.7222,0.0125,6.553,3.398,5.129,0.0,2.0596,531.7464,0.931,1.4375,1.2833,0.1192,2.5228,0.0311,2.2909,0.2908,8.3271,2.398,31.6736,0.1334,2.2732,0.4108,3.971,0.8741,8.828,60.543,0.0849,12.6241,62.6653,628.2445,19.6525,51.6664,9.1299,94.2194,37.0354,0.1689999999999999,1.0,1.717,29.3073,0.9185,0.4351,0.4718,0.3404,0.4718,65.9364,2.8328,3.1198,107.3989,-1,2008-07-10 16:32:00
67.3679,5.9014,16.4864,0.0106,6.586,3.237,4.31,0.0,1.756,514.4364,0.6412,2.5857,1.9309,0.3957,2.6351,0.0306,1.866,1.2571,9.0402,3.853,26.9954,0.1343,2.2539,0.6638,6.5747,0.7069,8.437999999999999,60.543,0.3315,12.5284,32.2148,634.8427,19.2238,28.0255,431.71,80.992,39.8795,0.1189,0.997,83.919,7.6342,0.9223,0.1387,0.3245,0.2991,0.3245,66.339,2.1180000000000003,138.3859,98.3222,-1,2008-07-10 17:06:00
14.8684,2.3936,10.7222,0.0181,6.553,3.398,2.8089999999999997,0.0,2.9431,532.2664,0.3082,1.6137,1.2833,0.2828,3.7643,0.0579,2.0223,0.3007,8.3808,2.398,30.7458,0.1411,2.2732,0.4108,3.971,0.8741,79.55,60.543,0.0792,12.5718,44.4886,617.8027,15.6457,66.4854,9.03,93.7671,37.0354,0.0683,1.0,1.6965,23.7795,0.8769,0.2418,0.1557,0.2491,0.1557,66.4761,1.9932,3.2278,104.9022,-1,2008-07-10 17:28:00
11.7201,1.8547,16.4864,0.0159,6.586,3.237,2.7039999999999997,0.0,2.9431,531.9873,0.6677,2.3426,1.9309,0.1861,2.8841,0.0863,2.068,0.2424,9.7571,3.853,28.2662,0.1339,2.2539,0.6638,6.5747,0.7069,77.1,60.543,0.0906,12.5718,49.4481,616.0536,18.9545,66.4854,10.25,165.8437,39.8795,0.1407,0.997,1.9267,26.5572,0.9347,0.2765,0.3364,0.3229999999999999,0.3363,66.003,2.4054,3.4925,98.45,-1,2008-07-10 18:39:00
17.4779,2.8933,10.7222,0.0138,6.553,3.398,3.53,0.0,1.5973,529.4391,0.4019,2.5857,1.2833,0.2684,2.6351,0.0324,2.0075,0.3509,8.2963,2.398,29.2792,0.1306,2.2732,0.4108,3.971,0.8741,80.59,60.543,0.1086,12.5214,57.0738,630.9555,19.2238,28.0255,10.07,80.992,37.0354,0.0829,1.0,1.902,7.6342,0.918,0.2631,0.2023,0.2302,0.2023,66.0225,2.1180000000000003,3.6046,98.3222,-1,2008-07-10 19:24:00
15.1731,4.2653,10.7222,0.0257,6.553,3.398,2.3080000000000003,0.0,116.3478,531.3091,0.7232,2.349,1.2833,0.5024,3.5024,0.084,1.9363,0.2938,9.0744,2.398,23.9232,0.1263,2.2732,0.4108,3.971,0.8741,80.69,72.023,0.0862,9.8773,32.8558,626.1264,18.619,28.0255,10.85,163.0849,37.0354,0.1474,1.0,2.0421,12.9658,0.932,0.2185,0.3678,0.3383,0.3678,66.2771,2.3004,3.609,93.6611,-1,2008-07-10 20:19:00
19.442,8.0368,7.5895,0.0166,4.9199,3.234,2.945,0.0,2.4927,535.2245,0.9383,2.5857,1.2537,0.1252,2.6351,0.03,2.0034,0.3895,8.9607,4.333,24.0609,0.1338,2.3056,0.7585,3.4877,0.685,79.43,72.023,0.1179,12.4363,32.7485,630.7845,19.2238,28.0255,8.74,80.992,45.9542,0.187,0.9972,1.633,7.6342,0.9168,0.3443,0.4711,0.2686,0.4711,66.1488,2.1180000000000003,3.1149,98.3222,-1,2008-07-10 20:39:00
20.7331,6.6101,10.7222,0.0171,6.553,3.398,2.7039999999999997,0.0,2.4927,530.5455,0.6677,2.3426,1.2833,0.1861,2.8841,0.0803,1.9626,0.4069,9.7571,2.398,25.7529,0.1344,2.2732,0.4108,3.971,0.8741,77.1,72.023,0.1255,12.4363,25.3846,628.0355,18.9545,28.0255,9.42,165.8437,37.0354,0.1407,1.0,1.7755,26.5572,0.9303,0.2765,0.3364,0.3229999999999999,0.3363,66.003,2.4054,3.491,98.45,-1,2008-07-10 20:48:00
12.2013,3.7528,7.5083,0.0146,5.5662,3.513,1.582,0.0,2.0669999999999997,533.1364,0.408,2.349,1.0382,0.2901,3.5024,0.0336,2.0133,0.2456,8.3675,3.23,29.3135,0.1277,2.3245,0.5794,2.8371,0.8089,2.506,259.2834,0.0849,12.5788,27.7603,640.21,18.619,51.6664,7.24,163.0849,37.7863,0.0799,0.998,1.358,12.9658,0.9175,0.3651,0.2052,0.2607,0.2052,66.0584,2.3004,2.4138,93.6611,-1,2008-08-10 04:47:00
12.6938,7.3778,10.9105,0.0169,5.9663,3.225,3.131,0.0,1.9953,531.7464,0.6462,2.1577,1.1919,0.2679,2.6741,0.0311,2.2909,0.2908,8.3267,4.138,28.8331,0.1423,2.2711,0.6844,3.8778,0.7269,80.78,171.9936,0.0849,12.5292,38.6555,632.8018,16.6618,44.1134,9.1299,277.8763,35.542,0.1225,0.998,1.717,18.0483,0.9185,0.251,0.327,0.3537,0.327,66.0377,2.1129,3.1198,103.24,-1,2008-08-10 05:35:00
20.7331,4.4643,10.9105,0.0135,5.9663,3.225,2.94,0.0,1.756,530.5455,0.7313,2.1577,1.1919,0.2512,2.6741,0.089,1.9626,0.4069,8.324,4.138,32.2309,0.1174,2.2711,0.6844,3.8778,0.7269,81.77,171.9936,0.1255,12.5284,46.4135,617.3664,16.6618,58.4324,9.42,277.8763,35.542,0.1401,0.998,1.7755,18.0483,0.9319,0.2112,0.3688,0.2701,0.3688,66.0411,2.1129,3.491,103.24,-1,2008-08-10 05:38:00
20.7331,4.3753,8.5065,0.0207,5.2468,3.2889999999999997,3.097,0.0,1.751,530.5455,0.7699,2.2105,1.2899,0.1395,3.0511,0.0803,1.9626,0.4069,8.1409,2.858,27.8665,0.1283,2.3353,0.4781,3.4468,0.8224,81.65,65.4842,0.1255,12.5643,48.6772,625.0255,22.2313,51.6664,9.42,99.1953,40.5197,0.1651,0.9997,1.7755,10.0184,0.9303,0.2074,0.3889,0.2367,0.3889,66.2133,2.6413,3.491,97.0089,-1,2008-08-10 06:25:00
12.6938,3.9613,10.9105,0.0097,5.9663,3.225,2.8510000000000004,0.0,1.9953,531.7464,0.4172,1.7702,1.1919,0.3068,3.9388,0.0956,2.2909,0.2908,8.5615,4.138,28.5474,0.141,2.2711,0.6844,3.8778,0.7269,78.7,65.4842,0.0849,12.5292,34.9065,620.7191,23.5084,58.4324,9.1299,92.9834,35.542,0.0907,0.998,1.717,23.2654,0.9312,0.4167,0.2113,0.3073,0.2113,66.0124,3.0976,3.1198,100.9744,-1,2008-08-10 07:10:00
17.4779,5.9273,16.4864,0.0099,6.586,3.237,3.123,0.0,4.787,529.4391,0.5024,2.349,1.9309,0.184,3.5024,0.0324,2.0075,0.3509,8.4891,3.853,27.3317,0.131,2.2539,0.6638,6.5747,0.7069,80.94,107.2427,0.1086,12.5339,28.3114,635.57,18.619,80.837,10.07,163.0849,39.8795,0.0966,0.997,1.902,12.9658,0.918,0.2512,0.2536,0.2241,0.2536,65.9874,2.3004,3.6046,93.6611,-1,2008-08-10 07:13:00
8.2886,8.2902,10.9105,0.0135,5.9663,3.225,2.7430000000000003,0.0,21.7024,532.47,0.7915,1.7702,1.1919,0.2297,3.9388,0.0304,2.1429,0.1776,8.662,4.138,28.4017,0.1318,2.2711,0.6844,3.8778,0.7269,81.32,107.2427,0.0482,12.3858,97.8166,631.9745,23.5084,44.1134,9.14,92.9834,35.542,0.1521,0.998,1.7165,23.2654,0.9173,0.184,0.4004,0.263,0.4004,66.1995,3.0976,3.1224,100.9744,-1,2008-08-10 07:16:00
17.4117,6.4959,16.4864,0.0129,6.586,3.237,2.945,0.0,2.4927,532.8227,0.9383,2.5857,1.9309,0.1252,2.6351,0.03,2.1206,0.3692,8.9607,3.853,33.016,0.1366,2.2539,0.6638,6.5747,0.7069,79.43,50.6198,0.1041,12.4363,48.4848,631.0236,19.2238,28.0255,7.93,80.992,39.8795,0.187,0.997,1.4883,7.6342,0.9168,0.3443,0.4711,0.2686,0.4711,66.1488,2.1180000000000003,2.7404,98.3222,-1,2008-08-10 09:01:00
12.4089,4.8219,10.9105,0.0139999999999999,5.9663,3.225,3.1180000000000003,0.0,4.787,532.8145,0.5441,2.1577,1.1919,0.3924,2.6741,0.0315,2.1082,0.2616,9.2036,4.138,24.6207,0.1302,2.2711,0.6844,3.8778,0.7269,77.28,427.4732,0.0736,12.5339,37.9822,634.8491,16.6618,44.1134,6.88,277.8763,35.542,0.11,0.998,1.2913,18.0483,0.9161,0.1486,0.2759,0.2405,0.2759,66.3587,2.1129,2.4746,103.24,-1,2008-08-10 09:06:00
16.9589,4.0262,11.1581,0.0115,7.9886,3.0610000000000004,2.759,0.0,1.4455,532.4527,0.5649,1.5089,1.4213,0.3765,3.2298,0.1051,1.9857,0.3368,8.1605,4.04,28.2877,0.1371,2.2959,0.6481,4.1203,0.7048,84.56,23.6431,0.1016,12.452,40.8889,615.6482,23.1453,40.3018,5.83,44.2577,36.9265,0.1203,0.9975,1.0949,9.3868,0.9332,0.0873,0.2893,0.3621,0.2893,66.3805,2.9086,2.077,100.4111,-1,2008-08-10 10:37:00
12.4089,4.881,5.3479,0.0157,8.2601,3.1060000000000003,3.123,0.0,4.787,532.8145,0.5024,1.4419,0.7473,0.184,3.9484,0.0324,2.1082,0.2616,8.4891,4.149,31.5349,0.1362,2.3021,0.6866,1.9997,0.6567,80.94,23.6431,0.0736,12.5339,40.3361,638.6982,19.2105,44.1134,6.88,122.6039,37.3925,0.0966,0.9961,1.2913,22.0908,0.918,0.2512,0.2536,0.2241,0.2536,65.9874,2.5618,2.4746,111.7644,-1,2008-08-10 12:11:00
23.281999999999996,7.4548,10.9105,0.0167,5.9663,3.225,2.0669999999999997,0.0,2.0669999999999997,529.8827,0.568,2.2105,1.1919,0.349,3.0511,0.0356,1.9602,0.4564,9.193,4.138,25.5794,0.1362,2.2711,0.6844,3.8778,0.7269,81.13,51.4726,0.1355,12.5788,69.241,641.5455,22.2313,80.837,11.05,99.1953,35.542,0.1296,0.998,2.0854,10.0184,0.9172,0.2279,0.2877,0.2679,0.2877,66.2301,2.6413,3.8031,97.0089,-1,2008-08-10 13:35:00
12.6938,7.9209,11.1581,0.0142,7.9886,3.0610000000000004,2.958,0.0,1.9953,531.7464,0.8131,1.7702,1.4213,0.3142,3.9388,0.0311,2.2909,0.2908,8.451,4.04,27.8262,0.1424,2.2959,0.6481,4.1203,0.7048,80.66,51.4726,0.0849,12.5292,30.9677,631.1045,23.5084,80.837,9.1299,92.9834,36.9265,0.1705,0.9975,1.717,23.2654,0.9185,0.4189,0.4116,0.304,0.4115,66.0272,3.0976,3.1198,100.9744,-1,2008-08-10 13:38:00
8.2645,7.9017,11.1581,0.0151,7.9886,3.0610000000000004,2.705,0.0,1.9958,536.4482,0.6149,3.1997,1.4213,0.1976,2.8551,0.0328,1.4106,0.1166,9.4749,4.04,24.5318,0.1346,2.2959,0.6481,4.1203,0.7048,79.79,51.4726,0.0358,12.5263,29.0353,630.3782,22.0624,40.3018,7.05,332.5281,36.9265,0.1314,0.9975,1.3142,14.2425,0.9185,0.1196,0.3123,0.3237,0.3123,65.8154,2.6319,2.5361,94.2467,-1,2008-08-10 14:48:00
67.4386,12.2951,11.1581,0.0127,7.9886,3.0610000000000004,3.093,0.0,1.9958,569.9964,0.7265,2.674,1.4213,0.1713,2.7018,0.0311,1.7961,1.2113,8.8973,4.04,22.6626,0.1347,2.2959,0.6481,4.1203,0.7048,80.92,73.6335,0.3247,12.5263,21.5278,638.5545,20.0663,40.3018,441.92,108.9319,36.9265,0.1332,0.9975,77.5303,14.636,0.9185,0.3639,0.368,0.3354,0.368,66.3435,2.3766,132.4894,97.6567,-1,2008-08-10 15:37:00
8.2645,6.5115,11.1581,0.0163,7.9886,3.0610000000000004,2.537,0.0,1.9958,536.4482,0.5656,3.1997,1.4213,0.3647,2.8551,0.036,1.4106,0.1166,8.6968,4.04,27.5825,0.1448,2.2959,0.6481,4.1203,0.7048,81.92,73.6335,0.0358,12.5263,37.2816,631.22,22.0624,40.3018,7.05,332.5281,36.9265,0.1269,0.9975,1.3142,14.2425,0.9187,0.3511,0.2873,0.2723,0.2873,66.2815,2.6319,2.5361,94.2467,-1,2008-08-10 16:26:00
12.6938,56.9481,5.3479,0.0084,8.2601,3.1060000000000003,2.9619999999999997,0.0,2.7002,531.7464,0.3632,1.4419,0.7473,0.3383,3.9484,0.0956,2.2909,0.2908,8.9541,4.149,32.6759,0.1328,2.3021,0.6866,1.9997,0.6567,81.86,73.6335,0.0849,12.5914,34.4086,609.4109,19.2105,44.1134,9.1299,122.6039,37.3925,0.0876,0.9961,1.717,22.0908,0.9312,0.1714,0.184,0.2821,0.184,66.419,2.5618,3.1198,111.7644,-1,2008-08-10 17:14:00
8.2886,5.9222,10.9105,0.0135,5.9663,3.225,2.7430000000000003,0.0,1.751,532.47,0.7915,2.1577,1.1919,0.2297,2.6741,0.0304,2.1429,0.1776,8.662,4.138,29.2941,0.1292,2.2711,0.6844,3.8778,0.7269,81.32,171.3183,0.0482,12.5643,35.4571,626.6846,16.6618,58.4324,9.14,277.8763,35.542,0.1521,0.998,1.7165,18.0483,0.9173,0.184,0.4004,0.263,0.4004,66.1995,2.1129,3.1224,103.24,-1,2008-08-10 17:31:00
12.2013,5.4535,10.7222,0.0137,6.553,3.398,1.582,0.0,2.0669999999999997,533.1364,0.408,1.4375,1.2833,0.2901,2.5228,0.0356,2.0133,0.2456,8.3675,2.398,36.1696,0.1338,2.2732,0.4108,3.971,0.8741,2.506,368.8936,0.0849,12.5788,40.4332,628.8327,19.6525,51.6664,7.24,94.2194,37.0354,0.0799,1.0,1.358,29.3073,0.9172,0.3651,0.2052,0.2607,0.2052,66.0584,2.8328,2.4138,107.3989,-1,2008-08-10 17:41:00
12.6938,4.5812,5.3479,0.0162,8.2601,3.1060000000000003,2.2430000000000003,0.0,4.787,531.7464,0.4034,1.4419,0.7473,0.2401,3.9484,0.0315,2.2909,0.2908,8.6024,4.149,25.2418,0.1272,2.3021,0.6866,1.9997,0.6567,79.8,368.8936,0.0849,12.5339,29.899,636.9709,19.2105,44.1134,9.1299,122.6039,37.3925,0.0749,0.9961,1.717,22.0908,0.9161,0.1166,0.2034,0.2674,0.2034,65.9525,2.5618,3.1198,111.7644,-1,2008-08-10 18:22:00
8.5942,6.2186,11.1581,0.0158,7.9886,3.0610000000000004,2.6630000000000003,0.0,1.5973,528.9927,0.6809,1.4419,1.4213,0.292,3.9484,0.0336,1.9172,0.1648,9.9095,4.04,34.4785,0.1302,2.2959,0.6481,4.1203,0.7048,81.76,197.1279,0.0559999999999999,12.5214,44.8845,637.8036,19.2105,44.1134,8.91,122.6039,36.9265,0.1434,0.9975,1.6843,22.0908,0.9175,0.168,0.3466,0.2371,0.3466,66.1883,2.5618,3.0344,111.7644,-1,2008-08-10 20:27:00
22.9183,2.3679,11.947,0.0125,7.9656,3.092,2.759,0.0,1.4455,528.7918,0.5649,1.5089,1.2073,0.3765,3.2298,0.1051,2.0831,0.4774,8.1605,3.86,23.4023,0.1276,2.2999,0.6872,4.452,0.7422,84.56,120.6365,0.1495,12.452,39.604,620.6291,23.1453,40.3018,6.81,44.2577,37.2647,0.1203,0.996,1.2878,9.3868,0.9332,0.0873,0.2893,0.3621,0.2893,66.3805,2.9086,2.2727,100.4111,-1,2008-08-10 21:19:00
17.4779,2.9356,6.895,0.012,4.9425,3.339,2.501,0.0,1.5973,529.4391,0.4463,1.7702,0.9543,0.3913,3.9388,0.0324,2.0075,0.3509,8.3845,4.431,31.3699,0.1353,2.2908,0.7335,2.7204,0.7348,81.39,120.6365,0.1086,12.5214,29.8507,633.2027,23.5084,50.691,10.07,92.9834,39.4549,0.0914,0.9964,1.902,23.2654,0.918,0.2774,0.2247,0.2569,0.2247,65.9729,3.0976,3.6046,100.9744,-1,2008-08-10 21:45:00
10.8891,5.0456,9.8537,0.0183,5.2258,3.112,2.81,0.0,2.1963,532.0782,0.5867,2.349,1.0848,0.2343,3.5024,0.03,2.0447,0.2226,8.7441,4.173,30.9695,0.1318,2.2799,0.6828,3.6625,0.6722,80.67,120.6365,0.0758,12.2937,67.6923,627.4809,18.619,51.6664,8.39,163.0849,37.1686,0.1142,0.9974,1.5768,12.9658,0.9168,0.2839,0.2966,0.29,0.2966,66.1072,2.3004,2.7713,93.6611,-1,2008-08-10 22:08:00
12.6333,4.1328,16.4864,0.0213,6.586,3.237,4.31,0.0,2.9431,532.1382,0.6412,2.3426,1.9309,0.3957,2.8841,0.0306,2.0329,0.2568,9.0402,3.853,45.8089,0.1362,2.2539,0.6638,6.5747,0.7069,8.437999999999999,120.6365,0.0828,12.5718,43.0108,619.2064,18.9545,28.0255,9.02,165.8437,39.8795,0.1189,0.997,1.6951,26.5572,0.9223,0.1387,0.3245,0.2991,0.3245,66.339,2.4054,3.0501,98.45,-1,2008-08-10 23:13:00
14.448,3.8915,10.9105,0.0156,5.9663,3.225,3.005,0.0,3.2968,532.1073,0.8405,2.1577,1.1919,0.2085,2.6741,0.0318,1.8126,0.2619,8.7286,4.138,13.2099,0.1287,2.2711,0.6844,3.8778,0.7269,80.23,67.7994,0.0751,12.4361,29.7268,626.6209,16.6618,50.691,7.83,277.8763,35.542,0.1667,0.998,1.4715,18.0483,0.9228,0.252,0.4271,0.2649,0.4271,66.3143,2.1129,2.6162,103.24,-1,2008-08-10 23:50:00
17.4779,4.2716,5.3479,0.0115,8.2601,3.1060000000000003,3.53,0.0,1.9939,529.4391,0.4019,1.4419,0.7473,0.2684,3.9484,0.0336,2.0075,0.3509,8.2963,4.149,29.8057,0.1371,2.3021,0.6866,1.9997,0.6567,80.59,67.7994,0.1086,12.5382,51.1082,632.0964,19.2105,44.1134,10.07,122.6039,37.3925,0.0829,0.9961,1.902,22.0908,0.9175,0.2631,0.2023,0.2302,0.2023,66.0225,2.5618,3.6046,111.7644,-1,2008-09-10 00:23:00
12.6938,4.42,10.7222,0.0118,6.553,3.398,2.2430000000000003,0.0,2.0596,531.7464,0.4034,1.4375,1.2833,0.2401,2.5228,0.0956,2.2909,0.2908,8.6024,2.398,32.5683,0.1347,2.2732,0.4108,3.971,0.8741,79.8,67.7994,0.0849,12.6241,38.512,618.2173,19.6525,51.6664,9.1299,94.2194,37.0354,0.0749,1.0,1.717,29.3073,0.9312,0.1166,0.2034,0.2674,0.2034,65.9525,2.8328,3.1198,107.3989,1,2008-09-10 04:34:00
12.4089,4.9671,5.3479,0.0167,8.2601,3.1060000000000003,1.582,0.0,4.787,532.8145,0.408,3.1997,0.7473,0.2901,2.8551,0.0315,2.1082,0.2616,8.3675,4.149,29.7574,0.1339,2.3021,0.6866,1.9997,0.6567,2.506,252.0031,0.0736,12.5339,42.7673,630.7445,22.0624,65.5742,6.88,332.5281,37.3925,0.0799,0.9961,1.2913,14.2425,0.9161,0.3651,0.2052,0.2607,0.2052,66.0584,2.6319,2.4746,94.2467,-1,2008-09-10 06:06:00
12.6938,4.5404,11.1581,0.0198,7.9886,3.0610000000000004,2.8510000000000004,0.0,1.9953,531.7464,0.4172,2.1577,1.4213,0.3068,2.6741,0.0956,2.2909,0.2908,8.5615,4.04,27.2606,0.1296,2.2959,0.6481,4.1203,0.7048,78.7,252.0031,0.0849,12.5292,42.0627,624.2864,16.6618,58.4324,9.1299,277.8763,36.9265,0.0907,0.9975,1.717,18.0483,0.9312,0.4167,0.2113,0.3073,0.2113,66.0124,2.1129,3.1198,103.24,-1,2008-09-10 07:38:00
20.7331,5.0001,5.3479,0.0132,8.2601,3.1060000000000003,4.938,0.0,2.4927,530.5455,0.5842,2.34,0.7473,0.284,3.6563,0.0573,1.9626,0.4069,8.2061,4.149,31.9995,0.1325,2.3021,0.6866,1.9997,0.6567,11.67,252.0031,0.1255,12.4363,42.2243,620.4827,19.2252,32.6609,9.42,133.3637,37.3925,0.1236,0.9961,1.7755,14.5714,0.8766,0.2453,0.2946,0.281,0.2945,66.0643,2.1066,3.491,95.9856,-1,2008-09-10 14:15:00
16.9589,5.1075,5.3479,0.0095,8.2601,3.1060000000000003,2.759,0.0,1.4455,532.4527,0.5649,2.674,0.7473,0.3765,2.7018,0.1051,1.9857,0.3368,8.1605,4.149,23.8511,0.1354,2.3021,0.6866,1.9997,0.6567,84.56,67.2425,0.1016,12.452,32.287,619.9127,20.0663,40.3018,5.83,108.9319,37.3925,0.1203,0.9961,1.0949,14.636,0.9332,0.0873,0.2893,0.3621,0.2893,66.3805,2.3766,2.077,97.6567,-1,2008-09-10 15:04:00
12.2013,7.5956,16.4864,0.0192,6.586,3.237,1.582,0.0,2.0669999999999997,533.1364,0.408,2.4719,1.9309,0.2901,3.814,0.1157,2.0133,0.2456,8.3675,3.853,36.5432,0.1324,2.2539,0.6638,6.5747,0.7069,2.506,88.1528,0.0849,12.5788,36.9942,611.9545,18.8466,16.2835,7.24,204.6393,39.8795,0.0799,0.997,1.358,13.442,0.934,0.3651,0.2052,0.2607,0.2052,66.0584,2.2132,2.4138,95.1156,1,2008-09-10 15:55:00
17.5152,6.8676,11.1581,0.0117,7.9886,3.0610000000000004,2.759,0.0,1.8345,528.8655,0.5649,1.5089,1.4213,0.3765,3.2298,0.0368,2.0891,0.3659,8.1605,4.04,32.7483,0.1341,2.2959,0.6481,4.1203,0.7048,84.56,44.0961,0.105,12.5373,174.0988,618.9855,23.1453,40.3018,6.36,44.2577,36.9265,0.1203,0.9975,1.2026,9.3868,0.9191,0.0873,0.2893,0.3621,0.2893,66.3805,2.9086,2.2433,100.4111,-1,2008-09-10 15:56:00
12.6938,6.8146,10.9599,0.0139,3.0215,3.2710000000000004,4.194,0.0,2.7002,531.7464,0.3006,1.2326,1.2939,0.3458,2.3278,0.0311,2.2909,0.2908,8.7556,4.029,22.3694,0.1296,2.2674,0.6868,4.0343,0.6888,8.532,44.0961,0.0849,12.5914,39.6285,637.4973,18.8457,12.6716,9.1299,57.9312,36.8097,0.0628,0.9985,1.717,32.4564,0.9185,0.2728,0.1523,0.2987,0.1522,66.2801,2.6569,3.1198,115.6522,-1,2008-10-10 10:05:00
14.448,3.2363,10.9599,0.0153,3.0215,3.2710000000000004,2.677,0.0,2.7902,532.1073,0.3605,6.5161,1.2939,0.2141,0.0,0.0845,1.8126,0.2619,8.8909,4.029,23.9246,0.1351,2.2674,0.6868,4.0343,0.6888,80.01,35.1564,0.0751,12.5439,48.0349,615.5673,41.1724,12.7229,7.83,299.6833,36.8097,0.0883,0.9985,1.4715,897.0464,0.9323,0.271,0.1827,0.3253,0.1827,66.3049,6.215,2.6162,108.3144,-1,2008-10-10 10:46:00
12.6938,4.9854,10.9599,0.0111,3.0215,3.2710000000000004,2.958,0.0,2.0596,531.7464,0.8131,2.1779,1.2939,0.3142,2.9226,0.0956,2.2909,0.2908,8.451,4.029,29.2308,0.1402,2.2674,0.6868,4.0343,0.6888,80.66,35.1564,0.0849,12.6241,44.0529,616.0318,20.851999999999997,40.3018,9.1299,190.9703,36.8097,0.1705,0.9985,1.717,9.3014,0.9312,0.4189,0.4116,0.304,0.4115,66.0272,2.5404,3.1198,96.2367,-1,2008-10-10 10:53:00
13.8979,4.1137,10.9599,0.0162,3.0215,3.2710000000000004,2.6630000000000003,0.0,3.2968,530.0846,0.6809,2.0831,1.2939,0.292,0.0,0.0935,1.9812,0.2753,9.9095,4.029,25.5758,0.1318,2.2674,0.6868,4.0343,0.6888,81.76,35.1564,0.0898,12.4361,22.8805,626.3536,19.5809,9.3586,9.01,110.6014,36.8097,0.1434,0.9985,1.6997,20.2551,0.9325,0.168,0.3466,0.2371,0.3466,66.1883,2.5481,2.596,101.5122,-1,2008-10-10 12:30:00
8.2645,6.0469,10.9599,0.0233,3.0215,3.2710000000000004,2.932,0.0,1.9958,536.4482,0.5963,1.2326,1.2939,0.3365,2.3278,0.0328,1.4106,0.1166,9.3181,4.029,27.4583,0.1423,2.2674,0.6868,4.0343,0.6888,78.7,35.1564,0.0358,12.5263,44.2748,629.0191,18.8457,17.4239,7.05,57.9312,36.8097,0.1199,0.9985,1.3142,32.4564,0.9185,0.2182,0.3029,0.2736,0.3029,65.8829,2.6569,2.5361,115.6522,-1,2008-10-10 15:33:00
17.0809,3.95,10.9599,0.0104,3.0215,3.2710000000000004,3.069,0.0,2.8123,532.0973,0.539,2.0831,1.2939,0.2561,2.486,0.1257,2.085,0.3561,8.9036,4.029,19.9304,0.1354,2.2674,0.6868,4.0343,0.6888,81.44,35.1564,0.1336,12.4455,38.0242,615.7155,19.5809,40.3018,7.74,110.6014,36.8097,0.1016,0.9985,1.4546,20.2551,0.9324,0.1431,0.2731,0.3199,0.273,66.3221,2.5481,2.7235,101.5122,-1,2008-10-10 15:50:00
11.8247,5.1156,5.3479,0.0122,8.2601,3.1060000000000003,2.759,0.0,2.955,526.2355,0.5649,2.674,0.7473,0.3765,2.7018,0.0368,2.1114,0.2497,8.1605,4.149,30.9009,0.1276,2.3021,0.6866,1.9997,0.6567,84.56,176.4448,0.0728,12.521,40.2721,621.7055,20.0663,40.3018,8.15,108.9319,37.3925,0.1203,0.9961,1.5487,14.636,0.9191,0.0873,0.2893,0.3621,0.2893,66.3805,2.3766,2.8447,97.6567,-1,2008-10-10 20:02:00
67.4386,4.1278,7.7172,0.0127,4.6717,3.199,3.123,0.0,1.9958,569.9964,0.5024,1.2326,1.0488,0.184,2.3278,0.0956,1.7961,1.2113,8.4891,4.013999999999999,27.2906,0.1331,2.2797,0.7012,2.7976,0.7873,80.94,38.9527,0.3247,12.5263,39.4966,621.2727,18.8457,39.598,441.92,57.9312,36.2516,0.0966,0.9957,77.5303,32.4564,0.9312,0.2512,0.2536,0.2241,0.2536,65.9874,2.6569,132.4894,115.6522,-1,2008-10-10 21:03:00
23.281999999999996,9.6409,8.7762,0.0177,4.9554,3.108,2.945,0.0,21.7024,529.8827,0.9383,1.6105,0.9944,0.1252,3.0799,0.0356,1.9602,0.4564,8.9607,4.224,28.293000000000003,0.1329,2.2754,0.6959,3.4277,0.6814,79.43,38.9527,0.1355,12.3858,24.2669,638.4664,19.0625,40.3018,11.05,95.7361,39.0569,0.187,0.9974,2.0854,9.2047,0.9172,0.3443,0.4711,0.2686,0.4711,66.1488,2.1590000000000003,3.8031,99.5989,-1,2008-10-10 21:07:00
67.4386,2.9642,7.7172,0.0161,4.6717,3.199,3.123,0.0,1.8564,569.9964,0.5024,1.041,1.0488,0.184,5.3675,0.0956,1.7961,1.2113,8.4891,4.013999999999999,20.1338,0.1325,2.2797,0.7012,2.7976,0.7873,80.94,57.7031,0.3247,12.3896,29.9137,625.7445,20.0239,68.8523,441.92,48.0033,36.2516,0.0966,0.9957,77.5303,34.7471,0.9312,0.2512,0.2536,0.2241,0.2536,65.9874,2.5239,132.4894,115.38,-1,2008-10-10 21:16:00
12.6938,9.4815,7.7172,0.0143,4.6717,3.199,3.123,0.0,1.9958,531.7464,0.5024,1.2326,1.0488,0.184,2.3278,0.0311,2.2909,0.2908,8.4891,4.013999999999999,23.6405,0.1303,2.2797,0.7012,2.7976,0.7873,80.94,45.014,0.0849,12.5263,33.4786,636.0982,18.8457,68.8523,9.1299,57.9312,36.2516,0.0966,0.9957,1.717,32.4564,0.9185,0.2512,0.2536,0.2241,0.2536,65.9874,2.6569,3.1198,115.6522,-1,2008-11-10 02:55:00
14.448,8.7071,6.3788,0.0108,5.7265,3.15,2.7039999999999997,0.0,2.1519,532.1073,0.6677,32.1709,0.8282,0.1861,0.0,0.0989,1.8126,0.2619,9.7571,4.435,26.3682,0.1339,2.2789,0.7081,2.3259,0.6815,77.1,545.6838,0.0751,12.5469,39.8804,620.6609,28.8186,9.3586,7.83,0.0,36.463,0.1407,1.002,1.4715,898.7167,0.9324,0.2765,0.3364,0.3229999999999999,0.3363,66.003,3.0007,2.6162,88.4722,-1,2008-11-10 06:56:00
8.2645,8.1848,7.7172,0.0139,4.6717,3.199,3.123,0.0,1.4455,536.4482,0.5024,1.041,1.0488,0.184,5.3675,0.0311,1.4106,0.1166,8.4891,4.013999999999999,28.4191,0.132,2.2797,0.7012,2.7976,0.7873,80.94,545.6838,0.0358,12.452,36.4312,629.1009,20.0239,68.8523,7.05,48.0033,36.2516,0.0966,0.9957,1.3142,34.7471,0.9185,0.2512,0.2536,0.2241,0.2536,65.9874,2.5239,2.5361,115.38,-1,2008-11-10 07:38:00
12.2751,76.9317,6.3788,0.0142,5.7265,3.15,2.295,0.0,2.7277,532.6327,0.5877,2.0354,0.8282,0.3401,2.6142,0.0353,2.1085,0.2588,8.5735,4.435,118.0836,0.132,2.2789,0.7081,2.3259,0.6815,80.69,545.6838,0.0793,12.4647,30.726999999999997,622.7364,20.2072,53.0018,7.77,244.9328,36.463,0.1244,1.002,1.4588,20.5506,0.9197,0.2883,0.2978,0.3508,0.2978,65.9602,2.5625,2.7003,90.4233,-1,2008-11-10 07:39:00
17.2472,5.2994,8.5603,0.0111,6.687,3.349,2.114,0.0,116.3478,530.9445,0.5351,2.0831,1.0378,0.2729,0.0,0.0845,1.9567,0.3375,9.1526,4.227,27.3817,0.1358,2.274,0.742,3.1894,0.6819,81.75,545.6838,0.1018,9.8773,41.4734,622.9045,19.5809,14.9541,8.08,110.6014,37.2581,0.102,0.9954,1.5218,20.2551,0.9315,0.0595,0.2709,0.3056,0.2709,66.2847,2.5481,2.9648,101.5122,-1,2008-11-10 07:42:00
14.448,3.1226,7.7172,0.0112,4.6717,3.199,2.3080000000000003,0.0,9.8811,532.1073,0.7232,2.0831,1.0488,0.5024,0.0,0.084,1.8126,0.2619,9.0744,4.013999999999999,24.1601,0.1339,2.2797,0.7012,2.7976,0.7873,80.69,93.0007,0.0751,12.5492,75.0345,625.0464,19.5809,9.3586,7.83,110.6014,36.2516,0.1474,0.9957,1.4715,20.2551,0.932,0.2185,0.3678,0.3383,0.3678,66.2771,2.5481,2.6162,101.5122,-1,2008-11-10 08:27:00
13.1304,8.2849,8.0638,0.0099,4.4441,3.2289999999999996,2.272,0.0,116.3478,531.1754,0.7336,2.0831,1.0791,0.2948,0.0,0.0323,2.0396,0.2678,8.2345,4.25,32.6374,0.1303,2.2678,0.7135,2.9801,0.6976,79.7,93.0007,0.0775,9.8773,27.0636,629.9736,19.5809,13.2644,8.09,110.6014,36.9567,0.1645,0.9989,1.523,20.2551,0.9201,0.236,0.3698,0.2157,0.3698,66.2545,2.5481,2.645,101.5122,-1,2008-11-10 14:43:00
7.9688,3.6852,7.144,0.02,6.4396,3.2569999999999997,1.912,0.0,2.5335,530.0073,0.3748,2.5095,1.079,0.293,4.1575,0.0792,2.5161,0.2005,8.6384,4.289,21.8556,0.1347,2.2859,0.7463,3.0879,0.6534,78.33,358.7989,0.0613,12.6308,28.1938,629.3009,22.3104,12.2444,6.91,105.8979,43.2234,0.0854,0.9947,1.3038,10.7941,0.9302,0.3495,0.1895,0.3234,0.1895,66.1139,2.5284,2.1481,96.31,-1,2008-11-10 15:33:00
7.9688,2.574,7.144,0.0163,6.4396,3.2569999999999997,1.912,0.0,2.5335,530.0073,0.3748,2.5095,1.079,0.293,4.1575,0.0792,2.5161,0.2005,8.6384,4.289,28.01,0.1362,2.2859,0.7463,3.0879,0.6534,78.33,133.4494,0.0613,12.6308,32.7345,632.8809,22.3104,27.9814,6.91,105.8979,43.2234,0.0854,0.9947,1.3038,10.7941,0.9302,0.3495,0.1895,0.3234,0.1895,66.1139,2.5284,2.1481,96.31,-1,2008-11-10 16:25:00
7.9688,2.5881,7.42,0.0119,5.6246,3.256,1.912,0.0,2.5335,530.0073,0.3748,1.907,1.0684,0.293,2.9925,0.0819,2.5161,0.2005,8.6384,4.406000000000001,38.574,0.1285,2.2931,0.7358,3.3143,0.7248,78.33,125.129,0.0613,12.6308,24.4009,618.2773,22.6825,30.0409,6.91,224.7775,44.6669,0.0854,0.9945,1.3038,68.2628,0.9302,0.3495,0.1895,0.3234,0.1895,66.1139,2.5418,2.1481,96.9478,-1,2008-11-10 23:16:00
7.9688,3.1062,7.42,0.0172,5.6246,3.256,1.912,0.0,2.5335,530.0073,0.3748,2.1105,1.0684,0.293,2.9669,0.0792,2.5161,0.2005,8.6384,4.406000000000001,24.9284,0.1321,2.2931,0.7358,3.3143,0.7248,78.33,318.0075,0.0613,12.6308,53.9515,627.1009,19.6589,12.2444,6.91,108.1765,44.6669,0.0854,0.9945,1.3038,8.6458,0.9302,0.3495,0.1895,0.3234,0.1895,66.1139,2.3576,2.1481,99.4367,-1,2008-11-10 23:58:00
67.4386,7.3252,7.144,0.0155,6.4396,3.2569999999999997,3.53,0.0,3.1154,569.9964,0.4019,1.395,1.079,0.2684,4.4829,0.0311,1.7961,1.2113,8.2963,4.289,30.9387,0.1298,2.2859,0.7463,3.0879,0.6534,80.59,318.0075,0.3247,12.5184,17.6991,632.5291,22.5118,42.3007,441.92,84.3772,43.2234,0.0829,0.9947,77.5303,51.8223,0.9185,0.2631,0.2023,0.2302,0.2023,66.0225,2.8964,132.4894,113.3544,-1,2008-12-10 00:57:00
12.5176,3.9117,11.8194,0.0147,3.8251,3.2489999999999997,2.114,0.0,1.9745,530.2591,0.5351,2.0831,1.335,0.2729,0.0,0.0374,0.9847,0.1233,9.1526,4.412,26.0917,0.1302,2.2779,0.728,4.1984,0.8522,81.75,318.0075,0.0378,12.6614,23.8411,622.44,19.5809,12.7229,8.28,110.6014,35.5213,0.102,0.9961,1.5615,20.2551,0.923,0.0595,0.2709,0.3056,0.2709,66.2847,2.5481,2.5755,101.5122,-1,2008-12-10 01:50:00
18.3819,4.0841,7.42,0.0133,5.6246,3.256,1.912,0.0,2.5335,532.5155,0.3748,1.907,1.0684,0.293,2.9925,0.0819,2.3188,0.4262,8.6384,4.406000000000001,24.1495,0.1239,2.2931,0.7358,3.3143,0.7248,78.33,185.3578,0.1441,12.6308,50.7795,622.0773,22.6825,30.0409,7.3,224.7775,44.6669,0.0854,0.9945,1.3708,68.2628,0.9302,0.3495,0.1895,0.3234,0.1895,66.1139,2.5418,2.5719,96.9478,-1,2008-12-10 02:59:00
13.1304,6.8544,11.8194,0.0161,3.8251,3.2489999999999997,2.585,0.0,6.4694,531.1754,0.5931,2.0831,1.335,0.1924,0.0,0.1114,2.0396,0.2678,9.7137,4.412,23.1671,0.1388,2.2779,0.728,4.1984,0.8522,81.46,185.3578,0.0775,12.5204,27.8884,622.5364,19.5809,12.7229,8.09,110.6014,35.5213,0.1178,0.9961,1.523,20.2551,0.9324,0.299,0.3016,0.31,0.3016,66.3288,2.5481,2.645,101.5122,-1,2008-12-10 03:21:00
8.2645,6.1039,8.0638,0.0234,4.4441,3.2289999999999996,3.131,0.0,1.9958,536.4482,0.6462,1.5544,1.0791,0.2679,3.1578,0.036,1.4106,0.1166,8.3267,4.25,25.1118,0.1354,2.2678,0.7135,2.9801,0.6976,80.78,185.3578,0.0358,12.5263,29.2027,629.8845,22.2932,40.3018,7.05,167.5489,36.9567,0.1225,0.9989,1.3142,9.7519,0.9187,0.251,0.327,0.3537,0.327,66.0377,2.8453,2.5361,101.6567,-1,2008-12-10 03:28:00
18.3819,3.6807,11.7149,0.0132,3.4883,3.1289999999999996,1.912,0.0,2.5335,532.5155,0.3748,1.907,1.7481,0.293,2.9925,0.0819,2.3188,0.4262,8.6384,4.3919999999999995,21.3671,0.1326,2.319,0.7226,5.122000000000001,0.6589,78.33,128.684,0.1441,12.6308,30.1288,623.7782,22.6825,30.0409,7.3,224.7775,43.7222,0.0854,0.9937,1.3708,68.2628,0.9302,0.3495,0.1895,0.3234,0.1895,66.1139,2.5418,2.5719,96.9478,-1,2008-12-10 08:19:00
20.5512,6.1176,11.7149,0.0139999999999999,3.4883,3.1289999999999996,2.0669999999999997,0.0,2.5662,536.5927,0.568,1.7918,1.7481,0.349,3.2618,0.0786,2.1566,0.4432,9.193,4.3919999999999995,28.776999999999997,0.1369,2.319,0.7226,5.122000000000001,0.6589,81.13,58.767,0.1331,12.4696,52.4053,627.2182,22.1723,32.5471,6.82,150.3231,43.7222,0.1296,0.9937,1.271,8.8588,0.9286,0.2279,0.2877,0.2679,0.2877,66.2301,2.5718,2.3058,103.9611,-1,2008-12-10 18:47:00
17.8379,3.7746,7.6215,0.015,5.1399,3.542,2.0669999999999997,0.0,2.3169,537.9264,0.568,0.9259,1.0759999999999998,0.349,5.3505,0.0786,2.1814,0.3891,9.193,4.791,30.6968,0.1447,2.3308,0.8595,3.2189,0.6159,81.13,192.8017,0.1213,12.5169,36.5442,633.9655,21.8023,27.9814,5.48,109.2936,42.2343,0.1296,0.9973,1.0187,55.1993,0.9303,0.2279,0.2877,0.2679,0.2877,66.2301,2.6391,1.9077,112.2922,-1,2008-10-13 03:34:00
20.5512,4.191,7.6215,0.0168,5.1399,3.542,4.5969999999999995,0.0,1.9907,536.5927,0.8663,2.5095,1.0759999999999998,0.3925,4.1575,0.0791,2.1566,0.4432,9.004,4.791,29.0454,0.1309,2.3308,0.8595,3.2189,0.6159,12.77,579.1817,0.1331,12.5582,54.7804,628.3445,22.3104,12.2444,6.82,105.8979,42.2343,0.1737,0.9973,1.271,10.7941,0.9266,0.2098,0.4344,0.2828,0.4344,66.0271,2.5284,2.3058,96.31,-1,2008-10-13 03:53:00
17.8379,2.542,6.9816,0.0171,6.0728,3.1660000000000004,3.093,0.0,2.1419,537.9264,0.7265,2.5095,0.9115,0.1713,4.1575,0.0786,2.1814,0.3891,8.8973,4.538,25.3996,0.1423,2.2919,0.7506,2.9012,0.6543,80.92,579.1817,0.1213,12.6057,54.4651,633.0791,22.3104,12.2444,5.48,105.8979,41.5549,0.1332,0.996,1.0187,10.7941,0.9303,0.3639,0.368,0.3354,0.368,66.3435,2.5284,1.9077,96.31,-1,2008-10-13 11:27:00
12.833,5.4095,7.6215,0.0132,5.1399,3.542,3.315,0.0,3.0585,534.3264,0.6579999999999999,1.907,1.0759999999999998,0.2045,2.9925,0.031,1.5887,0.2039,8.6691,4.791,28.252,0.1254,2.3308,0.8595,3.2189,0.6159,79.93,579.1817,0.054,12.4245,23.3364,632.3918,22.6825,42.3007,5.4,224.7775,42.2343,0.1254,0.9973,1.0106,68.2628,0.9219,0.2189999999999999,0.3306,0.2976,0.3306,66.0333,2.5418,1.8036,96.9478,-1,2008-10-13 12:18:00
15.5905,8.9143,8.4113,0.0139999999999999,4.999,3.2110000000000003,2.8510000000000004,0.0,2.3532,531.96,0.4172,1.7009,0.8708,0.3068,5.3565,0.0272,1.8347,0.286,8.5615,4.166,31.7755,0.1366,2.3058,0.7072,3.2183,0.7076,78.7,579.1817,0.0927,12.3235,64.9573,624.4391,15.7004,32.3812,12.7,33.6466,38.2614,0.0907,0.9957,2.3874,54.1937,0.9097,0.4167,0.2113,0.3073,0.2113,66.0124,1.9307,4.465,119.9011,-1,2008-10-13 14:06:00
12.293,5.1818,9.2152,0.0199,3.218,3.2039999999999997,2.6,0.0,1.9788,536.0709,0.5985,1.907,1.4167,0.1474,2.9925,0.0336,2.1472,0.264,8.941,4.133,22.2363,0.133,2.3025,0.7157,3.9777,0.6799,80.48,133.4114,0.076,12.6337,53.0303,633.7455,22.6825,42.3007,8.3701,224.7775,43.1645,0.1167,0.9976,1.5614,68.2628,0.9205,0.294,0.3002,0.2572,0.3002,65.9873,2.5418,2.9583,96.9478,-1,2008-10-13 14:29:00
21.7713,3.965,9.2152,0.0101,3.218,3.2039999999999997,2.597,0.0,3.0298,532.1618,0.7573,2.7188,1.4167,0.319,1.2157,0.1104,2.1401,0.4659,8.8054,4.133,30.2702,0.1362,2.3025,0.7157,3.9777,0.6799,79.58,84.6772,0.1286,12.5422,67.907,616.7918,10.566,24.6378,7.11,160.5689,43.1645,0.1617,0.9976,1.3361,27.0254,0.9317,0.3569,0.38,0.2448,0.3799,66.2641,1.234,2.4357,86.1089,-1,2008-10-13 14:30:00
17.8379,3.8851,8.4113,0.0172,4.999,3.2110000000000003,3.082,0.0,3.0585,537.9264,0.716,1.7918,0.8708,0.2836,3.2618,0.079,2.1814,0.3891,9.0355,4.166,28.189,0.1339,2.3058,0.7072,3.2183,0.7076,79.67,84.1261,0.1213,12.4245,48.2173,632.2791,22.1723,27.9814,5.48,150.3231,38.2614,0.1427,0.9957,1.0187,8.8588,0.9304,0.2515,0.3592,0.3345,0.3592,66.081,2.5718,1.9077,103.9611,-1,2008-10-13 14:55:00
16.9589,4.2125,5.6541,0.0266,4.0572,3.286,2.359,0.0,1.6146,532.4527,0.7129,2.8122,0.7145,0.3733,1.2819,0.1111,1.9857,0.3368,8.6472,4.385,27.7301,0.1386,2.2915,0.7399,2.2514,0.5920000000000001,80.95,113.5506,0.1016,12.3869,47.2761,623.9082,9.8475,27.9814,5.83,376.3825,39.8187,0.1433,1.0,1.0949,8.8903,0.9325,0.2933,0.3606,0.3065,0.3606,66.3097,1.2051,2.077,82.1311,-1,2008-10-13 15:42:00
72.1057,8.3401,5.6541,0.016,4.0572,3.286,2.114,0.0,2.0786,498.1891,0.5351,2.8122,0.7145,0.2729,1.2819,0.0311,1.2925,0.932,9.1526,4.385,29.9212,0.1302,2.2915,0.7399,2.2514,0.5920000000000001,81.75,113.5506,0.2947,12.9898,20.6349,626.1691,9.8475,42.3007,439.29,376.3825,39.8187,0.102,1.0,88.1774,8.8903,0.9185,0.0595,0.2709,0.3056,0.2709,66.2847,1.2051,126.6932,82.1311,-1,2008-10-13 15:42:00
12.833,3.0945,6.9816,0.0229,6.0728,3.1660000000000004,3.074,0.0,1.8497,534.3264,0.5299,1.7918,0.9115,0.2881,3.2618,0.079,1.5887,0.2039,8.7552,4.538,26.7875,0.1353,2.2919,0.7506,2.9012,0.6543,78.72,87.8627,0.054,12.4343,26.4706,631.7491,22.1723,27.9814,5.4,150.3231,41.5549,0.1039,0.996,1.0106,8.8588,0.9304,0.377,0.2656,0.2586,0.2656,66.2133,2.5718,1.8036,103.9611,-1,2008-10-13 16:13:00
12.833,5.6614,5.6541,0.0123,4.0572,3.286,3.32,0.0,3.0585,534.3264,0.8872,1.7918,0.7145,0.233,3.2618,0.0337,1.5887,0.2039,8.7538,4.385,27.3802,0.1371,2.2915,0.7399,2.2514,0.5920000000000001,80.98,75.1897,0.054,12.4245,50.9091,632.2509,22.1723,30.0409,5.4,150.3231,39.8187,0.1638,1.0,1.0106,8.8588,0.9203,0.4049,0.4448,0.2507,0.4447,66.12899999999999,2.5718,1.8036,103.9611,-1,2008-10-13 19:17:00
20.5512,2.406,6.2139999999999995,0.0153,4.9568,3.194,4.5969999999999995,0.0,1.9907,536.5927,0.8663,2.7188,0.7733,0.3925,1.2157,0.0791,2.1566,0.4432,9.004,4.413,31.0334,0.1333,2.2982,0.7416,2.7707,0.6289,12.77,178.0405,0.1331,12.5582,57.2133,628.1964,10.566,24.6378,6.82,160.5689,44.5879,0.1737,0.9991,1.271,27.0254,0.9266,0.2098,0.4344,0.2828,0.4344,66.0271,1.234,2.3058,86.1089,-1,2008-10-13 19:36:00
18.1222,3.8697,6.2139999999999995,0.0118,4.9568,3.194,2.6,0.0,2.4042,537.1318,0.5985,2.6329,0.7733,0.1474,1.596,0.1005,2.2109,0.4007,8.941,4.413,32.6371,0.1277,2.2982,0.7416,2.7707,0.6289,80.48,64.6789,0.1483,12.4784,30.5677,622.6445,8.6512,57.0019,8.44,249.8802,44.5879,0.1167,0.9991,1.5713,17.6584,0.9306,0.294,0.3002,0.2572,0.3002,65.9873,0.9828,2.8748,83.17,-1,2008-10-13 19:40:00
19.2104,8.362,10.7164,0.0154,5.1303,3.321,2.478,0.0,2.0234,534.3936,0.6347,3.2619,1.3148,0.126,3.5465,0.0315,1.9098,0.3669,9.065,4.523,21.6069,0.1277,2.2954,0.7471,4.2929,0.6652,77.37,372.2183,0.104,12.3557,62.9442,629.2445,22.1377,32.3812,9.13,236.929,40.0593,0.1304,0.9941,1.7085,26.0458,0.9204,0.2657,0.3182,0.2498,0.3182,66.0862,2.7333,3.2524,97.72,-1,2008-10-13 20:10:00
11.8876,6.2544,6.2139999999999995,0.0161,4.9568,3.194,4.155,0.0,2.4175,536.9836,0.3765,3.2619,0.7733,0.1543,3.5465,0.0272,1.8675,0.222,7.6032,4.413,33.3483,0.1351,2.2982,0.7416,2.7707,0.6289,80.85,372.2183,0.0674,12.4096,43.2133,626.6827,22.1377,32.3812,7.47,236.929,44.5879,0.087,0.9991,1.3911,26.0458,0.9097,0.6908,0.2214,0.3798,0.2214,66.396,2.7333,2.5609,97.72,-1,2008-10-13 20:30:00
18.0469,23.1002,6.2139999999999995,0.0191,4.9568,3.194,2.958,0.0,1.8249,525.6236,0.8131,2.1656,0.7733,0.3142,4.3564,0.036,2.0340000000000003,0.3671,8.451,4.413,82.3929,0.1402,2.2982,0.7416,2.7707,0.6289,80.66,33.6823,0.1198,12.6037,29.5931,619.7964,18.8576,21.4914,10.76,107.0955,44.5879,0.1705,0.9991,2.0471,58.2515,0.9187,0.4189,0.4116,0.304,0.4115,66.0272,2.3565,3.415,108.14,-1,2008-10-13 20:53:00
21.7713,4.2645,6.2139999999999995,0.0135,4.9568,3.194,2.705,0.0,3.0298,532.1618,0.6149,2.3376,0.7733,0.1976,4.9562,0.1104,2.1401,0.4659,9.4749,4.413,26.314,0.1388,2.2982,0.7416,2.7707,0.6289,79.79,33.6823,0.1286,12.5422,64.5161,623.1018,19.6599,24.6378,7.11,15.5828,44.5879,0.1314,0.9991,1.3361,69.1948,0.9317,0.1196,0.3123,0.3237,0.3123,65.8154,2.4946,2.4357,123.4244,-1,2008-10-13 21:20:00
19.2104,6.2911,6.2139999999999995,0.0125,4.9568,3.194,2.799,0.0,2.7939999999999996,534.3936,0.6675,1.8942,0.7733,0.1495,1.6199,0.0315,1.9098,0.3669,8.9605,4.413,19.4363,0.1277,2.2982,0.7416,2.7707,0.6289,79.09,43.5641,0.104,12.5269,39.4521,633.5282,9.8886,21.4914,9.13,193.5995,44.5879,0.1284,0.9991,1.7085,11.62,0.9204,0.4081,0.3349,0.2954,0.3349,66.0683,1.0021,3.2524,85.1011,-1,2008-10-13 21:47:00
11.8247,3.3925,10.7164,0.0148,5.1303,3.321,3.074,0.0,1.9761,526.2355,0.5299,2.1656,1.3148,0.2881,4.3564,0.0324,2.1114,0.2497,8.7552,4.523,25.1055,0.1452,2.2954,0.7471,4.2929,0.6652,78.72,248.6235,0.0728,12.651,35.8056,628.9727,18.8576,21.4914,8.15,107.0955,40.0593,0.1039,0.9941,1.5487,58.2515,0.9202,0.377,0.2656,0.2586,0.2656,66.2133,2.3565,2.8447,108.14,-1,2008-10-13 21:57:00
11.7201,3.5169,9.2152,0.0181,3.218,3.2039999999999997,3.128,0.0,1.7394,531.9873,0.653,0.9259,1.4167,0.4245,5.3505,0.0572,2.068,0.2424,8.7326,4.133,30.1789,0.1292,2.3025,0.7157,3.9777,0.6799,78.98,248.6235,0.0906,12.648,51.3761,614.08,21.8023,32.5471,10.25,109.2936,43.1645,0.1306,0.9976,1.9267,55.1993,0.8755,0.3498,0.3306,0.2818,0.3306,66.2215,2.6391,3.4925,112.2922,-1,2008-10-13 22:48:00
20.5512,3.8958,6.2139999999999995,0.0111,4.9568,3.194,2.427,0.0,2.0945,536.5927,0.7448,2.3376,0.7733,0.1666,4.9562,0.0805,2.1566,0.4432,8.5508,4.413,23.3578,0.1276,2.2982,0.7416,2.7707,0.6289,86.12,414.4256,0.1331,12.4137,55.9322,632.7255,19.6599,32.5471,6.82,15.5828,44.5879,0.1547,0.9991,1.271,69.1948,0.9305,0.1008,0.38,0.3583,0.38,66.1608,2.4946,2.3058,123.4244,-1,2008-10-13 22:54:00
11.8247,4.4719,5.3479,0.0249,8.2601,3.1060000000000003,2.759,0.0,2.955,526.2355,0.5649,2.674,0.7473,0.3765,2.7018,0.0368,2.1114,0.2497,8.1605,4.149,30.2685,0.1276,2.3021,0.6866,1.9997,0.6567,84.56,117.7603,0.0728,12.521,52.6708,624.0,20.0663,40.3018,8.15,108.9319,37.3925,0.1203,0.9961,1.5487,14.636,0.9191,0.0873,0.2893,0.3621,0.2893,66.3805,2.3766,2.8447,97.6567,-1,2008-10-14 00:35:00
11.8247,3.975,6.2139999999999995,0.0115,4.9568,3.194,2.0669999999999997,0.0,2.4042,526.2355,0.568,2.2199,0.7733,0.349,3.0962,0.0953,2.1114,0.2497,9.193,4.413,26.3724,0.1284,2.2982,0.7416,2.7707,0.6289,81.13,117.7603,0.0728,12.4784,32.7345,632.67,20.6799,21.4914,8.15,103.283,44.5879,0.1296,0.9991,1.5487,12.3273,0.9257,0.2279,0.2877,0.2679,0.2877,66.2301,2.5029,2.8447,101.3511,-1,2008-10-14 03:21:00
11.8247,6.7855,6.2139999999999995,0.0132,4.9568,3.194,1.4269999999999998,0.0,2.7939999999999996,526.2355,0.6004,1.7009,0.7733,0.3147,5.3565,0.0272,2.1114,0.2497,8.7164,4.413,27.8256,0.1301,2.2982,0.7416,2.7707,0.6289,81.21,117.7603,0.0728,12.5269,43.418,634.9736,15.7004,50.553999999999995,8.15,33.6466,44.5879,0.1205,0.9991,1.5487,54.1937,0.9097,0.1319,0.3017,0.2561,0.3017,66.2013,1.9307,2.8447,119.9011,-1,2008-10-14 03:28:00
20.5512,5.315,9.2152,0.0112,3.218,3.2039999999999997,4.5969999999999995,0.0,1.9907,536.5927,0.8663,1.7918,1.4167,0.3925,3.2618,0.0786,2.1566,0.4432,9.004,4.133,34.9591,0.1452,2.3025,0.7157,3.9777,0.6799,12.77,136.2608,0.1331,12.5582,27.9612,629.7482,22.1723,12.2444,6.82,150.3231,43.1645,0.1737,0.9976,1.271,8.8588,0.9286,0.2098,0.4344,0.2828,0.4344,66.0271,2.5718,2.3058,103.9611,-1,2008-10-14 03:35:00
22.9183,5.0272,11.0135,0.0138,6.3715,3.451,2.5860000000000003,0.0,1.8564,528.7918,0.5232,3.2456,1.2835,0.2677,2.3218,0.1051,2.0831,0.4774,8.7512,3.403,26.4206,0.1319,2.3301,0.5353,4.2447,0.8705,79.55,61.4005,0.1495,12.3896,52.0885,613.2673,10.9801,18.888,6.81,408.3987,38.5409,0.1168,0.9987,1.2878,12.6489,0.9332,0.3098,0.263,0.242,0.2631,66.1116,1.2735,2.2727,83.8767,-1,2008-10-14 13:13:00
18.1222,6.8431,11.0135,0.0096,6.3715,3.451,2.648,0.0,1.8249,537.1318,0.8968,2.6329,1.2835,0.2111,1.596,0.1005,2.2109,0.4007,8.3823,3.403,28.1825,0.1343,2.3301,0.5353,4.2447,0.8705,79.04,176.9394,0.1483,12.6037,23.816,619.4945,8.6512,57.0019,8.44,249.8802,38.5409,0.1836,0.9987,1.5713,17.6584,0.9306,0.2628,0.4526,0.3245,0.4526,66.0609,0.9828,2.8748,83.17,-1,2008-10-14 13:16:00
8.2645,6.0401,11.0135,0.0241,6.3715,3.451,2.501,0.0,1.9109,536.4482,0.4463,2.8455,1.2835,0.3913,0.9717,0.0328,1.4106,0.1166,8.3845,3.403,24.7969,0.1362,2.3301,0.5353,4.2447,0.8705,81.39,47.8577,0.0358,12.5596,45.6853,628.9136,10.2681,32.2873,7.05,210.2224,38.5409,0.0914,0.9987,1.3142,22.581,0.9185,0.2774,0.2247,0.2569,0.2247,65.9729,1.1064,2.5361,85.4189,-1,2008-10-14 14:07:00
9.449,5.9053,8.4113,0.0243,4.999,3.2110000000000003,2.164,0.0,2.3169,538.1373,0.618,2.7188,0.8708,0.3378,1.2157,0.0334,2.1186,0.2002,8.886000000000001,4.166,32.4091,0.1338,2.3058,0.7072,3.2183,0.7076,81.12,130.7654,0.0562,12.5169,26.4808,628.6264,10.566,32.5471,8.4399,160.5689,38.2614,0.1137,0.9957,1.5684,27.0254,0.92,0.3495,0.3099,0.2923,0.3099,66.0072,1.234,2.9610000000000003,86.1089,-1,2008-10-14 14:15:00
21.7713,5.3264,11.0135,0.0112,6.3715,3.451,2.8080000000000003,0.0,1.8249,532.1618,0.8371,2.6329,1.2835,0.2676,1.596,0.0329,2.1401,0.4659,9.152,3.403,18.784,0.1309,2.3301,0.5353,4.2447,0.8705,78.21,102.4834,0.1286,12.6037,24.948,621.1582,8.6512,57.0019,7.11,249.8802,38.5409,0.1604,0.9987,1.3361,17.6584,0.9082,0.3314,0.4197,0.3174,0.4196,66.0632,0.9828,2.4357,83.17,-1,2008-10-14 14:43:00
9.449,5.0841,6.401,0.011,4.6088,3.259,2.164,0.0,2.3169,538.1373,0.618,2.3376,0.6799,0.3378,4.9562,0.0829,2.1186,0.2002,8.886000000000001,4.775,30.6183,0.1338,2.2453,0.8019,2.5593,0.6595,81.12,81.281,0.0562,12.5169,58.5885,632.8973,19.6599,30.0409,8.4399,15.5828,39.983,0.1137,0.9965,1.5684,69.1948,0.9306,0.3495,0.3099,0.2923,0.3099,66.0072,2.4946,2.9610000000000003,123.4244,-1,2008-10-14 17:36:00
16.4699,4.5493,6.401,0.0178,4.6088,3.259,4.5969999999999995,0.0,2.1419,536.2964,0.8663,1.835,0.6799,0.3925,5.8358,0.0791,2.0719,0.3412,9.004,4.775,29.6873,0.1309,2.2453,0.8019,2.5593,0.6595,12.77,122.5713,0.1146,12.6057,40.5157,629.6727,20.4838,22.5533,8.39,187.2974,39.983,0.1737,0.9965,1.5644,65.7172,0.9266,0.2098,0.4344,0.2828,0.4344,66.0271,2.6314,2.9758,104.5867,-1,2008-10-14 19:15:00
8.2645,4.622,11.0135,0.0136,6.3715,3.451,3.074,0.0,2.7002,536.4482,0.5299,2.6329,1.2835,0.2881,1.596,0.1104,1.4106,0.1166,8.7552,3.403,28.4637,0.1341,2.3301,0.5353,4.2447,0.8705,78.72,82.0875,0.0358,12.5914,18.8139,613.5445,8.6512,38.5903,7.05,249.8802,38.5409,0.1039,0.9987,1.3142,17.6584,0.9317,0.377,0.2656,0.2586,0.2656,66.2133,0.9828,2.5361,83.17,-1,2008-10-14 20:01:00
11.8247,4.3582,11.6176,0.0145,5.0152,3.5780000000000003,2.5860000000000003,0.0,2.2927,526.2355,0.5232,1.3259,1.3978,0.2677,3.6377,0.1065,2.1114,0.2497,8.7512,2.431,21.6831,0.1362,2.3187,0.4492,4.5384,0.8781,79.55,52.6841,0.0728,12.649,23.7037,618.9773,21.9471,18.888,8.15,96.0422,39.065,0.1168,0.9964,1.5487,14.0551,0.9336,0.3098,0.263,0.242,0.2631,66.1116,2.7563,2.8447,97.1556,-1,2008-10-14 20:30:00
21.5254,4.012,6.401,0.0471,4.6088,3.259,2.6,0.0,3.0305,532.3782,0.5985,1.3259,0.6799,0.1474,3.6377,0.0336,2.0882,0.4495,8.941,4.775,26.0373,0.1286,2.2453,0.8019,2.5593,0.6595,80.48,101.9627,0.1526,12.5394,26.8757,631.1664,21.9471,29.8161,9.63,96.0422,39.983,0.1167,0.9965,1.8089,14.0551,0.9205,0.294,0.3002,0.2572,0.3002,65.9873,2.7563,3.1077,97.1556,-1,2008-10-14 20:48:00
17.8379,5.1566,7.7788,0.0137,4.8083,3.179,2.478,0.0,2.1419,537.9264,0.6347,2.5101,1.1947,0.126,4.0612,0.0797,2.1814,0.3891,9.065,4.7219999999999995,27.9357,0.13,2.2544,0.7753,3.4701,0.6153,77.37,101.9627,0.1213,12.6057,31.5082,629.4291,22.6107,32.5471,5.48,152.4587,44.6095,0.1304,0.9975,1.0187,19.5676,0.9246,0.2657,0.3182,0.2498,0.3182,66.0862,2.8480000000000003,1.9077,107.63,-1,2008-10-14 21:36:00
18.3819,3.8619,11.6176,0.016,5.0152,3.5780000000000003,1.912,0.0,2.9813,532.5155,0.3748,1.835,1.3978,0.293,5.8358,0.09,2.3188,0.4262,8.6384,2.431,27.1184,0.1362,2.3187,0.4492,4.5384,0.8781,78.33,33.4695,0.1441,12.4108,50.2564,625.9382,20.4838,22.5533,7.3,187.2974,39.065,0.0854,0.9964,1.3708,65.7172,0.9317,0.3495,0.1895,0.3234,0.1895,66.1139,2.6314,2.5719,104.5867,-1,2008-10-14 23:07:00
15.5905,5.8979,17.33,0.0126,4.8346,3.157,2.799,0.0,2.2927,531.96,0.6675,3.2456,2.1426,0.1495,2.3218,0.0324,1.8347,0.286,8.9605,4.891,34.2526,0.1333,2.2535,0.8348,6.6618,0.6402,79.09,64.4686,0.0927,12.649,50.4801,621.9691,10.9801,18.888,12.7,408.3987,38.4408,0.1284,1.001,2.3874,12.6489,0.9202,0.4081,0.3349,0.2954,0.3349,66.0683,1.2735,4.465,83.8767,-1,2008-10-15 00:03:00
17.4779,4.8058,10.9105,0.0173,5.9663,3.225,1.582,0.0,1.5973,529.4391,0.408,1.4419,1.1919,0.2901,3.9484,0.0315,2.0075,0.3509,8.3675,4.138,32.1774,0.1345,2.2711,0.6844,3.8778,0.7269,2.506,125.3032,0.1086,12.5214,36.999,631.9391,19.2105,44.1134,10.07,122.6039,35.542,0.0799,0.998,1.902,22.0908,0.9161,0.3651,0.2052,0.2607,0.2052,66.0584,2.5618,3.6046,111.7644,-1,2008-10-15 00:27:00
11.8876,6.981,11.6176,0.0166,5.0152,3.5780000000000003,2.597,0.0,2.0533,536.9836,0.7573,3.2456,1.3978,0.319,2.3218,0.0783,1.8675,0.222,8.8054,2.431,19.8525,0.1403,2.3187,0.4492,4.5384,0.8781,79.58,34.6093,0.0674,12.6627,42.0499,631.9936,10.9801,54.6099,7.47,408.3987,39.065,0.1617,0.9964,1.3911,12.6489,0.9207,0.3569,0.38,0.2448,0.3799,66.2641,1.2735,2.5609,83.8767,-1,2008-10-15 00:47:00
10.667,6.4652,17.33,0.0134,4.8346,3.157,3.3960000000000004,0.0,1.8391,535.9345,0.7743,2.2553,2.1426,0.4295,3.3238,0.0378,2.2444,0.2394,8.8331,4.891,33.8967,0.1211,2.2535,0.8348,6.6618,0.6402,75.34,61.0329,0.0822,12.5061,31.8091,634.87,22.2436,19.2616,6.35,91.0584,38.4408,0.16,1.001,1.1849,8.6883,0.9187,0.2679,0.3935,0.3261,0.3935,66.0106,2.8878,2.2925,99.6356,-1,2008-10-15 01:52:00
18.1222,4.1859,6.401,0.0185,4.6088,3.259,3.051,0.0,2.4036,537.1318,0.84,1.835,0.6799,0.3167,5.8358,0.0333,2.2109,0.4007,9.2189,4.775,28.4314,0.1333,2.2453,0.8019,2.5593,0.6595,77.7,26.5137,0.1483,12.4814,40.0,630.4273,20.4838,43.4013,8.44,187.2974,39.983,0.1525,0.9965,1.5713,65.7172,0.92,0.284,0.4214,0.2785,0.4214,66.0288,2.6314,2.8748,104.5867,-1,2008-10-15 01:52:00
17.8379,4.6571,11.6176,0.0117,5.0152,3.5780000000000003,2.741,0.0,1.8497,537.9264,0.3668,1.835,1.3978,0.2527,5.8358,0.0334,2.1814,0.3891,8.7786,2.431,32.7695,0.1277,2.3187,0.4492,4.5384,0.8781,80.45,61.5936,0.1213,12.4343,36.0287,627.23,20.4838,43.4013,5.48,187.2974,39.065,0.0798,0.9964,1.0187,65.7172,0.92,0.3858,0.1841,0.3206,0.1841,66.2251,2.6314,1.9077,104.5867,-1,2008-10-15 01:52:00
11.8876,7.1862,6.401,0.0177,4.6088,3.259,2.705,0.0,1.9827,536.9836,0.6149,3.0239,0.6799,0.1976,1.5228,0.0324,1.8675,0.222,9.4749,4.775,30.4711,0.1448,2.2453,0.8019,2.5593,0.6595,79.79,52.1827,0.0674,12.6088,49.0296,628.86,11.5578,48.2835,7.47,579.7196,39.983,0.1314,0.9965,1.3911,21.0501,0.9202,0.1196,0.3123,0.3237,0.3123,65.8154,1.4864,2.5609,82.2467,-1,2008-10-15 02:40:00
12.833,5.0724,11.6176,0.0243,5.0152,3.5780000000000003,3.128,0.0,3.2818,534.3264,0.653,2.7627,1.3978,0.4245,3.3453,0.0336,1.5887,0.2039,8.7326,2.431,25.9834,0.1263,2.3187,0.4492,4.5384,0.8781,78.98,69.9837,0.054,12.4933,38.7824,631.0609,22.8939,18.888,5.4,227.3199,39.065,0.1306,0.9964,1.0106,12.6007,0.9205,0.3498,0.3306,0.2818,0.3306,66.2215,2.8243,1.8036,97.2189,-1,2008-10-15 02:40:00
16.4099,9.6984,10.7222,0.0176,6.553,3.398,3.5589999999999997,0.0,2.0709,530.3364,0.7094,2.0866,1.2833,0.2763,3.5484,0.0892,2.3002,0.3775,8.6695,2.398,24.2974,0.1346,2.2732,0.4108,3.971,0.8741,79.21,85.3122,0.1105,12.5547,244.2748,613.7882,20.4407,66.4854,10.03,131.3385,37.0354,0.1556,1.0,1.8913,8.9332,0.9337,0.2142,0.3562,0.341,0.3562,66.2322,2.4361,2.9335,94.6522,1,2008-10-15 02:42:00
13.0533,6.9496,6.401,0.0151,4.6088,3.259,2.8080000000000003,0.0,1.8249,529.31,0.8371,2.7627,0.6799,0.2676,3.3453,0.1005,2.286,0.2984,9.152,4.775,30.5276,0.1313,2.2453,0.8019,2.5593,0.6595,78.21,122.9917,0.1061,12.6037,55.81399999999999,615.53,22.8939,38.5903,7.62,227.3199,39.983,0.1604,0.9965,1.4396,12.6007,0.9306,0.3314,0.4197,0.3174,0.4196,66.0632,2.8243,2.5652,97.2189,-1,2008-10-15 03:24:00
12.293,5.7777,11.0135,0.0135,6.3715,3.451,2.597,0.0,1.9313,536.0709,0.7573,3.2456,1.2835,0.319,2.3218,0.0336,2.1472,0.264,8.8054,3.403,27.9451,0.1347,2.3301,0.5353,4.2447,0.8705,79.58,122.9917,0.076,12.4267,32.4662,631.1782,10.9801,18.888,8.3701,408.3987,38.5409,0.1617,0.9987,1.5614,12.6489,0.9205,0.3569,0.38,0.2448,0.3799,66.2641,1.2735,2.9583,83.8767,-1,2008-10-15 04:08:00
21.7713,5.3484,14.0018,0.0196,8.1977,3.795,1.4269999999999998,0.0,3.1919,532.1618,0.6004,1.7918,2.01,0.3147,3.2618,0.1104,2.1401,0.4659,8.7164,2.175,25.6961,0.1341,2.3367,0.4169,5.4799,0.8667,81.21,88.1365,0.1286,12.5318,47.0588,620.3473,22.1723,32.5471,7.11,150.3231,39.1371,0.1205,0.9979,1.3361,8.8588,0.9317,0.1319,0.3017,0.2561,0.3017,66.2013,2.5718,2.4357,103.9611,-1,2008-10-15 05:13:00
11.8876,7.2043,7.7788,0.0127,4.8083,3.179,2.2430000000000003,0.0,1.9365,536.9836,0.4034,2.8455,1.1947,0.2401,0.9717,0.0272,1.8675,0.222,8.6024,4.7219999999999995,30.1905,0.1318,2.2544,0.7753,3.4701,0.6153,79.8,185.8369,0.0674,12.3937,42.0438,630.4873,10.2681,24.6378,7.47,210.2224,44.6095,0.0749,0.9975,1.3911,22.581,0.9097,0.1166,0.2034,0.2674,0.2034,65.9525,1.1064,2.5609,85.4189,-1,2008-10-15 05:16:00
11.8247,7.3228,5.638,0.0252,3.595,3.325,5.129,0.0,2.4175,526.2355,0.931,2.7627,1.2929,0.1192,3.3453,0.0272,2.1114,0.2497,8.3271,4.635,35.1566,0.1289,2.2785,0.7813,3.6156,0.4199,8.828,185.8369,0.0728,12.4096,26.2741,623.85,22.8939,38.5903,8.15,227.3199,64.1287,0.1689999999999999,0.9979,1.5487,12.6007,0.9097,0.4351,0.4718,0.3404,0.4718,65.9364,2.8243,2.8447,97.2189,-1,2008-10-15 06:49:00
12.833,4.6677,5.638,0.0165,3.595,3.325,4.155,0.0,1.9313,534.3264,0.3765,1.835,1.2929,0.1543,5.8358,0.079,1.5887,0.2039,7.6032,4.635,25.8775,0.1413,2.2785,0.7813,3.6156,0.4199,80.85,37.2277,0.054,12.4267,47.6089,632.3645,20.4838,29.8161,5.4,187.2974,64.1287,0.087,0.9979,1.0106,65.7172,0.9304,0.6908,0.2214,0.3798,0.2214,66.396,2.6314,1.8036,104.5867,-1,2008-10-15 07:36:00
22.9183,3.9068,5.638,0.0143,3.595,3.325,5.129,0.0,1.6146,528.7918,0.931,1.3259,1.2929,0.1192,3.6377,0.1051,2.0831,0.4774,8.3271,4.635,29.6804,0.1378,2.2785,0.7813,3.6156,0.4199,8.828,37.2277,0.1495,12.3869,39.9202,623.6127,21.9471,54.6099,6.81,96.0422,64.1287,0.1689999999999999,0.9979,1.2878,14.0551,0.9332,0.4351,0.4718,0.3404,0.4718,65.9364,2.7563,2.2727,97.1556,-1,2008-10-15 07:55:00
22.9183,6.2289,5.638,0.0115,3.595,3.325,3.051,0.0,1.8431,528.7918,0.84,3.2456,1.2929,0.3167,2.3218,0.0378,2.0831,0.4774,9.2189,4.635,29.1744,0.1452,2.2785,0.7813,3.6156,0.4199,77.7,149.8127,0.1495,12.479,30.8582,636.8,10.9801,54.6099,6.81,408.3987,64.1287,0.1525,0.9979,1.2878,12.6489,0.9187,0.284,0.4214,0.2785,0.4214,66.0288,1.2735,2.2727,83.8767,-1,2008-10-15 08:21:00
21.7713,5.5992,6.401,0.0189,4.6088,3.259,3.074,0.0,1.9365,532.1618,0.5299,3.0239,0.6799,0.2881,1.5228,0.0329,2.1401,0.4659,8.7552,4.775,19.1247,0.1329,2.2453,0.8019,2.5593,0.6595,78.72,70.2425,0.1286,12.3937,55.0206,622.2318,11.5578,32.3812,7.11,579.7196,39.983,0.1039,0.9965,1.3361,21.0501,0.9082,0.377,0.2656,0.2586,0.2656,66.2133,1.4864,2.4357,82.2467,-1,2008-10-15 09:11:00
9.5747,5.9787,5.0447,0.0193,3.9965,3.1689999999999996,2.34,0.0,1.854,532.7627,0.506,2.2199,0.8686,0.2452,3.0962,0.0769,2.2678,0.2171,8.4768,4.678,27.5901,0.1292,2.2869,0.7567,2.1538,0.5922,81.63,70.2425,0.0698,12.4055,21.646,631.3536,20.6799,57.0019,7.5,103.283,42.6942,0.0949,0.9985,1.4078,12.3273,0.9312,0.2014,0.255,0.2155,0.255,65.9402,2.5029,2.5324,101.3511,-1,2008-10-15 10:00:00
21.7713,4.4714,10.6207,0.0108,6.176,3.381,2.478,0.0,1.9761,532.1618,0.6347,2.135,1.315,0.126,3.2163,0.1104,2.1401,0.4659,9.065,4.6819999999999995,29.5672,0.1292,2.2604,0.8266,4.1069,0.655,77.37,138.3371,0.1286,12.651,35.9788,617.4818,22.5564,32.1048,7.11,119.0491,38.6689,0.1304,0.9973,1.3361,11.0484,0.9317,0.2657,0.3182,0.2498,0.3182,66.0862,2.9214,2.4357,98.7978,-1,2008-10-15 12:53:00
22.9183,5.1526,6.401,0.0169,4.6088,3.259,2.5860000000000003,0.0,1.8564,528.7918,0.5232,1.835,0.6799,0.2677,5.8358,0.1051,2.0831,0.4774,8.7512,4.775,30.0506,0.1319,2.2453,0.8019,2.5593,0.6595,79.55,207.2955,0.1495,12.3896,43.2184,621.7491,20.4838,54.6099,6.81,187.2974,39.983,0.1168,0.9965,1.2878,65.7172,0.9332,0.3098,0.263,0.242,0.2631,66.1116,2.6314,2.2727,104.5867,-1,2008-10-15 13:14:00
17.8379,2.7756,8.8823,0.0247,3.8148,3.2089999999999996,2.585,0.0,2.3169,537.9264,0.5931,3.0932,1.2159,0.1924,1.5137,0.0786,2.1814,0.3891,9.7137,4.936,26.6318,0.1378,2.2868,0.8258,3.7838,0.5887,81.46,207.2955,0.1213,12.5169,32.7185,633.6291,11.2702,24.6378,5.48,351.8564,42.5992,0.1178,0.9957,1.0187,14.4725,0.9303,0.299,0.3016,0.31,0.3016,66.3288,1.2873,1.9077,83.8222,-1,2008-10-15 13:16:00
12.6242,5.7777,10.6207,0.0195,6.176,3.381,2.8080000000000003,0.0,3.4496,538.5645,0.8371,1.4895,1.315,0.2676,5.0573,0.0786,2.3008,0.2905,9.152,4.6819999999999995,21.1738,0.1337,2.2604,0.8266,4.1069,0.655,78.21,207.2955,0.0865,12.4653,29.8795,634.6945,18.9314,48.9498,4.84,66.3558,38.6689,0.1604,0.9973,0.8987,64.058,0.9303,0.3314,0.4197,0.3174,0.4196,66.0632,2.4577,1.7648,114.5856,-1,2008-10-15 14:08:00
15.7946,4.1392,10.6207,0.0158,6.176,3.381,4.5969999999999995,0.0,2.3169,532.9918,0.8663,1.9767,1.315,0.3925,5.0684,0.0829,2.0745,0.3277,9.004,4.6819999999999995,30.4731,0.1302,2.2604,0.8266,4.1069,0.655,12.77,337.912,0.1037,12.5169,32.4723,632.1718,20.608,42.3007,8.52,50.0249,38.6689,0.1737,0.9973,1.5985,46.7471,0.9306,0.2098,0.4344,0.2828,0.4344,66.0271,2.5558,3.0747,123.41,-1,2008-10-15 15:11:00
8.1919,5.0366,10.6207,0.0145,6.176,3.381,2.299,0.0,1.854,534.02,0.5994,1.835,1.315,0.2656,5.8358,0.0769,2.1718,0.1779,8.4597,4.6819999999999995,26.6434,0.1298,2.2604,0.8266,4.1069,0.655,80.95,48.7045,0.0649,12.4055,27.0153,632.7446,20.4838,29.8161,7.35,187.2974,38.6689,0.1269,0.9973,1.3764,65.7172,0.9312,0.3229999999999999,0.3036,0.2047,0.3036,65.9528,2.6314,2.5999,104.5867,-1,2008-10-15 16:24:00
8.7554,4.7977,10.6207,0.0148,6.176,3.381,2.8510000000000004,0.0,1.9761,525.2427,0.4172,1.3259,1.315,0.3068,3.6377,0.0324,2.1327,0.1867,8.5615,4.6819999999999995,28.8298,0.1211,2.2604,0.8266,4.1069,0.655,78.7,48.7045,0.0525,12.651,61.0086,628.4473,21.9471,29.8161,10.19,96.0422,38.6689,0.0907,0.9973,1.9401,14.0551,0.9202,0.4167,0.2113,0.3073,0.2113,66.0124,2.7563,3.5335,97.1556,-1,2008-10-15 17:19:00
26.7805,4.9008,8.8823,0.0175,3.8148,3.2089999999999996,2.398,0.0,3.2172,533.7318,0.7234,1.835,1.2159,0.4167,5.8358,0.09,2.0706,0.5545,8.5529,4.936,27.4139,0.1336,2.2868,0.8258,3.7838,0.5887,79.56,48.7045,0.1948,12.4333,38.934,628.1718,20.4838,54.6099,8.13,187.2974,42.5992,0.1454,0.9957,1.5232,65.7172,0.9317,0.1769,0.3649,0.2298,0.3649,65.8836,2.6314,2.8606,104.5867,-1,2008-10-15 18:16:00
22.9183,5.9175,10.6207,0.0144,6.176,3.381,2.87,0.0,1.8564,528.7918,0.5641,2.7627,1.315,0.3409,3.3453,0.0378,2.0831,0.4774,8.947000000000001,4.6819999999999995,31.4736,0.1333,2.2604,0.8266,4.1069,0.655,79.28,47.3376,0.1495,12.3896,36.036,638.4136,22.8939,38.5903,6.81,227.3199,38.6689,0.1251,0.9973,1.2878,12.6007,0.9187,0.4401,0.2832,0.268,0.2831,65.9674,2.8243,2.2727,97.2189,-1,2008-10-15 19:15:00
67.4386,4.936,10.6207,0.0118,6.176,3.381,5.129,0.0,1.9109,569.9964,0.931,2.8455,1.315,0.1192,0.9717,0.1009999999999999,1.7961,1.2113,8.3271,4.6819999999999995,17.7128,0.1185,2.2604,0.8266,4.1069,0.655,8.828,47.3376,0.3247,12.5596,45.3001,620.01,10.2681,18.9966,441.92,210.2224,38.6689,0.1689999999999999,0.9973,77.5303,22.581,0.9337,0.4351,0.4718,0.3404,0.4718,65.9364,1.1064,132.4894,85.4189,-1,2008-10-15 19:24:00
25.276,7.1516,10.6207,0.0163,6.176,3.381,2.7910000000000004,0.0,2.0533,525.6127,0.6584,3.2456,1.315,0.4323,2.3218,0.0312,2.0059,0.507,8.7609,4.6819999999999995,23.5333,0.1301,2.2604,0.8266,4.1069,0.655,80.67,67.6676,0.1483,12.6627,49.3827,618.04,10.9801,18.888,10.25,408.3987,38.6689,0.1422,0.9973,1.9501,12.6489,0.9186,0.33,0.3335,0.3264,0.3334,66.1478,1.2735,3.5239999999999996,83.8767,-1,2008-10-15 21:44:00
11.8247,6.16,10.6207,0.0103,6.176,3.381,3.131,0.0,2.2927,526.2355,0.6462,1.8095,1.315,0.2679,4.9605,0.0324,2.1114,0.2497,8.3267,4.6819999999999995,28.4535,0.1453,2.2604,0.8266,4.1069,0.655,80.78,23.5979,0.0728,12.649,46.3768,630.0127,19.7512,18.9966,8.15,75.5601,38.6689,0.1225,0.9973,1.5487,52.1217,0.9202,0.251,0.327,0.3537,0.327,66.0377,2.3728,2.8447,114.5533,-1,2008-10-15 22:45:00
22.006,3.5974,5.3813,0.0136,7.5116,3.726,1.989,0.0,2.5767,532.2627,0.5969,1.46,0.7168,0.3883,5.8361,0.0818,2.1154,0.4655,8.6382,2.032,19.1895,0.1311,2.3124,0.38,2.3226,0.8722,83.34,121.9426,0.1383,12.4192,41.5902,614.7836,23.0911,59.5232,10.15,69.6742,43.161,0.1258,1.001,1.907,39.0112,0.9322,0.3027,0.3042,0.3467,0.3042,65.9456,3.176,3.6284,119.8822,-1,2008-10-15 22:54:00
11.6285,3.4727,5.3813,0.0109,7.5116,3.726,1.989,0.0,2.5767,533.0909,0.5969,1.46,0.7168,0.3883,5.8361,0.0849,2.3195,0.2697,8.6382,2.032,18.4428,0.1369999999999999,2.3124,0.38,2.3226,0.8722,83.34,50.8827,0.084,12.4192,25.6,620.88,23.0911,59.5232,10.72,69.6742,43.161,0.1258,1.001,2.0109,39.0112,0.9337,0.3027,0.3042,0.3467,0.3042,65.9456,3.176,3.4073,119.8822,-1,2008-10-15 23:00:00
22.006,2.8136,5.3813,0.0192,7.5116,3.726,1.989,0.0,2.5767,532.2627,0.5969,1.46,0.7168,0.3883,5.8361,0.0818,2.1154,0.4655,8.6382,2.032,20.2216,0.1369999999999999,2.3124,0.38,2.3226,0.8722,83.34,72.9676,0.1383,12.4192,23.221,614.1336,23.0911,59.5232,10.15,69.6742,43.161,0.1258,1.001,1.907,39.0112,0.9322,0.3027,0.3042,0.3467,0.3042,65.9456,3.176,3.6284,119.8822,-1,2008-10-15 23:45:00
14.8024,4.1743,8.0758,0.0165,4.3682,3.135,2.863,0.0,1.852,529.3845,0.7563,0.8103,1.0918,0.2366,5.6827,0.1002,2.3706,0.3509,8.1728,4.947,21.7822,0.1347,2.2886,0.8012,3.3907,0.5768,82.03,402.6874,0.1212,12.4192,44.0831,627.4054,24.1431,13.0316,8.72,70.9625,41.986,0.1473,0.9975,1.6472,37.7125,0.9337,0.6701,0.3852,0.3302,0.3852,65.8936,3.0142,2.8049,113.8833,-1,2008-10-16 02:16:00
17.7267,5.0766,8.0758,0.0249,4.3682,3.135,2.863,0.0,2.3283,530.3709,0.7563,0.8103,1.0918,0.2366,5.6827,0.0706,2.3435,0.4154,8.1728,4.947,29.9794,0.1272,2.2886,0.8012,3.3907,0.5768,82.03,105.7142,0.1352,12.4555,37.684,612.6909,24.1431,13.0316,6.49,70.9625,41.986,0.1473,0.9975,1.2237,37.7125,0.9353,0.6701,0.3852,0.3302,0.3852,65.8936,3.0142,2.176,113.8833,-1,2008-10-16 02:16:00
21.7713,6.6138,8.8823,0.016,3.8148,3.2089999999999996,1.4269999999999998,0.0,1.9827,532.1618,0.6004,3.0932,1.2159,0.3147,1.5137,0.1104,2.1401,0.4659,8.7164,4.936,24.9562,0.1341,2.2868,0.8258,3.7838,0.5887,81.21,36.2975,0.1286,12.6088,30.0107,623.2209,11.2702,24.6378,7.11,351.8564,42.5992,0.1205,0.9957,1.3361,14.4725,0.9317,0.1319,0.3017,0.2561,0.3017,66.2013,1.2873,2.4357,83.8222,-1,2008-10-16 02:17:00
16.2833,5.7415,8.0758,0.0171,4.3682,3.135,2.863,0.0,1.9827,527.8955,0.7563,0.6033,1.0918,0.2366,5.4282,0.1002,2.3099,0.3761,8.1728,4.947,23.5939,0.1346,2.2886,0.8012,3.3907,0.5768,82.03,88.5812,0.0984,12.6092,35.094,632.7573,24.2088,31.5689,9.66,52.3825,41.986,0.1473,0.9975,1.8299,40.9747,0.9337,0.6701,0.3852,0.3302,0.3852,65.8936,3.358,3.3632,113.4278,-1,2008-10-16 02:22:00
16.4543,4.3431,9.8289,0.0117,4.5876,3.037,3.244,0.0,1.5942,534.5864,0.5521,1.8942,1.3627,0.34,1.6199,0.0832,1.8987,0.3124,13.5481,4.749,30.6875,0.1301,2.2555,0.8223,4.3794,0.6102,80.27,88.5812,0.0959,12.5453,31.7101,621.6791,9.8886,21.4914,7.46,193.5995,44.5565,0.1124,0.9977,1.3955,11.62,0.9327,0.1137,0.2769,0.3687,0.2769,66.4257,1.0021,2.6462,85.1011,-1,2008-10-16 02:55:00
21.7713,4.9841,8.8823,0.0178,3.8148,3.2089999999999996,2.799,0.0,2.7939999999999996,532.1618,0.6675,1.8942,1.2159,0.1495,1.6199,0.0329,2.1401,0.4659,8.9605,4.936,20.6576,0.1343,2.2868,0.8258,3.7838,0.5887,79.09,27.5514,0.1286,12.5269,42.1053,625.0282,9.8886,21.4914,7.11,193.5995,42.5992,0.1284,0.9957,1.3361,11.62,0.9082,0.4081,0.3349,0.2954,0.3349,66.0683,1.0021,2.4357,85.1011,-1,2008-10-16 03:56:00
21.7713,3.4776,8.0758,0.0157,4.3682,3.135,3.074,0.0,3.1919,532.1618,0.5299,2.3376,1.0918,0.2881,4.9562,0.0312,2.1401,0.4659,8.7552,4.947,24.1042,0.1337,2.2886,0.8012,3.3907,0.5768,78.72,30.7574,0.1286,12.5318,36.715,618.22,19.6599,32.2873,7.11,15.5828,41.986,0.1039,0.9975,1.3361,69.1948,0.9186,0.377,0.2656,0.2586,0.2656,66.2133,2.4946,2.4357,123.4244,-1,2008-10-16 04:02:00
16.9589,5.6591,10.5805,0.0111,7.6319,3.805,2.759,0.0,1.4455,532.4527,0.5649,2.5095,1.6184,0.3765,4.1575,0.1051,1.9857,0.3368,8.1605,1.671,20.9574,0.1305,2.2877,0.3161,4.5432,0.8712,84.56,247.6285,0.1016,12.452,40.0932,611.8573,22.3104,27.9814,5.83,105.8979,42.9394,0.1203,1.0,1.0949,10.7941,0.9332,0.0873,0.2893,0.3621,0.2893,66.3805,2.5284,2.077,96.31,-1,2008-10-16 04:02:00
22.006,4.0832,5.3813,0.0126,7.5116,3.726,2.338,0.0,2.5767,532.2627,0.5293,1.46,0.7168,0.3039,5.8361,0.0818,2.1154,0.4655,8.5494,2.032,21.0159,0.1369999999999999,2.3124,0.38,2.3226,0.8722,81.95,134.3983,0.1383,12.4192,37.4312,618.2018,23.0911,59.5232,10.15,69.6742,43.161,0.1093,1.001,1.907,39.0112,0.9322,0.168,0.2698,0.3154,0.2698,65.9044,3.176,3.6284,119.8822,-1,2008-10-16 04:04:00
17.8379,3.3971,10.5805,0.0138,7.6319,3.805,2.5860000000000003,0.0,1.9907,537.9264,0.5232,0.9259,1.6184,0.2677,5.3505,0.0975,2.1814,0.3891,8.7512,1.671,21.0974,0.1292,2.2877,0.3161,4.5432,0.8712,79.55,117.0945,0.1213,12.5582,46.022,616.4936,21.8023,30.0409,5.48,109.2936,42.9394,0.1168,1.0,1.0187,55.1993,0.9295,0.3098,0.263,0.242,0.2631,66.1116,2.6391,1.9077,112.2922,-1,2008-10-16 04:47:00
19.059,5.7891,10.5805,0.013,7.6319,3.805,3.051,0.0,1.8249,537.0846,0.84,2.1656,1.6184,0.3167,4.3564,0.0333,2.1754,0.4146,9.2189,1.671,29.9103,0.13,2.2877,0.3161,4.5432,0.8712,77.7,184.8703,0.143,12.6037,21.9931,628.8845,18.8576,21.4914,7.28,107.0955,42.9394,0.1525,1.0,1.3555,58.2515,0.92,0.284,0.4214,0.2785,0.4214,66.0288,2.3565,2.7342,108.14,-1,2008-10-16 04:50:00
15.5905,4.3482,8.0758,0.0158,4.3682,3.135,2.478,0.0,1.8345,531.96,0.6347,3.0239,1.0918,0.126,1.5228,0.1104,1.8347,0.286,9.065,4.947,29.508000000000003,0.1309,2.2886,0.8012,3.3907,0.5768,77.37,46.1076,0.0927,12.5373,46.6586,620.1464,11.5578,32.3812,12.7,579.7196,41.986,0.1304,0.9975,2.3874,21.0501,0.9317,0.2657,0.3182,0.2498,0.3182,66.0862,1.4864,4.465,82.2467,-1,2008-10-16 04:54:00
12.833,2.6068,10.5805,0.0132,7.6319,3.805,3.131,0.0,3.2818,534.3264,0.6462,2.6329,1.6184,0.2679,1.596,0.0975,1.5887,0.2039,8.3267,1.671,23.9783,0.1453,2.2877,0.3161,4.5432,0.8712,80.78,26.733,0.054,12.4933,55.4855,622.6355,8.6512,38.5903,5.4,249.8802,42.9394,0.1225,1.0,1.0106,17.6584,0.9295,0.251,0.327,0.3537,0.327,66.0377,0.9828,1.8036,83.17,-1,2008-10-16 05:08:00
23.4054,3.6369,9.8289,0.013,4.5876,3.037,2.229,0.0,2.4922,532.17,0.6402,2.2199,1.3627,0.4127,3.0962,0.09,2.151,0.5035,8.4509,4.749,17.8357,0.1296,2.2555,0.8223,4.3794,0.6102,81.29,176.6783,0.1463,12.4386,44.9761,625.6173,20.6799,57.0019,9.16,103.283,44.5565,0.1229,0.9977,1.7213,12.3273,0.9317,0.2812,0.3231,0.2303,0.3231,65.9248,2.5029,3.1634,101.3511,-1,2008-10-16 05:13:00
22.9183,5.9387,9.8289,0.0157,4.5876,3.037,2.741,0.0,1.8249,528.7918,0.3668,2.2199,1.3627,0.2527,3.0962,0.0378,2.0831,0.4774,8.7786,4.749,29.0235,0.1366,2.2555,0.8223,4.3794,0.6102,80.45,117.4564,0.1495,12.6037,88.6747,630.3955,20.6799,57.0019,6.81,103.283,44.5565,0.0798,0.9977,1.2878,12.3273,0.9187,0.3858,0.1841,0.3206,0.1841,66.2251,2.5029,2.2727,101.3511,-1,2008-10-16 05:44:00
20.5512,2.4138,9.8289,0.0155,4.5876,3.037,3.1830000000000003,0.0,2.0945,536.5927,0.5645,2.7188,1.3627,0.2602,1.2157,0.0805,2.1566,0.4432,8.436,4.749,23.4619,0.1354,2.2555,0.8223,4.3794,0.6102,83.24,127.3154,0.1331,12.4137,49.9452,631.3109,10.566,32.5471,6.82,160.5689,44.5565,0.1183,0.9977,1.271,27.0254,0.9305,0.1054,0.2885,0.3775,0.2886,66.4827,1.234,2.3058,86.1089,-1,2008-10-16 05:58:00
15.635,3.6709,9.4593,0.0118,5.9201,3.195,2.863,0.0,1.9827,527.9364,0.7563,0.6033,1.2397,0.2366,5.4282,0.1002,2.3919,0.374,8.1728,3.877,21.6323,0.1265,2.3124,0.6539,3.7035,0.75875,82.03,46.4573,0.1043,12.6092,38.2022,630.3291,24.2088,33.7121,9.69,52.3825,38.9026,0.1473,0.99775,1.8354,40.9747,0.9337,0.6701,0.3852,0.3302,0.3852,65.8936,3.358,3.2754,113.4278,-1,2008-10-16 15:02:00
11.7256,4.4358,8.0758,0.0143,4.3682,3.135,1.4269999999999998,0.0,1.8345,536.3418,0.6004,3.0239,1.0918,0.3147,1.5228,0.0315,2.0153,0.2363,8.7164,4.947,22.4678,0.1309,2.2886,0.8012,3.3907,0.5768,81.21,203.172,0.0785,12.5373,53.1915,627.11,11.5578,32.3812,7.98,579.7196,41.986,0.1205,0.9975,1.4879,21.0501,0.9204,0.1319,0.3017,0.2561,0.3017,66.2013,1.4864,2.6401,82.2467,-1,2008-10-16 15:13:00
17.8379,6.5896,10.5805,0.0131,7.6319,3.805,2.945,0.0,2.2577,537.9264,0.9383,2.1731,1.6184,0.1252,3.2376,0.0782,2.1814,0.3891,8.9607,1.671,31.4027,0.1371,2.2877,0.3161,4.5432,0.8712,79.43,203.172,0.1213,12.402,29.4372,622.1318,21.7504,32.1048,5.48,110.6014,42.9394,0.187,1.0,1.0187,12.7651,0.9255,0.3443,0.4711,0.2686,0.4711,66.1488,2.6927,1.9077,98.4689,-1,2008-10-16 20:49:00
17.7267,3.4878,9.4593,0.0153,5.9201,3.195,2.863,0.0,2.3283,530.3709,0.7563,2.1398,1.2397,0.2366,3.5585,0.0706,2.3435,0.4154,8.1728,3.877,25.8939,0.1326,2.3124,0.6539,3.7035,0.75875,82.03,43.5231,0.1352,12.4555,54.833,617.38,26.3203,13.0316,6.49,113.9332,38.9026,0.1473,0.99775,1.2237,12.9988,0.9353,0.6701,0.3852,0.3302,0.3852,65.8936,3.3268,2.176,99.4122,-1,2008-10-17 05:26:00
19.2104,7.6907,10.6207,0.0178,6.176,3.381,2.0669999999999997,0.0,1.9365,534.3936,0.568,2.135,1.315,0.349,3.2163,0.0783,1.9098,0.3669,9.193,4.6819999999999995,20.4223,0.1369,2.2604,0.8266,4.1069,0.655,81.13,93.4941,0.104,12.3937,78.4993,632.1418,22.5564,18.9966,9.13,119.0491,38.6689,0.1296,0.9973,1.7085,11.0484,0.9207,0.2279,0.2877,0.2679,0.2877,66.2301,2.9214,3.2524,98.7978,-1,2008-10-17 06:01:00
22.9183,9.7475,9.4593,0.0181,5.9201,3.195,2.741,0.0,1.8431,528.7918,0.3668,1.8942,1.2397,0.2527,1.6199,0.0378,2.0831,0.4774,8.7786,3.877,23.3129,0.1362,2.3124,0.6539,3.7035,0.75875,80.45,137.7844,0.1495,12.479,75.8621,633.1973,9.8886,21.4914,6.81,193.5995,38.9026,0.0798,0.99775,1.2878,11.62,0.9187,0.3858,0.1841,0.3206,0.1841,66.2251,1.0021,2.2727,85.1011,-1,2008-10-17 06:07:00
